#{"t_start": 1779736514.126843, "env_id": "PandaPush-v3"}
r,l,t
-2.678545,50,2.499415
-5.76134,50,2.640006
-0.592259,12,2.671249
-6.515932,50,2.811841
-5.875681,50,2.952434
-4.866447,50,3.093025
-0.042935,1,3.093025
-5.540918,50,3.233616
-0.032769,1,3.249242
-5.154912,50,3.389829
-0.04375,1,3.389829
-0.044587,1,3.389829
-3.81021,50,3.546044
-0.031836,1,3.546044
-0.037508,1,3.546044
-3.397492,50,3.686636
-5.325781,50,3.827228
-4.579255,50,3.98344
-4.407772,50,4.124031
-6.382402,50,4.280284
-1.757614,27,4.373974
-0.043348,1,4.373974
-5.345934,50,4.514567
-4.150577,50,4.655159
-10.142025,50,4.795783
-0.028305,1,4.795783
-4.50664,50,4.951963
-0.005873,1,4.951963
-0.049906,1,4.951963
-5.787513,50,5.092554
-6.337622,50,5.233145
-6.031315,50,6.264159
-5.888837,50,7.342036
-3.228964,50,8.388658
-6.034924,50,9.466529
-0.013851,1,9.482151
-9.964845,50,10.575647
-5.198821,50,11.669135
-2.581641,50,12.793886
-5.517944,50,13.793638
-0.034113,1,13.824892
-0.049807,1,13.856122
-4.751377,50,14.871512
-0.0457,1,14.90275
-3.154484,50,15.980626
-1.355368,21,16.402401
-4.773585,50,17.480272
-3.608927,50,18.589387
-4.204301,50,19.667259
-3.336466,50,20.760754
-5.725309,50,21.823007
-2.727975,50,22.947772
-5.798327,50,24.041234
-6.32032,50,25.103482
-4.766236,50,26.181356
-6.238262,50,27.227986
-3.815535,50,28.321479
-5.282933,50,29.399348
-4.91882,50,30.524083
-6.255211,50,31.61758
-4.405863,50,32.757933
-4.743795,50,33.851426
-4.233679,50,34.944922
-3.157631,50,36.132143
-4.117565,50,37.194396
-8.817933,50,38.334753
-4.866919,50,39.412621
-3.568775,50,40.490492
-0.025681,1,40.506114
-4.275671,50,41.599607
-3.415222,50,42.708722
-4.700821,50,43.833457
-3.745021,50,44.88009
-4.9316,50,46.004823
-6.053576,50,47.113936
-0.026826,1,47.129558
-2.516228,50,48.238675
-0.008066,1,48.269914
-4.147208,50,49.37903
-3.082913,50,50.425659
-5.611393,50,51.50353
-3.139604,50,52.565801
-4.417616,50,53.674896
-3.552135,50,54.737149
-5.68462,50,55.815022
-3.854129,50,56.89289
-3.562847,50,57.95514
-2.372525,35,58.704998
-0.032109,1,58.751828
-3.439043,44,59.751594
-4.284288,50,60.876365
-5.910504,50,61.985446
-3.522017,50,63.094557
-4.739784,50,64.219298
-4.147267,50,65.344037
-2.882624,50,66.40628
-4.122253,50,67.515426
-4.26997,50,68.640131
-0.023026,1,68.655753
-4.710914,50,69.81173
-4.056399,50,70.873981
-0.044493,1,70.889602
-3.149073,50,71.951856
-3.611683,50,73.04535
-0.361133,7,73.217181
-17.06714,50,74.326294
-4.769222,50,75.404171
-3.989544,50,76.513281
-2.609038,50,77.669271
-0.04444,1,77.700502
-5.360447,50,78.762753
-11.675781,50,79.825004
-2.947364,50,80.887255
-4.913075,50,82.011989
-2.613472,50,83.105486
-4.959988,50,84.183356
-5.033076,50,85.261231
-9.265606,50,86.339102
-4.090466,50,87.526326
-4.314615,50,88.963484
-3.327792,50,90.088219
-8.768559,50,91.212955
-3.190007,50,92.322068
-3.955191,50,93.353077
-3.65413,50,94.46219
-4.74387,50,95.586928
-0.015183,1,95.618172
-5.400679,50,96.727284
-4.770706,50,97.836398
-3.256906,50,98.88306
-6.688743,50,99.960898
-5.240868,50,101.054393
-4.822098,50,102.179132
-8.355988,50,103.272621
-6.398597,50,104.288011
-5.444794,50,105.662683
-4.175165,50,107.068445
-5.270305,50,108.474365
-5.894476,50,109.958394
-4.101562,50,111.583012
-2.749247,50,112.709383
-7.565001,50,113.771627
-3.120182,50,114.849499
-0.030349,1,114.880749
-0.042397,1,114.912005
-0.008449,1,114.943227
-3.336837,50,116.005481
-5.615479,50,117.130211
-3.42455,50,118.145599
-0.048585,1,118.176842
-4.039912,50,119.254715
-0.030288,1,119.285955
-4.507223,50,120.34821
-5.457994,50,121.472945
-3.310886,50,122.582059
-3.263921,50,123.706793
-3.155919,50,124.878396
-4.280111,50,125.940646
-15.954938,50,127.034137
-0.04593,1,127.06538
-0.031776,1,127.112242
-0.039898,1,127.127863
-0.025376,1,127.159106
-0.036858,1,127.174728
-0.024255,1,127.205972
-0.026872,1,127.237213
-3.505197,50,128.252605
-5.794598,50,129.31485
-4.880545,50,130.408342
-8.268429,50,131.470596
-0.021005,1,131.486216
-2.940244,50,132.626573
-2.801485,50,133.720067
-3.765054,50,134.876045
-6.032377,50,135.907056
-2.859835,50,137.016168
-0.043566,1,137.04741
-4.306345,50,138.156523
-4.594892,50,139.187533
-26.372262,50,140.265403
-4.117896,50,141.34328
-0.048306,1,141.374517
-3.181454,50,142.421151
-4.033839,50,143.545885
-3.311282,50,144.701862
-4.319672,50,145.873467
-0.037256,1,145.904706
-5.150101,50,147.091929
-5.678103,50,148.18542
-4.539989,50,149.294533
-0.025634,1,149.310154
-3.124038,50,150.40365
-4.347502,50,151.528384
-0.039642,1,151.559628
-4.232243,50,152.575015
-3.083978,50,153.621646
-4.523139,50,154.761997
-3.963522,50,155.917979
-2.555838,50,156.933363
-4.306195,50,157.979995
-5.408196,50,159.073489
-0.048877,1,159.08911
-4.202439,50,160.213843
-3.383529,50,161.260476
-3.880341,50,162.353986
-0.048358,1,162.385208
-4.342378,50,163.46308
-3.70098,50,164.587815
-4.19118,50,165.665687
-4.39463,50,166.97788
-18.381131,50,168.102615
-4.073424,50,169.211731
-0.008841,1,169.242975
-4.608406,50,170.336469
-3.102304,50,171.449498
-3.070423,50,172.574237
-0.04426,1,172.605477
-3.235828,50,173.698969
-5.24271,50,174.854948
-5.32608,50,175.948442
-6.364466,50,177.059081
-3.710226,50,178.136957
-11.782225,50,179.199204
-4.688963,50,180.230209
-6.504079,50,181.292468
-5.006618,50,182.385953
-3.050627,50,183.479447
-3.398383,50,184.635429
-11.317767,50,185.697677
-5.312173,50,186.791169
-4.419815,50,187.8378
-3.824528,50,189.025022
-2.640676,50,190.134135
-3.447279,50,191.290111
-0.048136,1,191.321356
-2.800643,28,191.914966
-0.02304,1,191.946207
-3.315152,50,193.070949
-5.052124,50,194.2113
-5.357816,50,195.304799
-3.863974,50,196.382666
-3.458881,50,197.413682
-5.103798,50,198.49155
-3.084041,50,199.538175
-0.048028,1,199.569418
-4.941964,50,200.647299
-4.242874,50,201.78765
-0.032023,1,201.803271
-6.737906,50,202.83428
-5.125219,50,203.912147
-13.044215,50,207.723754
-5.01731,50,208.832868
-0.035352,1,208.86411
-3.880943,50,209.895121
-6.460407,50,210.95737
-5.170026,50,212.066483
-4.090903,50,213.206845
-0.034604,1,213.222466
-3.072506,50,214.37844
-6.222754,50,215.487558
-5.095369,50,216.612294
-3.468738,50,217.705783
-4.649578,50,218.768034
-5.168339,50,219.845905
-4.454331,50,220.939399
-5.523786,50,222.032894
-4.991335,50,223.110764
-5.038115,50,224.188634
-4.973511,50,225.282128
-0.037377,1,225.31337
-3.201589,50,226.422485
-5.009115,50,227.500357
-3.811019,50,228.593855
-3.903162,50,229.702967
-4.07527,50,230.780842
-4.686827,50,231.85871
-4.203802,50,232.983444
-4.808749,50,234.045699
-4.203957,50,235.154809
-3.15289,50,236.21706
-0.010645,1,236.248307
-4.563288,50,237.40428
-4.796673,50,238.482154
-6.036747,50,239.513162
-9.95099,50,240.591033
-5.17053,50,241.700147
-2.801787,50,242.746777
-0.025247,1,242.778022
-5.434709,50,243.855895
-0.04236,1,243.887133
-4.257432,50,244.980627
-5.010932,50,246.058502
-5.33708,50,247.198857
-0.049135,1,247.214478
-3.878389,50,248.245526
-0.00467,1,248.276726
-3.669433,50,249.401467
-5.855042,50,250.526202
-3.543594,50,251.588452
-0.017227,1,251.619693
-4.438102,50,252.713188
-3.104777,50,253.791057
-3.302698,50,254.884551
-5.115542,50,255.978043
-4.569939,50,257.102783
-0.032039,1,257.134022
-4.821502,50,258.196273
-4.999751,50,259.22728
-4.818268,50,260.289532
-3.583087,50,261.320538
-3.035191,50,262.398448
-0.033502,1,262.429653
-3.956204,50,263.570011
-2.741148,50,264.61664
-5.762941,50,265.663274
-0.03173,1,265.678893
-4.415398,50,266.772384
-4.179029,50,267.840999
-0.034373,1,267.856625
-6.493002,50,268.903251
-0.048833,1,268.934492
-3.827891,50,270.054325
-4.60236,50,271.132232
-4.585166,50,272.225694
-2.776182,50,273.303565
-0.044264,1,273.319206
-0.045512,1,273.33481
-4.832209,50,274.381433
-3.576632,50,275.459306
-4.637523,50,276.505939
-0.042042,1,276.52156
-4.826532,50,277.61505
-4.37898,50,278.692922
-5.01569,50,279.739554
-0.012839,1,279.770797
-4.074933,50,280.833044
-5.074882,50,281.910919
-4.613151,50,282.988791
-5.957775,50,284.097903
-6.210833,50,285.175774
-0.046885,1,285.207016
-5.294777,50,286.284889
-5.317582,50,287.409628
-0.014252,1,287.44087
-3.776003,50,288.51874
-3.107375,50,289.612233
-6.515944,50,290.643244
-5.146392,50,291.721116
-0.041098,1,291.752354
-3.928669,50,292.861469
-0.002264,1,292.877091
-4.796363,50,293.986206
-5.003414,50,295.04846
-5.501453,50,296.14195
-6.570506,50,297.219824
-5.239432,50,298.313313
-3.609755,50,299.4693
-4.73085,50,300.562789
-3.670025,50,301.6719
-3.670122,50,302.718529
-3.662955,50,303.874511
-3.603956,50,304.92114
-3.614837,50,306.030255
-4.807125,50,307.076911
-3.430166,50,308.123514
-4.4155,50,309.15452
-0.035654,1,309.170141
-4.095315,50,310.326116
-3.951542,50,311.403992
-3.681083,50,312.46624
-6.271322,50,313.559733
-8.283421,50,314.621984
-3.287067,50,315.731096
-3.332933,50,316.777726
-2.786105,50,317.839982
-3.289756,50,318.886606
-4.961212,50,320.011344
-5.246177,50,321.136092
-6.342179,50,322.167084
-5.485149,50,323.260583
-5.928789,50,324.322832
-5.168158,50,325.353836
-0.020407,1,325.369494
-3.067077,50,326.478572
-0.027653,1,326.509814
-5.880573,50,327.634557
-4.32051,50,328.696801
-4.023171,50,329.759057
-4.539339,50,330.82131
-4.92485,50,331.867932
-2.93725,50,332.992671
-5.048635,50,334.054922
-5.389163,50,335.132792
-2.88277,50,336.241904
-2.657399,50,337.335397
-6.325631,50,338.444517
-4.510651,50,339.55363
-2.814101,50,340.631538
-4.06663,50,341.740651
-3.230225,50,342.88097
-0.045997,1,342.912211
-0.037097,1,342.927839
-3.525133,50,344.02133
-2.667033,50,345.099202
-0.038115,1,345.146137
-0.033822,1,345.161686
-5.694302,50,346.286421
-0.048306,1,346.317663
-2.834648,50,347.426783
-3.782427,50,348.504656
-4.301385,50,349.58252
-4.802422,50,350.691641
-3.041798,50,351.753887
-4.646514,50,352.800521
-0.032326,1,352.831761
-4.824754,50,353.878392
-6.369666,50,355.049992
-4.680324,50,356.143481
-5.123984,50,357.221352
-3.868085,50,358.299224
-3.30145,50,359.361478
-3.454761,50,360.470588
-0.032728,1,360.486208
-3.662202,50,361.595328
-5.686665,50,362.673201
-4.057277,50,363.844797
-2.602843,50,364.938294
-3.606842,50,366.000541
-0.038331,1,366.031784
-5.197159,50,367.109654
-4.773156,50,368.218769
-6.331385,50,369.327886
-2.835397,50,370.421381
-4.454018,50,371.499254
-3.234762,50,372.57712
-4.204531,50,373.701857
-4.965425,50,374.779727
-4.175827,50,375.857601
-0.042327,1,375.873222
-2.937415,50,376.982335
-5.268512,50,378.107075
-5.125019,50,379.200578
-5.605832,50,380.278436
-5.526369,50,381.309448
-0.027233,1,381.356308
-4.953949,50,382.418564
-0.025086,1,382.449805
-3.445178,50,383.480822
-6.04946,50,384.558686
-0.035585,1,384.589927
-4.750381,50,385.699042
-0.011457,1,385.714664
-2.834929,50,386.761293
-0.026185,1,386.808151
-4.307286,50,387.839164
-5.283559,50,388.948275
-5.243878,50,390.041768
-6.574315,50,391.104024
-0.046631,1,391.135266
-5.523866,50,392.384971
-3.857053,50,393.556567
-5.50152,50,394.618819
-0.022108,1,394.650061
-4.461914,50,395.806042
-4.146674,50,396.915157
-6.522728,50,397.977406
-5.642591,50,399.133383
-0.048052,1,399.164625
-5.248784,50,400.22688
-4.388316,50,401.304751
-4.562632,50,402.398241
-5.484938,50,403.491734
-5.759423,50,404.56961
-0.031512,1,404.585232
-5.435532,50,405.678724
-4.697155,50,406.787839
-4.640316,50,407.865709
-5.114532,50,408.959198
-4.77543,50,410.037079
-5.07441,50,411.114946
-6.070445,50,412.161578
-4.810744,50,413.255066
-5.036761,50,414.332942
-0.036739,1,414.364183
-4.825858,50,415.457677
-0.0388,1,415.473295
-4.711753,50,416.613656
-5.24611,50,417.691526
-4.50653,50,418.785021
-4.67705,50,419.940995
-3.718487,50,421.081353
-0.039919,1,421.112596
-5.19732,50,422.159225
-2.928166,50,423.252717
-4.481218,50,424.54929
-4.248872,50,429.704328
-0.025815,1,429.751203
-3.096484,50,430.782202
-3.037682,50,431.86007
-4.993775,50,433.031672
-4.78286,50,434.093921
-6.540374,50,435.203036
-5.170364,50,436.280907
-4.172587,50,437.374399
-4.325562,50,438.436656
-2.732553,50,439.514527
-4.735376,50,440.576773
-4.171466,50,441.607784
-6.68588,50,442.685656
-4.585659,50,443.763529
-3.334351,50,444.794534
-3.075904,50,445.934896
-4.58646,50,447.044008
-5.254862,50,448.153122
-6.624807,50,449.199747
-3.369521,50,450.230761
-4.002656,50,451.386751
-0.044718,1,451.417981
-6.389918,50,452.46461
-4.419476,50,453.604963
-2.533024,50,454.760942
-4.027571,50,455.979406
-2.706268,50,457.026072
-4.372206,50,458.119528
-0.023175,1,458.13515
-2.825987,50,459.197401
-2.548174,50,460.369001
-4.787621,50,461.446872
-3.407558,50,462.58723
-4.878588,50,463.727586
-4.469785,50,464.852354
-5.637335,50,465.914572
-4.949132,50,467.054933
-3.176912,50,468.132806
-0.009196,1,468.148427
-0.02817,1,468.179667
-5.308625,50,469.304403
-3.178436,50,470.429139
-3.865786,50,471.553873
-3.693184,50,472.584881
-6.073449,50,473.725239
-2.873317,50,474.771868
-3.630725,50,475.912224
-0.015018,1,475.943465
-4.186558,50,477.02134
-5.085172,50,478.177321
-3.725622,50,479.255193
-4.766491,50,480.317439
-4.722164,50,481.442176
-2.858651,50,482.613775
-0.039357,1,482.645017
-2.57911,50,483.70727
-4.987129,50,484.785141
-4.70024,50,485.863015
-6.063158,50,486.925262
-5.330696,50,488.003135
-6.625694,50,489.081007
-4.322488,50,490.174506
-0.047526,1,490.190124
-5.141544,50,491.267995
-0.028356,1,491.283615
-6.503575,50,492.408352
-4.291663,50,493.439363
-4.524942,50,494.548479
-4.75007,50,495.657586
-2.745353,50,496.797943
-4.781739,50,497.8602
-4.215021,50,498.922448
-0.0313,1,498.953693
-0.047197,1,498.96931
-3.935386,50,500.062805
-4.085148,50,501.109447
-3.600768,50,502.234167
-3.636632,50,503.312042
-3.57726,50,504.436775
-5.728318,50,505.65524
-3.618881,50,506.717489
-3.959255,50,507.84223
-3.843686,50,508.951341
-0.034522,1,508.966961
-3.860537,50,510.029215
-4.181872,50,511.091463
-3.965982,50,512.216199
-3.155206,50,513.372179
-5.018726,50,514.450049
-0.045245,1,514.481289
-3.245546,50,515.652892
-4.604015,50,516.715144
-4.555085,50,517.76177
-3.801974,50,518.902126
-0.034647,1,518.917754
-4.727463,50,519.964379
-5.600276,50,521.026636
-6.212532,50,522.120121
-3.971226,50,523.260482
-2.50743,50,524.416457
-5.036874,50,525.494329
-2.873128,50,526.619065
-4.609722,50,527.712564
-4.24074,50,528.75919
-4.414521,50,529.837063
-0.022186,1,529.852681
-4.269788,50,530.977416
-2.666266,50,532.055291
-6.569638,50,533.11754
-4.964772,50,534.27352
-5.062807,50,535.398253
-6.374086,50,536.460505
-4.695261,50,537.553998
-3.565239,50,538.616251
-3.485561,50,539.756603
-4.696314,50,540.818854
-3.343972,50,541.95921
-6.428814,50,543.005842
-4.45432,50,544.099337
-4.548616,50,545.239711
-5.397421,50,546.442533
-3.759574,50,547.567273
-0.022317,1,547.598512
-3.923819,50,548.692005
-0.040331,1,548.723276
-4.36816,50,549.847985
-4.705658,50,550.9571
-5.45803,50,552.113082
-3.395229,50,553.159709
-0.047379,1,553.175328
-4.943015,50,554.284441
-3.584461,50,555.440427
-3.58309,50,556.612025
-3.198871,50,557.767999
-3.048624,50,558.861499
-0.047462,1,558.877113
-3.1079,50,560.01747
-2.942442,50,561.110967
-4.030204,50,562.235704
-4.308028,50,563.344814
-5.377085,50,564.422686
-5.573873,50,565.51618
-4.736954,50,566.656537
-4.448411,50,567.765686
-6.854145,50,568.874765
-0.011988,1,568.890386
-5.293349,50,570.155714
-6.030205,50,571.23359
-3.334596,50,572.327079
-4.814019,50,573.404988
-3.096846,50,574.607792
-4.366249,50,575.654422
-4.942244,50,576.779162
-2.648465,50,577.841409
-3.17478,50,578.934906
-0.029345,1,578.950527
-3.595496,50,580.059643
-3.67358,50,581.168751
-4.635946,50,582.262246
-6.426173,50,583.386981
-3.44868,50,584.511721
-2.503982,50,585.589589
-0.041861,1,585.605211
-5.604768,50,586.698704
-0.015408,1,586.72995
-0.015762,1,586.761194
-0.044382,1,586.792448
-5.169528,50,587.948414
-3.949292,50,589.010661
-6.61549,50,590.088535
-4.549045,50,591.182026
-6.067667,50,592.228659
-4.400959,50,593.369012
-0.040671,1,593.384634
-4.718443,50,594.493755
-3.695375,50,595.587246
-4.989973,50,596.665146
-4.235512,50,597.664882
-6.382931,50,598.727145
-3.258914,50,599.805
-3.558569,50,600.851629
-6.057238,50,601.898263
-3.552886,50,602.976133
-0.034678,1,602.991752
-3.364622,50,604.085245
-0.028748,1,604.100867
-2.848032,50,605.194363
-5.84533,50,606.225371
-5.543459,50,607.334481
-4.743908,50,608.474837
-0.04411,1,608.506084
-3.389739,50,609.552714
-4.967056,50,610.614962
-3.296499,50,611.78656
-0.049489,1,611.802222
-5.38436,50,612.926917
-4.348487,50,614.004791
-2.814131,50,615.176394
-6.716834,50,616.301125
-0.014732,1,616.316747
-4.204969,50,617.394618
-5.804229,50,618.425628
-5.203548,50,619.51912
-4.002498,50,620.64386
-4.839228,50,621.768591
-6.149472,50,622.846463
-0.016077,1,622.862103
-4.096534,50,623.908717
-4.778438,50,625.017828
-4.533474,50,626.189428
-3.25313,50,627.361028
-0.049671,1,627.39227
-3.960836,50,628.4389
-4.144094,50,629.548016
-4.703404,50,630.641507
-4.175353,50,631.735004
-0.021292,1,631.766243
-5.301866,50,632.781632
-0.04404,1,632.812876
-6.653958,50,633.890748
-4.506447,50,634.937377
-5.638558,50,636.030866
-3.594352,50,637.155602
-4.930868,50,638.233516
-3.180894,50,639.280103
-4.705759,50,640.326732
-4.514779,50,641.388983
-0.029844,1,641.420226
-4.603697,50,642.513724
-6.010972,50,643.591592
-4.404955,50,644.653842
-4.78281,50,645.747335
-5.476971,50,646.809591
-3.6097,50,647.903078
-0.026043,1,647.934321
-4.140394,50,652.308299
-3.789259,50,653.479894
-3.725477,50,654.651492
-4.716399,50,655.713749
-0.04263,1,655.744986
-6.412754,50,656.838483
-0.045359,1,656.869755
-5.719405,50,657.94762
-3.850704,50,658.994226
-2.946413,50,660.087715
-2.820047,50,661.228075
-4.499384,50,662.290329
-0.017977,1,662.305949
-0.02924,1,662.337193
-3.11939,50,663.430685
-4.966245,50,664.680392
-3.524939,50,665.758265
-3.768293,50,666.929859
-0.028843,1,666.945484
-5.878194,50,667.976489
-3.311558,50,669.085606
-5.005572,50,670.241581
-5.74611,50,671.335082
-3.827616,50,672.491055
-0.029405,1,672.522299
-3.87502,50,673.647031
-4.881106,50,674.771773
-3.37558,50,675.927745
-3.51017,50,677.052518
-2.794546,50,678.177221
-5.027726,50,679.27071
-0.048751,1,679.301957
-4.598572,50,680.317341
-0.047438,1,680.348585
-2.576095,50,681.551428
-0.028485,1,681.567055
-4.817087,50,682.660539
-5.025603,50,683.754035
-0.024371,1,683.785274
-4.502242,50,684.910015
-0.029108,1,684.941255
-0.032778,1,684.972501
-4.584024,50,686.331556
-2.838878,50,687.425062
-3.85958,50,688.549784
-3.5642,50,689.627657
-4.395643,50,690.705528
-5.131563,50,691.814641
-7.529105,50,692.908137
-3.800722,50,694.095355
-2.730449,38,694.95453
-5.233273,50,696.04802
-5.714252,50,697.141512
-4.54344,50,698.235007
-5.289902,50,699.250398
-0.035986,1,699.266017
-5.176075,50,700.312649
-4.858839,50,701.453
-4.313074,50,702.499636
-3.551019,50,703.593126
-3.301306,50,704.702238
-4.560512,50,705.764489
-5.134031,50,706.82674
-4.867248,50,707.935853
-3.685905,50,709.013726
-4.68879,50,710.138466
-2.972135,50,711.169472
-2.108652,31,711.85681
-3.724929,50,712.965923
-3.685377,50,714.075037
-4.971244,50,715.199773
-0.042465,1,715.215394
-5.36559,50,716.246404
-4.566031,50,717.402386
-0.047515,1,717.418008
-4.256882,50,718.542736
-3.214386,50,719.636229
-5.799641,50,720.682862
-3.521123,50,721.807596
-4.83097,50,722.838602
-4.207182,50,723.994618
-3.664121,50,725.072452
-0.044025,1,725.088078
-3.953574,50,726.181568
-4.153544,50,727.337546
-5.44928,50,728.415418
-3.932385,50,729.493289
-5.273807,50,730.633647
-3.921205,50,731.852115
-2.999883,50,732.976846
-4.671379,50,734.101583
-3.019057,50,735.210701
-6.353487,50,736.241704
-3.817668,50,737.288339
-0.049723,1,737.319579
-0.044149,1,737.335201
-5.489744,50,738.491179
-4.880367,50,739.631533
-4.231005,50,740.725039
-4.561783,50,741.865383
-6.055461,50,743.177579
-0.049616,1,743.224441
-4.717734,50,744.349176
-4.453476,50,745.458289
-6.060761,50,746.614268
-7.759348,50,747.707761
-4.109655,50,748.754391
-3.91161,50,749.847925
-4.973841,50,750.878892
-5.187074,50,752.019248
-4.361824,50,753.128363
-6.260027,50,754.299968
-3.077047,50,755.346596
-4.287052,50,756.502575
-6.16895,50,757.502337
-0.025946,1,757.517959
-4.985258,50,758.627075
-4.182671,50,759.720566
-3.736445,50,760.876543
-2.615876,50,761.970036
-4.64884,50,763.126016
-3.523815,50,764.219508
-0.042333,1,764.235129
-5.374053,50,765.297382
-3.774116,50,766.328391
-1.798909,26,766.890757
-4.906449,50,768.031113
-3.08057,50,769.15585
-4.173748,50,770.171242
-4.622676,50,771.264732
-6.403089,50,772.358226
-0.01269,1,772.373847
-0.04296,1,772.389469
-5.053062,50,773.451719
-5.56003,50,774.545212
-5.288069,50,775.6387
-5.355257,50,776.700953
-4.483945,50,777.856929
-0.026731,1,777.872552
-3.576168,50,778.950428
-5.214128,50,780.043916
-5.027669,50,781.090549
-0.044668,1,781.106173
-2.791168,50,782.19966
-0.042976,1,782.230944
-3.985284,50,783.293154
-4.770065,50,784.433511
-4.133183,50,785.542625
-2.719035,50,786.620535
-5.565006,50,787.776475
-4.465329,50,788.854347
-4.067153,50,789.947846
-3.632904,50,791.025713
-0.034385,1,791.056956
-3.23994,50,792.103587
-0.049205,1,792.13483
-6.061322,50,793.306426
-3.438121,50,794.478025
-0.048122,1,794.493649
-4.982191,50,795.555904
-4.747099,50,796.64939
-0.029597,1,796.680637
-4.539189,50,797.664777
-0.042327,1,797.69602
-5.102981,50,798.773906
-0.031603,1,798.805139
-4.620906,50,799.914249
-3.04836,50,800.976503
-3.091419,50,802.069996
-6.110133,50,803.163491
-0.013016,1,803.194732
-6.088271,50,804.303844
-4.034067,50,805.366102
-3.1429,50,806.506451
-0.008099,1,806.522075
-4.145987,50,807.599948
-0.048814,1,807.631186
-4.091247,50,808.740304
-5.206563,50,809.802553
-3.677858,50,810.880422
-3.76827,50,811.989537
-3.331178,50,813.083035
-0.041348,1,813.114276
-3.909523,50,814.207768
-4.919469,50,815.270052
-0.016109,1,815.301267
-0.043802,1,815.332502
-4.155405,50,816.457238
-5.254997,50,817.550732
-5.238096,50,818.628603
-5.372427,50,819.70648
-0.014018,1,819.737719
-5.298534,50,820.831214
-0.037339,1,820.862485
-4.786495,50,821.924706
-5.329668,50,823.018198
-3.880713,50,824.04921
-2.707702,50,825.205188
-3.200556,50,826.329923
-3.262373,50,827.454656
-2.629152,50,828.728984
-3.610092,50,830.08343
-0.039833,1,830.103814
-0.028507,1,830.123413
-4.292085,50,831.328573
-0.032307,1,831.368768
-5.421756,50,832.53357
-0.041823,1,832.553698
-5.378652,50,833.97851
-0.026459,1,834.00387
-6.313593,50,835.177307
-3.120832,50,836.39339
-4.407801,50,837.672972
-3.083072,50,838.938727
-5.953163,50,840.092849
-3.49529,50,841.283773
-0.047375,1,841.306394
-3.151438,50,842.548611
-5.210289,50,843.730555
-3.178375,50,844.908675
-3.563887,50,846.133692
-4.394481,50,847.303442
-0.045994,1,847.322067
-5.758487,50,848.367128
-0.033946,1,848.37921
-0.030215,1,848.417526
-0.040958,1,848.437666
-3.186912,50,849.506652
-3.1158,50,850.635228
-3.521247,50,851.670059
-0.021978,1,851.701308
-0.042256,1,851.716928
-4.057627,50,852.794798
-0.024593,1,852.826039
-4.406008,50,853.903914
-6.135559,50,854.981786
-2.883488,50,856.075279
-0.049189,1,856.106521
-3.534439,50,857.13754
-4.169785,50,858.231022
-3.467649,50,859.324516
-4.823923,50,860.418009
-3.245128,50,861.480254
-3.170332,50,862.558129
-3.168004,50,863.604761
-3.626222,50,864.742765
-0.049203,1,864.758385
-4.031579,50,865.83626
-6.417292,50,867.039099
-5.065215,50,868.215326
-4.137477,50,869.246334
-3.902634,50,870.319234
-5.290482,50,871.397103
-5.493343,50,872.4906
-4.187483,50,873.568468
-0.032221,1,873.584091
-0.019144,1,873.615373
-0.049959,1,873.662196
-6.118772,50,878.129901
-0.047067,1,878.161139
-3.382666,50,879.223395
-4.537638,50,880.285641
-3.500487,50,881.363514
-3.805263,50,882.488251
-6.345497,50,883.550502
-6.485405,50,884.612789
-4.115595,50,885.737485
-5.851999,50,886.768495
-5.578501,50,887.861988
-4.468203,50,888.971105
-3.725932,50,890.033354
-4.823872,50,891.142466
-0.029378,1,891.158088
-4.055315,50,892.314069
-2.786771,50,893.329456
-3.718081,50,894.469813
-0.03273,1,894.501057
-4.8693,50,895.62579
-2.854461,50,896.734903
-3.57867,50,897.890881
-5.229431,50,898.937528
-6.074723,50,899.999763
-3.113226,50,901.124497
-4.224129,50,902.218023
-4.664036,50,903.358351
-3.3984,50,904.467464
-3.727457,50,905.560956
-4.54876,50,906.685725
-3.826147,50,907.747944
-3.41224,50,908.91954
-4.37591,50,910.091141
-4.066421,50,911.15339
-4.990757,50,912.231263
-2.502257,50,913.309137
-4.992554,50,914.402628
-5.660897,50,915.464877
-3.47355,50,916.511507
-2.659649,50,917.57376
-3.251071,50,918.589145
-2.968069,50,919.713884
-0.025144,1,919.729515
-0.035183,1,919.760747
-5.259936,50,920.822997
-0.04425,1,920.85424
-5.603757,50,921.916489
-5.076885,50,923.072466
-4.094473,50,924.212823
-5.163442,50,925.337562
-3.041216,50,926.462294
-0.020054,1,926.493541
-5.069645,50,927.602651
-4.204992,50,928.711767
-3.604626,50,929.80526
-3.531293,50,930.945619
-6.035138,50,932.054735
-0.033443,1,932.070357
-3.820806,50,933.195089
-0.023015,1,933.226334
-2.986109,50,934.257343
-5.061845,50,935.366453
-3.0183,50,936.491194
-5.235831,50,937.647172
-4.728629,50,938.771904
-5.337757,50,939.849775
-3.942041,50,940.943272
-0.04588,1,940.974517
-5.220146,50,942.068007
-3.098318,50,943.208362
-4.270654,50,944.286237
-0.042456,1,944.333112
-0.029682,1,944.34872
-5.13017,50,945.442213
-3.443291,50,946.770028
-3.504854,50,947.844672
-5.296832,50,949.047515
-3.634368,50,950.625268
-0.020478,1,950.64089
-0.018465,1,950.672136
-4.143146,50,951.796869
-3.238946,50,952.85912
-0.028638,1,952.874742
-5.014127,50,954.030719
-4.494847,50,955.04611
-4.345324,50,956.155225
-0.00764,1,956.170847
-0.03927,1,956.202089
-4.882015,50,957.295577
-0.040763,1,957.311202
-5.550096,50,958.420317
-3.267837,50,959.529444
-2.814903,50,960.622925
-4.717721,50,961.685178
-0.013737,1,961.700796
-6.336848,50,962.794291
-3.916956,50,963.856542
-3.39361,50,964.934412
-3.959065,50,966.027906
-2.880876,50,967.137015
-4.444013,50,968.183645
-4.11283,50,969.214654
-6.788298,50,970.32377
-5.518716,50,971.401639
-0.04057,1,971.41726
-4.509346,50,972.479549
-1.694293,18,972.854424
-4.2995,50,973.947933
-4.927546,50,975.041411
-4.569744,50,976.252769
-0.040662,1,976.268393
-3.409318,50,977.54235
-5.108739,50,978.772124
-2.598526,50,980.022272
-5.660478,50,981.392421
-3.156534,50,982.602419
-0.036368,1,982.632318
-4.033431,50,983.867208
-4.516513,50,985.097314
-5.35283,50,986.352545
-4.841244,50,987.623189
-3.925054,50,988.867094
-0.035344,1,988.892327
-0.04582,1,988.928498
-0.037288,1,988.952136
-6.076525,50,990.303905
-6.542508,50,991.478495
-6.353581,50,992.624778
-5.104828,50,993.795348
-4.547932,50,994.841978
-4.697327,50,995.966716
-5.251385,50,997.041845
-3.119273,50,998.088479
-0.044991,1,998.104096
-5.669476,50,999.197619
-4.307673,50,1000.322321
-6.292064,50,1001.431438
-0.033472,1,1001.44706
-5.358423,50,1002.696624
-5.515257,50,1004.053489
-3.869386,50,1005.263432
-6.292499,50,1006.55362
-0.031669,1,1006.587614
-3.088346,50,1007.918651
-4.056044,50,1009.086827
-0.016215,1,1009.117304
-4.354183,50,1010.343297
-3.951217,50,1011.576637
-5.165711,50,1012.813725
-0.046029,1,1012.838376
-4.030514,50,1014.076673
-4.758331,50,1015.281017
-6.91772,50,1016.400385
-3.579258,50,1017.568783
-3.103824,50,1018.704702
-5.47505,50,1019.740942
-4.062907,50,1020.831856
-5.747372,50,1021.909726
-0.043692,1,1021.925348
-3.79125,50,1022.987599
-0.048228,1,1023.018844
-2.872974,50,1024.096717
-4.337723,50,1025.190209
-5.528528,50,1026.299321
-2.923467,50,1027.392817
-4.005108,50,1028.501935
-4.886754,50,1029.595425
-4.698867,50,1030.720157
-0.040965,1,1030.751399
-4.115878,50,1031.844896
-5.778834,50,1033.027551
-5.570752,50,1034.258594
-3.946702,50,1035.475798
-5.670299,50,1036.733286
-3.878435,50,1038.085046
-3.904729,50,1039.388679
-5.660506,50,1040.626622
-3.935893,50,1041.928451
-6.474894,50,1043.198545
-4.852479,50,1044.448567
-2.671261,50,1045.863297
-4.801081,50,1047.098569
-4.46477,50,1048.298273
-2.722735,50,1049.668299
-0.040722,1,1049.698397
-0.019697,1,1049.735299
-0.025626,1,1049.7602
-2.586841,50,1050.97324
-4.601442,50,1052.182566
-4.70333,50,1053.383433
-4.635725,50,1054.588254
-6.122249,50,1055.888335
-0.049513,1,1055.918509
-3.971277,50,1057.10865
-5.119283,50,1058.272313
-0.038418,1,1058.303555
-3.06909,50,1059.421932
-2.665968,50,1060.505263
-0.041694,1,1060.533476
-0.037723,1,1060.553524
-3.683152,50,1061.670483
-4.93105,50,1062.883491
-3.611422,50,1064.008226
-3.1934,50,1065.211073
-0.031773,1,1065.22669
-5.632663,50,1066.320187
-2.949343,50,1067.544632
-3.356577,50,1068.799864
-4.953654,50,1070.059951
-4.579218,50,1071.364802
-0.04981,1,1071.398797
-3.77549,50,1072.664771
-4.812745,50,1073.828586
-5.01011,50,1075.064801
-4.284334,50,1076.309868
-3.483256,50,1077.539469
-3.35857,50,1078.789637
-5.28507,50,1079.959141
-4.786073,50,1081.050399
-3.888657,50,1082.198933
-4.420434,50,1083.273712
-4.450522,50,1084.393386
-0.04549,1,1084.421654
-3.067475,50,1085.500445
-5.449013,50,1086.625184
-4.880296,50,1087.733271
-2.589003,50,1088.795525
-3.590117,50,1089.842151
-0.049036,1,1089.857772
-3.938803,50,1090.966887
-0.041829,1,1090.982507
-5.156822,50,1092.138486
-0.033183,1,1092.154111
-3.385368,50,1093.216363
-4.030952,50,1094.341109
-4.618156,50,1095.481452
-2.7764,50,1096.606593
-0.029773,1,1096.637833
-4.204541,50,1097.748948
-0.014395,1,1097.780189
-3.9742,50,1098.842443
-2.887587,50,1099.873448
-0.047732,1,1099.904692
-6.722893,50,1100.966941
-0.026333,1,1100.998185
-3.870905,50,1102.02919
-4.364753,50,1103.07582
-3.411447,50,1104.169313
-3.048925,50,1105.309674
-4.455348,50,1106.340678
-5.223024,50,1110.839622
-0.033024,1,1110.886485
-6.630096,50,1111.933114
-5.716113,50,1112.995368
-3.843744,50,1114.088858
-3.211128,50,1115.151109
-5.573269,50,1116.228981
-4.603499,50,1117.353721
-5.346972,50,1118.415967
-5.735155,50,1119.525086
-3.622886,50,1120.618574
-0.028355,1,1120.634197
-5.131162,50,1121.743314
-2.966073,50,1122.805563
-2.559331,50,1123.852193
-0.048507,1,1123.867816
-0.038681,1,1123.899056
-4.509912,50,1124.961305
-3.381272,50,1126.039181
-4.2536,50,1127.14829
-2.765345,50,1128.226163
-0.044889,1,1128.257408
-3.782225,50,1129.350902
-3.519443,50,1130.491289
-5.5476,50,1131.584749
-2.744453,50,1133.287474
-3.310883,50,1134.365384
-0.019212,1,1134.381005
-5.697492,50,1135.474464
-5.722364,50,1136.599196
-4.2079,50,1137.677068
-4.132116,50,1138.739322
-3.622509,50,1139.832813
-4.878339,50,1140.910683
-5.726669,50,1142.004178
-4.777502,50,1143.066431
-0.038017,1,1143.097685
-3.8079,50,1144.144298
-0.04461,1,1144.15992
-6.912855,50,1145.190927
-0.039158,1,1145.222172
-3.846845,50,1146.393769
-4.846325,50,1147.377925
-4.986127,50,1148.424545
-0.045695,1,1148.455793
-3.428259,50,1149.53366
-4.616143,50,1150.611533
-4.167012,50,1151.673779
-4.999976,50,1152.720412
-2.655266,50,1153.845146
-0.04897,1,1153.876388
-4.074118,50,1155.016746
-3.63693,50,1156.079
-5.057471,50,1157.250628
-3.91473,50,1158.344089
-3.520897,50,1159.437617
-4.569539,50,1160.546698
-5.10098,50,1161.655811
-5.446051,50,1162.68682
-6.419804,50,1163.764713
-2.6366,50,1164.795698
-4.97078,50,1165.920434
-4.452514,50,1167.013929
-4.756833,50,1168.044939
-3.349279,50,1169.107187
-5.733411,50,1170.185061
-3.496459,50,1171.247309
-4.330494,50,1172.309562
-5.633634,50,1173.434299
-3.751875,50,1174.496548
-5.511762,50,1175.715008
-5.31687,50,1176.792882
-4.353588,50,1177.870756
-0.046037,1,1177.901999
-4.194018,50,1178.96425
-0.038167,1,1178.979867
-3.244144,50,1180.073362
-4.338368,50,1181.260581
-0.047732,1,1181.291824
-0.044317,1,1181.307449
-4.657039,50,1182.400939
-0.026992,1,1182.432181
-0.015054,1,1182.447802
-3.552223,50,1183.525675
-5.447691,50,1184.666035
-4.858176,50,1185.743907
-0.033783,1,1185.759526
-6.470067,50,1186.790532
-5.90065,50,1187.930894
-3.882264,50,1189.024386
-4.396701,50,1190.133501
-3.558233,50,1191.258236
-5.027368,50,1192.320485
-5.570587,50,1193.46084
-3.252655,50,1194.554335
-3.713231,50,1195.710316
-2.84937,50,1196.803804
-3.163921,50,1197.928546
-4.229184,50,1199.053282
-4.167957,50,1200.162395
-5.171071,50,1201.209024
-0.032203,1,1201.255885
-2.747215,50,1202.33376
-4.551702,50,1203.396007
-4.163818,50,1204.489505
-3.654236,50,1205.598622
-2.83124,50,1206.785837
-4.560956,50,1207.848088
-6.430478,50,1208.925964
-3.922647,50,1210.019455
-3.351047,50,1211.097323
-0.029054,1,1211.128567
-3.121041,50,1212.206438
-3.400186,50,1213.253073
-0.036807,1,1213.268693
-5.612478,50,1214.362182
-4.490259,50,1215.440054
-4.257701,50,1216.580411
-0.030617,1,1216.611656
-2.87457,50,1217.767631
-5.815589,50,1218.87675
-3.612131,50,1219.970243
-2.968139,50,1221.079353
-3.75365,50,1222.141608
-0.032597,1,1222.157229
-4.165891,50,1223.281962
-3.629959,50,1224.359836
-0.048684,1,1224.375457
-4.441414,50,1225.484572
-5.518666,50,1226.484335
-0.03405,1,1226.515577
-4.334975,50,1227.577832
-5.462856,50,1228.671324
-4.01005,50,1229.842919
-3.765309,50,1230.920796
-3.577056,50,1231.998665
-3.046571,50,1233.07654
-3.975802,50,1234.138793
-2.925165,50,1235.216658
-4.621726,50,1236.372641
-4.739012,50,1237.497372
-0.040665,1,1237.512992
-4.605367,50,1238.622114
-4.115072,50,1239.668737
-3.555404,50,1240.715368
-5.278116,50,1241.824486
-4.201993,50,1242.902389
-5.359827,50,1244.011469
-3.246233,50,1245.120585
-4.485056,50,1246.260938
-4.408727,50,1247.354435
-4.756319,50,1248.416684
-4.83145,50,1249.510193
-0.049755,1,1249.541433
-0.022529,1,1249.572663
-4.54468,50,1250.666157
-2.537043,50,1251.759664
-3.187098,50,1252.853144
-3.38072,50,1253.977879
-3.490866,50,1255.055748
-3.246942,50,1256.164867
-0.049691,1,1256.196108
-4.786166,50,1257.336462
-6.058675,50,1258.414334
-4.583415,50,1259.570313
-6.492107,50,1260.679427
-3.324661,50,1261.757303
-4.267831,50,1262.850794
-5.061785,50,1264.00677
-4.292274,50,1265.084645
-4.928545,50,1266.193757
-3.854375,50,1267.256026
-4.767928,50,1268.349506
-5.595588,50,1269.489861
-3.332101,50,1270.55211
-4.579965,50,1271.645607
-5.190263,50,1272.770339
-3.877042,50,1273.895074
-3.09581,50,1275.019809
-4.871197,50,1276.128925
-4.037395,50,1277.191175
-4.40377,50,1278.253428
-5.503979,50,1279.315675
-5.579181,50,1280.440411
-4.531018,50,1281.455798
-6.314312,50,1282.533673
-5.937909,50,1283.611543
-5.845974,50,1284.689417
-0.044912,1,1284.705039
-4.394279,50,1285.767284
-4.841806,50,1286.829537
-5.389686,50,1288.001137
-0.013511,1,1288.016756
-4.812915,50,1289.125871
-5.240409,50,1290.234992
-4.352516,50,1291.328483
-5.371316,50,1292.390728
-5.353011,50,1293.45298
-4.95109,50,1294.562094
-4.933115,50,1295.702453
-3.44874,50,1296.811618
-4.207726,50,1297.905062
-2.7123,50,1298.998553
-4.445811,50,1300.060809
-5.226372,50,1301.185538
-2.751507,50,1302.3259
-6.175166,50,1303.435011
-5.461488,50,1304.575372
-3.325244,50,1305.684485
-5.12823,50,1306.762357
-0.049236,1,1306.793601
-0.03757,1,1306.809219
-3.603987,50,1307.871469
-4.556249,50,1309.011825
-0.049256,1,1309.027448
-4.34591,50,1310.105319
-4.907625,50,1311.198816
-5.821251,50,1312.24544
-3.997815,50,1313.323314
-3.177168,50,1314.541776
-0.779754,15,1314.854207
-3.785553,50,1315.916457
-2.730299,50,1317.009952
-5.173891,50,1318.212793
-0.034633,1,1318.228413
-5.676734,50,1319.337528
-5.344261,50,1320.399776
-5.47446,50,1321.493272
-4.665976,50,1322.602389
-2.865205,50,1323.69588
-4.840779,50,1324.758127
-0.033461,1,1324.789372
-4.109063,50,1325.929726
-5.063062,50,1326.991981
-6.420654,50,1328.132337
-0.031039,1,1328.163578
-3.565797,50,1329.257072
-5.513193,50,1333.271757
-4.046717,50,1334.349629
-4.698666,50,1335.411874
-4.093566,50,1336.474125
-3.528171,50,1337.630107
-0.039641,1,1337.661352
-0.037189,1,1337.676969
-5.405139,50,1338.786139
-3.239289,50,1339.863955
-0.040577,1,1339.879579
-4.635692,50,1340.957453
-3.691017,50,1342.035319
-4.075798,50,1343.20692
-2.810687,50,1344.300421
-5.233403,50,1345.518876
-6.758541,50,1346.690476
-3.722175,50,1347.79959
-0.026311,1,1347.815213
-4.421279,50,1348.908706
-0.041903,1,1348.92433
-0.04955,1,1348.955576
-3.156328,50,1350.002198
-5.48815,50,1351.080073
-0.045374,1,1351.111313
-5.62843,50,1352.173566
-3.757431,50,1353.282678
-4.982064,50,1354.32931
-5.247697,50,1355.375939
-3.62001,50,1356.469429
-3.919904,50,1357.562927
-0.032892,1,1357.578548
-4.600698,50,1358.672039
-0.037576,1,1358.718904
-5.722889,50,1359.87488
-4.412855,50,1360.952753
-5.386864,50,1362.12435
-4.698734,50,1363.389682
-5.850687,50,1364.498794
-5.479848,50,1365.514186
-2.730044,50,1366.592056
-2.621865,50,1367.701167
-0.031591,1,1367.716787
-2.637198,50,1368.794663
-5.246078,50,1369.997504
-4.321131,50,1371.106654
-6.175754,50,1372.215734
-4.749211,50,1373.356089
-0.031446,1,1373.37171
-5.367083,50,1374.465206
-5.884625,50,1375.558695
-4.221606,50,1376.605325
-4.162882,50,1377.761303
-5.75267,50,1378.807933
-5.202546,50,1379.885803
-4.26033,50,1380.994922
-4.91464,50,1382.057172
-3.107732,50,1383.166285
-5.507765,50,1384.275403
-4.501024,50,1385.368892
-5.34311,50,1386.4624
-3.551172,50,1387.571498
-4.043116,50,1388.696236
-3.098949,50,1389.820972
-3.16658,50,1390.883226
-4.69895,50,1391.992334
-6.351926,50,1393.070209
-3.743343,50,1394.148082
-2.8824,50,1395.272816
-5.307518,50,1396.38193
-3.838779,50,1397.506666
-0.048384,1,1397.522286
-0.025824,1,1397.537907
-3.440424,50,1398.631438
-2.903218,50,1399.771762
-2.933518,50,1400.818387
-4.112612,50,1401.849398
-0.028344,1,1401.880641
-3.844223,50,1402.911646
-5.622454,50,1404.052005
-4.251974,50,1405.098633
-0.038799,1,1405.129879
-3.384544,50,1406.207751
-6.598597,50,1407.348135
-3.186281,50,1408.410359
-4.834449,50,1409.550713
-4.217304,50,1410.597344
-0.047255,1,1410.612966
-4.626409,50,1411.675212
-3.970834,50,1412.784326
-0.0475,1,1412.815571
-4.562584,50,1413.909064
-0.026097,1,1413.940306
-5.839699,50,1415.096287
-0.045363,1,1415.127534
-5.401226,50,1416.252262
-0.004375,1,1416.267884
-4.00175,50,1417.377001
-3.603738,50,1418.45487
-7.003202,50,1419.595227
-5.320155,50,1420.688724
-3.483131,50,1421.750977
-0.035454,1,1421.766597
-3.318567,50,1422.922571
-0.049958,1,1422.938192
-4.611694,50,1424.109797
-4.573333,50,1425.265774
-4.391733,50,1426.281158
-4.712947,50,1427.359033
-5.333773,50,1428.452522
-4.647659,50,1429.608501
-4.514238,50,1430.717618
-3.477923,50,1431.795493
-0.049522,1,1431.826734
-3.84702,50,1432.904605
-0.013415,1,1432.935848
-2.611442,50,1434.044958
-4.665091,50,1435.154076
-0.032238,1,1435.185315
-4.521035,50,1436.216324
-4.611846,50,1437.278575
-5.266509,50,1438.40331
-5.39957,50,1439.528045
-3.901661,50,1440.621543
-3.02299,50,1441.746274
-4.751419,50,1442.855388
-2.768584,50,1443.933264
-5.131753,50,1445.026757
-3.978825,50,1446.120246
-0.041947,1,1446.167111
-5.686326,50,1447.291852
-4.61955,50,1448.369723
-4.180814,50,1449.431973
-3.580997,50,1450.603568
-3.323861,50,1451.650202
-5.475775,50,1452.712449
-5.82836,50,1453.805946
-0.043691,1,1453.837193
-3.763794,50,1454.977546
-3.515737,50,1456.133523
-3.411378,50,1457.195776
-4.344891,50,1458.242403
-2.6945,50,1459.289033
-4.270487,50,1460.445011
-3.099761,50,1461.554123
-0.021978,1,1461.585364
-2.960189,50,1462.81945
-3.375539,50,1463.897322
-5.698199,50,1464.912709
-6.348481,50,1466.006202
-0.039526,1,1466.037446
-0.042661,1,1466.068691
-0.041569,1,1466.084309
-3.99356,50,1467.146567
-3.302387,50,1468.275518
-6.251797,50,1469.384628
-0.02435,1,1469.400251
-3.225724,50,1470.566755
-3.242002,50,1471.691487
-3.77624,50,1472.753741
-3.300832,50,1473.894093
-5.030898,50,1475.034455
-6.896104,50,1476.268537
-6.01681,50,1477.408894
-3.766769,50,1478.471143
-4.802844,50,1479.673991
-4.113764,50,1480.783102
-4.052349,50,1481.92346
-2.870532,50,1483.016952
-0.045982,1,1483.048193
-3.618625,50,1484.126066
-4.672575,50,1485.219564
-4.794888,50,1486.328678
-4.574519,50,1487.43779
-5.656752,50,1488.4688
-3.764612,50,1489.57791
-6.097916,50,1490.749514
-4.846301,50,1491.843004
-0.028834,1,1491.874247
-4.343626,50,1493.014601
-3.966701,50,1494.092474
-4.625827,50,1495.232837
-4.380055,50,1496.310757
-4.925517,50,1497.451061
-4.178625,50,1498.560179
-3.505088,50,1499.62243
-7.481827,50,1500.747162
-2.894766,50,1501.809414
-4.325305,50,1502.918542
-0.035235,1,1502.949773
-4.848075,50,1504.043265
-6.064138,50,1505.105518
-0.038299,1,1505.121136
-7.951261,50,1506.230257
-0.028751,1,1506.245874
-4.148192,50,1507.323742
-3.105405,50,1508.354753
-3.263977,50,1509.463865
-4.709034,50,1510.572981
-0.042724,1,1510.588603
-2.787047,50,1511.713338
-5.814061,50,1512.822492
-5.093265,50,1513.962808
-3.615069,50,1515.040684
-0.031018,1,1515.056306
-0.03143,1,1515.087543
-3.662232,50,1516.181037
-2.671037,50,1517.305777
-4.720241,50,1518.446136
-3.303726,50,1519.539624
-6.346579,50,1520.570636
-3.879616,50,1521.617262
-2.968184,50,1522.679515
-0.043681,1,1522.710757
-4.354599,50,1523.882358
-9.237103,50,1525.00709
-11.056594,50,1526.100587
-0.049474,1,1526.131824
-3.071018,50,1527.256567
-0.035567,1,1527.287803
-4.204485,50,1528.365677
-4.287981,50,1529.459174
-5.548361,50,1530.53704
-0.04739,1,1530.552662
-4.902813,50,1531.677402
-3.103398,50,1532.83338
-4.851621,50,1533.895629
-3.49248,50,1534.989122
-0.009544,1,1535.020365
-4.571378,50,1536.207583
-3.877837,50,1537.301081
-3.858532,50,1538.347709
-3.743794,50,1539.394353
-3.925822,50,1540.534734
-4.071914,50,1541.62819
-4.918658,50,1542.752943
-2.805978,50,1543.862036
-2.679652,50,1544.98677
-0.042848,1,1545.018014
-3.451564,50,1546.14275
-4.955135,50,1547.283112
-6.590292,50,1548.407846
-3.702754,50,1549.595064
-4.041847,50,1550.719804
-0.01345,1,1550.735425
-0.030905,1,1550.766674
-4.205337,50,1551.828918
-0.040929,1,1551.844536
-0.029035,1,1551.87578
-5.489053,50,1552.96927
-3.267776,50,1557.296381
-0.035849,1,1557.327623
-2.727048,50,1558.43674
-4.084146,50,1559.483373
-4.544094,50,1560.59248
-0.024398,1,1560.608106
-0.043885,1,1560.623728
-2.673998,50,1561.85781
-5.079056,50,1562.998166
-4.893338,50,1564.201016
-5.826634,50,1565.26326
-5.475424,50,1566.35679
-3.619038,50,1567.450252
-3.2636,50,1568.543738
-0.037049,1,1568.55936
-4.937814,50,1569.652854
-6.532016,50,1570.699486
-3.686734,50,1571.79298
-3.992146,50,1572.870848
-5.336937,50,1573.995587
-0.043037,1,1574.011209
-4.976291,50,1575.104698
-3.676538,50,1576.213816
-2.950431,50,1577.322928
-3.46208,50,1578.478905
-0.046663,1,1578.494526
-4.386571,50,1579.588019
-4.523015,50,1580.759624
-0.014606,1,1580.790865
-4.29983,50,1581.899981
-3.509715,50,1582.930988
-5.987529,50,1584.055724
-4.396563,50,1585.149219
-5.337343,50,1586.289575
-5.86601,50,1587.398686
-3.104602,50,1588.507803
-2.705307,50,1589.648156
-3.57625,50,1590.757272
-4.051639,50,1591.944493
-5.215317,50,1593.069268
-5.34434,50,1594.147099
-5.279687,50,1595.256217
-4.642054,50,1596.584027
-4.644266,50,1597.693143
-11.999898,50,1598.849121
-3.749994,50,1600.005101
-4.912578,50,1601.03611
-4.730918,50,1602.145225
-0.039668,1,1602.160845
-4.809071,50,1603.254341
-4.998636,50,1604.363454
-3.477952,50,1605.581917
-3.084734,50,1606.737893
-3.405378,50,1607.87825
-3.435639,50,1608.971743
-0.037372,1,1608.987375
-6.207699,50,1610.049614
-3.053496,50,1611.221215
-4.50849,50,1612.283463
-4.573802,50,1613.392581
-5.334136,50,1614.501698
-4.80693,50,1615.563945
-4.682866,50,1616.719929
-3.132637,50,1617.860284
-4.530439,50,1619.000639
-4.456181,50,1620.078512
-0.035694,1,1620.094133
-4.213819,50,1621.156394
-4.248697,50,1622.234255
-3.655311,50,1623.405856
-4.823743,50,1624.530593
-0.033308,1,1624.577452
-4.060488,50,1625.733433
-5.240961,50,1626.795685
-2.843232,50,1627.982907
-0.036089,1,1628.014152
-4.79893,50,1629.09202
-2.761936,50,1630.154271
-0.018683,1,1630.18553
-5.394662,50,1631.341488
-0.046907,1,1631.372732
-4.727601,50,1632.450606
-2.63158,50,1633.528475
-2.904789,50,1634.700075
-3.832646,50,1635.793568
-2.837662,50,1636.902682
-5.18905,50,1638.011797
-4.477971,50,1639.120914
-3.680309,50,1640.167542
-3.854197,50,1641.229791
-4.884745,50,1642.35453
-6.258633,50,1643.416782
-3.735345,50,1644.603997
-5.406412,50,1645.650627
-4.310169,50,1646.759746
-5.124017,50,1647.853238
-0.043321,1,1647.868859
-5.544424,50,1649.024839
-3.107094,50,1650.102711
-3.981844,50,1651.211826
-4.598138,50,1652.320934
-0.047409,1,1652.336559
-3.470597,50,1653.492537
-0.044583,1,1653.523784
-3.71739,50,1654.632896
-4.994935,50,1655.757629
-0.044776,1,1655.788873
-0.033724,1,1655.820118
-4.923114,50,1656.882365
-0.026604,1,1656.897992
-5.50218,50,1658.022722
-4.393669,50,1659.163081
-6.1213,50,1660.272195
-4.343306,50,1661.365685
-4.310865,50,1662.474804
-6.276503,50,1663.615159
-6.005483,50,1664.724274
-2.836999,50,1665.895873
-4.7625,50,1667.067477
-4.843078,50,1668.160969
-3.882152,50,1669.316945
-3.798761,50,1670.519826
-3.415568,50,1671.582037
-4.366889,50,1672.706772
-5.521464,50,1673.800268
-5.068058,50,1674.893764
-3.464014,50,1675.971632
-4.618236,50,1677.111994
-3.759379,50,1678.205486
-0.033065,1,1678.221106
-4.761297,50,1679.314596
-5.150997,50,1680.345606
-3.915971,50,1681.517208
-2.944448,50,1682.64194
-0.039446,1,1682.673187
-4.021865,50,1683.844783
-4.016583,50,1685.016383
-0.028094,1,1685.047625
-5.070881,50,1686.250467
-2.823784,50,1687.343961
-6.037628,50,1688.421833
-3.998617,50,1689.499707
-3.531307,50,1690.686929
-6.344909,50,1691.796039
-4.784657,50,1692.873911
-6.214936,50,1693.967406
-4.122758,50,1695.076523
-0.026848,1,1695.123419
-4.460001,50,1696.170018
-2.793012,50,1697.279127
-3.746269,50,1698.403863
-0.01737,1,1698.435107
-4.950675,50,1699.544221
-5.209189,50,1700.637717
-2.600563,50,1701.731207
-3.10385,50,1702.871568
-0.021328,1,1702.902807
-5.721272,50,1703.996299
-5.408787,50,1705.042929
-3.317131,50,1706.261391
-3.256882,50,1707.370506
-5.559725,50,1708.385897
-3.482885,50,1709.495007
-4.925227,50,1710.604123
-0.016062,1,1710.619746
-4.109571,50,1711.697616
-5.110575,50,1712.853594
-3.572971,50,1713.931472
-5.136329,50,1715.040583
-4.241104,50,1716.227804
-0.049569,1,1716.259047
-0.04194,1,1716.290292
-0.035567,1,1716.305912
-0.040241,1,1716.33715
-3.431135,50,1717.383784
-0.022256,1,1717.415024
-4.701326,50,1718.508518
-2.654309,50,1719.58639
-3.220452,50,1720.711123
-0.007937,1,1720.742372
-0.049836,1,1720.773607
-5.952071,50,1721.913969
-0.038008,1,1721.92959
-0.029489,1,1721.976453
-3.10226,50,1723.13243
-0.033593,1,1723.148052
-3.407501,50,1724.335275
-0.014342,1,1724.366514
-0.003851,1,1724.397756
-4.143948,50,1725.506876
-5.646742,50,1726.631608
-3.914087,50,1727.709479
-0.0288,1,1727.725101
-0.03553,1,1727.756342
-2.969579,50,1728.834216
-5.744403,50,1729.927716
-3.709674,50,1731.068069
-4.457281,50,1732.161562
-6.587476,50,1733.223813
-0.023481,1,1733.255057
-3.559533,50,1734.36417
-5.178477,50,1735.457663
-3.78587,50,1736.660502
-3.097611,50,1737.738374
-0.030421,1,1737.753995
-3.757794,50,1738.847492
-0.028669,1,1738.863114
-5.604209,50,1739.940981
-3.41255,50,1741.018858
-4.250863,50,1742.081107
-3.496877,50,1743.424542
-3.596483,50,1744.533656
-0.00728,1,1744.54928
-3.170321,50,1745.705256
-6.883412,50,1746.798746
-0.039749,1,1746.829999
-4.399432,50,1747.907864
-4.340648,50,1749.110703
-3.714765,50,1750.204205
-5.072416,50,1751.282067
-2.587149,50,1752.438051
-5.171532,50,1753.609657
-5.131913,50,1754.796872
-4.359858,50,1756.015331
-3.811148,50,1757.186935
-0.036356,1,1757.202558
-5.547324,50,1758.45226
-4.683379,50,1759.592621
-5.201128,50,1760.732972
-5.347818,50,1761.795227
-0.045416,1,1761.826466
-5.424279,50,1762.93558
-2.802006,50,1764.044696
-4.11665,50,1765.216295
-2.895056,50,1766.356656
-4.767846,50,1767.512634
-2.539622,50,1768.652986
-4.113969,50,1769.762103
-2.843692,50,1770.90246
-2.967695,50,1772.011577
-0.031966,1,1772.027199
-4.855421,50,1773.10507
-4.930541,50,1774.26105
-5.26212,50,1775.401404
-3.123288,50,1776.526139
-0.047751,1,1776.541759
-6.123677,50,1777.58839
-0.024245,1,1777.619636
-2.955572,50,1778.68188
-2.8452,50,1779.775381
-3.014222,50,1784.321182
-5.286055,50,1785.399055
-4.859106,50,1786.461304
-0.04167,1,1786.476926
-0.043386,1,1786.508171
-0.028923,1,1786.555036
-3.016304,50,1787.648527
-4.267642,50,1788.710777
-5.506863,50,1789.851136
-2.897186,50,1790.960248
-4.687446,50,1792.069367
-6.729084,50,1793.147238
-4.191518,50,1794.271974
-3.154836,50,1795.459193
-4.529339,50,1796.583926
-0.046127,1,1796.599549
-3.225637,50,1797.661803
-5.106785,50,1798.755294
-0.041279,1,1798.786537
-6.015871,50,1799.880032
-3.538658,50,1800.957901
-4.638667,50,1802.02015
-3.762921,50,1803.113647
-5.334194,50,1804.207137
-2.690315,50,1805.300633
-3.600724,50,1806.487854
-5.405087,50,1807.596971
-0.034442,1,1807.612591
-3.824215,50,1808.752946
-5.331411,50,1809.815193
-6.014682,50,1811.00242
-6.193845,50,1812.189641
-3.125305,50,1813.298791
-5.628573,50,1814.361005
-0.044168,1,1814.376628
-4.851898,50,1815.485742
-3.601109,50,1816.594854
-7.001569,50,1817.688349
-4.598081,50,1818.844323
-3.991787,50,1819.937822
-4.706595,50,1821.015692
-3.509901,50,1822.140424
-0.027734,1,1822.171669
-0.031189,1,1822.18729
-4.021714,50,1823.312028
-3.088737,50,1824.405522
-3.967965,50,1825.561498
-6.198686,50,1826.670612
-4.851235,50,1827.810968
-0.045261,1,1827.842208
-6.148106,50,1828.951329
-4.675884,50,1830.013576
-0.038573,1,1830.044823
-3.905626,50,1831.138313
-4.125699,50,1832.263081
-3.793501,50,1833.419029
-0.040988,1,1833.43465
-5.61373,50,1834.512523
-4.028635,50,1835.621639
-5.008381,50,1836.715128
-3.97956,50,1837.777377
-6.19208,50,1838.855252
-5.368448,50,1839.964365
-3.482406,50,1841.042236
-5.125864,50,1842.104489
-3.26253,50,1843.229224
-4.327767,50,1844.291473
-4.684118,50,1845.463072
-2.961772,50,1846.572187
-4.135209,50,1847.712543
-4.42098,50,1848.806036
-5.336496,50,1849.883908
-0.015975,1,1849.899533
-4.27593,50,1850.993027
-4.246581,50,1852.102143
-3.872019,50,1853.180014
-5.087489,50,1854.257885
-4.193617,50,1855.351377
-3.436034,50,1856.507351
-4.686316,50,1857.757074
-3.114791,50,1858.89742
-4.602348,50,1859.975292
-3.05042,50,1861.100025
-5.968879,50,1862.209138
-0.047902,1,1862.240421
-0.048528,1,1862.271679
-5.23656,50,1863.333876
-2.991645,50,1864.442992
-4.567177,50,1865.536485
-5.222184,50,1866.645596
-5.493046,50,1867.770334
-2.9632,50,1868.941932
-4.448485,50,1870.03543
-4.772374,50,1871.097677
-4.876491,50,1872.191173
-2.721627,50,1873.22218
-2.948195,50,1874.268809
-3.428137,50,1875.409163
-3.441384,50,1876.533902
-4.40597,50,1877.627397
-4.471626,50,1878.736508
-5.106525,50,1879.986218
-6.67368,50,1881.079708
-3.059931,50,1882.204447
-5.374123,50,1883.251075
-4.892814,50,1884.313327
-5.399091,50,1885.563032
-0.036461,1,1885.578663
-4.949173,50,1886.70339
-3.252478,50,1887.874994
-0.011984,1,1887.890606
-5.407112,50,1888.999723
-0.032713,1,1889.030963
-0.04489,1,1889.062207
-5.228482,50,1890.218188
-5.298773,50,1891.389784
-4.637495,50,1892.82695
-3.910848,50,1893.951688
-5.318447,50,1895.045178
-5.296414,50,1896.248025
-4.858236,50,1897.310269
-4.249667,50,1898.497494
-3.230961,50,1899.559741
-3.502174,50,1900.621991
-0.047084,1,1900.653265
-4.333622,50,1901.80922
-2.888571,50,1902.840225
-3.599286,50,1903.964956
-5.800514,50,1905.105315
-3.913494,50,1906.230051
-0.021704,1,1906.261295
-6.81296,50,1907.323542
-4.733244,50,1908.401417
-4.274467,50,1909.557396
-3.474079,50,1910.744618
-4.815407,50,1911.806866
-8.579518,50,1912.900357
-4.38935,50,1914.025094
-0.024643,1,1914.056335
-2.791309,50,1915.149831
-3.054237,50,1916.305809
-3.238519,50,1917.414921
-0.026865,1,1917.430543
-5.579555,50,1918.617767
-4.933946,50,1919.695639
-3.46703,50,1920.789132
-0.031584,1,1920.820372
-4.110678,50,1921.913868
-4.793811,50,1923.054227
-4.431778,50,1924.132096
-6.862839,50,1925.25683
-3.995866,50,1926.444054
-5.046154,50,1927.506304
-2.658285,50,1928.631037
-4.195463,50,1929.740153
-4.247996,50,1930.833646
-4.980629,50,1931.974004
-5.454108,50,1933.083118
-5.690892,50,1934.160993
-0.042875,1,1934.176622
-3.718296,50,1935.332589
-5.574498,50,1936.426085
-4.081217,50,1937.5352
-6.6901,50,1938.722421
-5.736874,50,1939.878396
-4.657238,50,1940.987523
-0.039994,1,1941.018757
-4.595325,50,1942.096624
-6.633924,50,1943.20574
-2.60821,50,1944.314856
-4.027859,50,1945.377106
-5.042722,50,1946.486219
-4.063506,50,1947.610956
-5.062874,50,1948.673206
-4.250391,50,1949.751079
-0.022129,1,1949.766701
-0.049371,1,1949.797943
-4.979473,50,1950.922682
-0.048397,1,1950.95392
-4.253801,50,1952.047416
-4.636731,50,1953.156527
-6.305057,50,1954.312507
-3.956992,50,1955.374758
-0.021223,1,1955.406002
-4.624616,50,1956.608842
-3.029519,50,1957.717958
-0.044764,1,1957.749198
-3.488753,50,1958.827071
-3.872132,50,1959.951806
-4.986586,50,1961.170274
-0.037169,1,1961.185895
-4.58884,50,1962.279386
-4.245996,50,1963.419746
-3.781808,50,1964.544478
-3.390811,50,1965.700461
-0.034413,1,1965.716081
-0.018736,1,1965.747325
-4.313937,50,1966.856435
-4.731827,50,1967.94993
-5.32455,50,1969.043424
-4.258345,50,1970.168156
-4.994785,50,1971.308514
-0.04801,1,1971.339756
-3.017021,50,1972.433253
-0.026242,1,1972.464492
-0.043665,1,1972.495733
-6.746981,50,1973.573612
-4.248433,50,1974.651483
-3.133963,50,1975.698109
-5.171128,50,1976.854087
-3.076126,50,1977.94758
-2.801753,50,1979.072317
-3.975525,50,1980.103323
-2.860599,50,1981.228063
-2.576332,50,1982.30593
-3.2306,50,1983.336944
-0.047777,1,1983.368185
-5.499321,50,1984.477298
-0.037172,1,1984.508574
-0.025335,1,1984.524198
-5.250955,50,1985.69576
-5.237514,50,1986.804878
-0.046437,1,1986.836117
-4.638577,50,1987.945235
-0.019447,1,1987.976478
-5.718585,50,1989.148074
-0.023866,1,1989.163696
-4.523939,50,1990.335297
-0.042177,1,1990.366539
-5.590212,50,1991.55376
-5.524539,50,1992.647252
-2.797626,50,1993.740744
-4.16735,50,1994.834241
-4.165191,50,1995.943354
-4.156274,50,1997.005604
-3.900412,50,1998.099094
-3.826614,50,1999.17697
-4.870666,50,2000.301704
-0.035241,1,2000.332947
-3.524,50,2001.488927
-5.130527,50,2002.613666
-4.359543,50,2003.644673
-3.600902,50,2004.738166
-3.664392,50,2005.8629
-5.081615,50,2009.580776
-3.561316,50,2010.658646
-4.325005,50,2011.767762
-0.048368,1,2011.783383
-0.030001,1,2011.81463
-5.797039,50,2012.892498
-3.277398,50,2013.970372
-4.3337,50,2015.016998
-3.40683,50,2016.266742
-3.624754,50,2017.453927
-5.541845,50,2018.563044
-5.118339,50,2019.625291
-3.789104,50,2020.703166
-3.747619,50,2021.827899
-0.042237,1,2021.859143
-5.998861,50,2023.108848
-4.670389,50,2024.186719
-3.816066,50,2025.280216
-3.981255,50,2026.373703
-3.388401,50,2027.482825
-3.538705,50,2028.52945
-5.331538,50,2029.669807
-3.013812,50,2030.763303
-4.510956,50,2031.872414
-3.324296,50,2032.965908
-5.687179,50,2034.043778
-4.165917,50,2035.152897
-5.043026,50,2036.262013
-0.046589,1,2036.293251
-3.859916,50,2037.402366
-3.510661,50,2038.495863
-4.314703,50,2039.55811
-4.465413,50,2040.635983
-5.897142,50,2041.682613
-2.77154,50,2042.807345
-2.509657,50,2043.947707
-2.761004,50,2045.009957
-0.040527,1,2045.041197
-4.639278,50,2046.150315
-0.030713,1,2046.181556
-5.160451,50,2047.243807
-5.386012,50,2048.337296
-4.152434,50,2049.508898
-6.292676,50,2050.618011
-5.437962,50,2051.695882
-6.175804,50,2052.83624
-0.046314,1,2052.851862
-4.822312,50,2053.960981
-4.293128,50,2055.070091
-4.177164,50,2056.210448
-2.69974,50,2057.350806
-0.046607,1,2057.366429
-4.598405,50,2058.413054
-2.693696,50,2059.569036
-3.408413,50,2060.74064
-2.521412,50,2061.834131
-4.196896,50,2062.927623
-5.281701,50,2064.036738
-0.014863,1,2064.052358
-0.015647,1,2064.067983
-4.916806,50,2065.223958
-4.743008,50,2066.395558
-4.162034,50,2067.58278
-3.704585,50,2068.712052
-3.07514,50,2069.805542
-0.020894,1,2069.836785
-4.494634,50,2070.909743
-2.556866,50,2071.987609
-3.07739,50,2073.081104
-5.742015,50,2074.158978
-4.084665,50,2075.252468
-5.379526,50,2076.424068
-2.646484,50,2077.564429
-4.869537,50,2078.673542
-6.07049,50,2079.767033
-0.038465,1,2079.79828
-5.13461,50,2080.876154
-3.818459,50,2081.969642
-2.593037,50,2083.078757
-3.794333,50,2084.20349
-4.58905,50,2085.296986
-2.829668,50,2086.390477
-4.001192,50,2087.499593
-4.595865,50,2088.593087
-4.246145,50,2089.686583
-0.033537,1,2089.717819
-3.403793,50,2090.811317
-0.038899,1,2090.826939
-4.779405,50,2091.982913
-2.67798,50,2093.123269
-4.530407,50,2094.1699
-3.983306,50,2095.247771
-3.289201,50,2096.278778
-3.617185,50,2097.341034
-4.429953,50,2098.434524
-6.244051,50,2099.528019
-6.084172,50,2100.590266
-3.624396,50,2101.668143
-6.134373,50,2102.746044
-5.091825,50,2103.901989
-0.044644,1,2103.917612
-4.398636,50,2104.979867
-0.039677,1,2104.995486
-2.659533,50,2106.120216
-5.468701,50,2107.229337
-4.786352,50,2108.510281
-3.077142,50,2109.603791
-5.397078,50,2110.68165
-5.052898,50,2111.790761
-4.495495,50,2112.899875
-0.040361,1,2112.915498
-4.951153,50,2114.008993
-0.047563,1,2114.024615
-6.564544,50,2115.352424
-2.619479,50,2116.461543
-5.029857,50,2117.617517
-3.998969,50,2118.711013
-3.921315,50,2119.820127
-3.894038,50,2120.960481
-0.039415,1,2120.976102
-0.03058,1,2120.991724
-3.914497,50,2122.132082
-3.508184,50,2123.25682
-6.091002,50,2124.412795
-4.067694,50,2125.521911
-4.704681,50,2126.646647
-3.053109,50,2127.802626
-3.280343,50,2128.927361
-5.448859,50,2130.052098
-3.61034,50,2131.145593
-3.143617,50,2132.223462
-3.696312,50,2133.348236
-3.866295,50,2134.394826
-0.035705,1,2134.42607
-4.167961,50,2135.535183
-3.831843,50,2136.659922
-3.018533,50,2137.769034
-5.812022,50,2138.878186
-6.485735,50,2139.971645
-5.378331,50,2141.002654
-0.023591,1,2141.018286
-3.890479,50,2142.143006
-3.490026,50,2143.345852
-5.454081,50,2144.39248
-4.704511,50,2145.47035
-4.127522,50,2146.626328
-4.89575,50,2147.704204
-4.576519,50,2148.782076
-4.138964,50,2149.906814
-4.271668,50,2151.078411
-3.662354,50,2152.156284
-4.432967,50,2153.281015
-5.517138,50,2154.37451
-4.342426,50,2155.468004
-0.040945,1,2155.483626
-5.463331,50,2156.702088
-4.901963,50,2157.811206
-4.450405,50,2158.982801
-0.040654,1,2158.998424
-5.269852,50,2160.10754
-0.046843,1,2160.123163
-2.542376,50,2161.341624
-5.259234,50,2162.872514
-3.744875,50,2164.137841
-2.821636,50,2165.309443
-5.466182,50,2166.434179
-4.268498,50,2167.574535
-0.047492,1,2167.605776
-4.474457,50,2168.777376
-4.615487,50,2169.855249
-5.024019,50,2170.933123
-4.176914,50,2172.104721
-3.754623,50,2173.27632
-2.746052,50,2174.354195
-5.207442,50,2175.494552
-4.957979,50,2176.603668
-4.751842,50,2177.697159
-4.277214,50,2178.868755
-4.187227,50,2179.993495
-5.032179,50,2181.086988
-2.609134,50,2182.211721
-0.022385,1,2182.242963
-0.044861,1,2182.258588
-3.380939,50,2183.430188
-3.429608,50,2184.586166
-4.608443,50,2185.851494
-5.500394,50,2186.960606
-4.81567,50,2188.132206
-4.808466,50,2189.241323
-3.674814,50,2190.397298
-4.088921,50,2191.537656
-0.005227,1,2191.568895
-4.388621,50,2192.678014
-3.124321,50,2193.833993
-3.577484,50,2194.911863
-4.652155,50,2196.020981
-4.006603,50,2197.145714
-3.967918,50,2198.270452
-5.097775,50,2199.34832
-3.975335,50,2200.441813
-5.450935,50,2201.504064
-3.848564,50,2202.722528
-5.100394,50,2203.847263
-2.58798,50,2204.909521
-0.027189,1,2204.92514
-0.033921,1,2204.972
-5.147711,50,2206.081115
-5.54373,50,2207.221476
-4.840829,50,2208.268104
-5.917414,50,2209.361598
-2.810975,50,2210.423847
-3.073259,50,2211.548585
-3.309989,50,2212.735805
-3.131714,50,2213.860537
-5.19127,50,2215.000898
-3.048187,50,2216.094387
-5.102491,50,2217.187881
-2.598664,50,2218.250131
-4.497272,50,2219.359246
-5.135842,50,2220.468365
-4.844289,50,2221.577478
-3.247711,50,2222.702211
-0.031736,1,2222.717833
-5.01234,50,2223.967537
-0.014556,1,2223.983159
-4.014383,50,2225.154763
-5.377857,50,2226.295116
-5.696605,50,2227.357369
-4.21437,50,2228.482106
-4.784749,50,2229.591221
-5.362573,50,2230.762817
-5.53409,50,2231.903179
-4.068922,50,2236.386498
-0.037709,1,2236.433363
-3.514867,50,2237.526853
-6.82098,50,2238.620347
-4.704137,50,2239.745082
-5.19484,50,2240.916686
-5.326044,50,2242.057038
-5.854144,50,2243.1974
-2.784311,50,2244.29089
-4.308302,50,2245.415629
-5.532573,50,2246.4935
-4.577693,50,2247.649475
-4.041761,50,2248.774213
-4.12558,50,2249.89895
-3.626292,50,2251.039307
-3.617409,50,2252.117182
-0.038821,1,2252.132801
-5.30025,50,2253.304397
-4.708247,50,2254.413512
-4.057004,50,2255.631974
-5.898873,50,2256.787955
-0.020383,1,2256.819196
-5.04343,50,2257.943937
-4.554204,50,2259.037427
-3.772209,50,2260.209031
-2.925504,50,2261.286898
-4.337198,50,2262.380394
-0.020283,1,2262.396017
-0.035961,1,2262.411638
-0.044553,1,2262.442876
-5.218442,50,2263.645716
-4.884188,50,2264.754833
-0.023433,1,2264.770454
-4.735281,50,2265.957708
-5.311744,50,2267.144929
-0.043798,1,2267.176144
-3.614715,50,2268.254013
-2.555956,50,2269.394369
-2.766932,50,2270.519139
-3.033485,50,2271.659461
-5.855797,50,2272.768576
-4.152967,50,2273.893312
-3.104701,50,2274.971184
-4.919551,50,2276.049055
-0.040198,1,2276.064682
-4.504871,50,2277.189416
-0.044994,1,2277.205038
-3.096394,50,2278.282909
-4.321299,50,2279.407645
-0.018443,1,2279.438886
-4.550663,50,2280.501135
-5.588246,50,2281.563385
-6.382692,50,2282.594398
-4.058896,50,2283.81286
-4.493865,50,2284.937596
-3.048659,50,2286.06233
-2.653041,50,2287.171446
-3.647089,50,2288.3118
-2.513095,50,2289.358434
-6.337964,50,2290.483167
-5.978977,50,2291.561038
-0.018962,1,2291.592288
-3.329566,50,2292.685774
-4.340105,50,2293.857372
-4.253154,50,2294.982108
-4.545072,50,2296.106844
-2.796249,50,2297.247201
-3.904283,50,2298.340695
-5.238426,50,2299.41857
-0.018508,1,2299.449839
-4.624746,50,2300.52768
-4.867582,50,2301.68366
-6.094395,50,2302.792776
-0.043223,1,2302.824018
-5.934188,50,2303.995619
-0.011587,1,2304.011241
-3.015897,50,2305.339052
-6.347163,50,2306.448171
-5.313864,50,2307.557284
-0.0424,1,2307.572905
-4.049359,50,2308.682016
-4.658785,50,2309.853621
-5.922123,50,2311.009593
-5.623786,50,2312.10309
-5.812285,50,2313.180959
-0.049347,1,2313.212205
-3.53305,50,2314.274458
-4.912284,50,2315.446052
-3.587705,50,2316.680137
-4.563202,50,2317.804872
-0.048268,1,2317.836118
-0.035928,1,2317.85174
-0.028016,1,2317.898601
-4.677556,50,2318.9921
-4.704476,50,2320.054353
-4.638725,50,2321.132219
-3.800336,50,2322.256953
-0.049051,1,2322.288194
-0.013876,1,2322.303818
-5.0556,50,2323.397313
-4.157048,50,2324.506428
-0.031134,1,2324.537667
-6.276978,50,2325.615541
-5.030261,50,2326.724654
-3.406651,50,2327.896256
-3.147408,50,2329.036613
-3.175146,50,2330.14573
-3.312254,50,2331.20798
-6.525226,50,2332.31709
-5.549324,50,2333.473068
-3.637718,50,2334.644675
-3.373798,50,2335.72254
-2.849183,50,2336.831655
-3.860002,50,2337.972013
-5.370095,50,2339.081129
-4.336786,50,2340.221483
-2.629178,50,2341.283737
-6.244835,50,2342.486619
-3.798547,50,2343.64256
-5.246025,50,2344.689185
-3.24385,50,2345.813919
-3.460497,50,2347.048009
-2.72377,50,2348.12588
-5.150482,50,2349.266237
-4.420924,50,2350.328485
-0.013559,1,2350.359729
-5.3519,50,2351.437601
-3.496539,50,2352.531095
-0.030928,1,2352.562336
-0.044437,1,2352.59358
-4.867907,50,2353.702695
-2.700795,50,2354.780566
-5.17157,50,2355.967785
-3.827434,50,2357.076899
-0.046484,1,2357.092522
-0.043246,1,2357.108142
-0.026771,1,2357.139384
-3.915709,50,2358.342228
-5.374113,50,2359.466963
-5.348953,50,2360.544839
-5.185912,50,2361.63833
-6.858394,50,2362.7162
-4.146546,50,2363.809692
-0.047954,1,2363.840935
-3.057891,50,2364.950053
-4.778717,50,2366.090407
-4.771421,50,2367.199525
-0.047405,1,2367.215147
-3.472463,50,2368.308639
-3.261035,50,2369.495858
-2.515768,50,2370.636214
-3.856567,50,2371.714087
-2.559733,50,2372.854443
-3.476144,50,2374.041668
-0.041628,1,2374.057289
-0.041657,1,2374.088532
-4.477751,50,2375.150778
-4.563691,50,2376.338004
-4.810959,50,2377.478361
-5.17976,50,2378.556228
-3.649141,50,2379.759072
-3.063041,50,2380.961914
-2.553124,50,2382.117893
-5.076351,50,2383.180144
-5.290257,50,2384.258015
-0.033554,1,2384.289263
-3.377681,50,2385.382754
-5.486892,50,2386.507485
-0.04639,1,2386.538731
-4.185334,50,2387.71033
-0.011085,1,2387.741577
-4.728714,50,2388.866307
-2.517159,50,2389.959801
-4.624981,50,2391.068919
-3.883586,50,2392.146786
-4.595714,50,2393.271524
-3.135092,50,2394.349395
-5.011567,50,2395.489756
-5.631458,50,2396.645731
-3.217932,50,2397.864197
-5.133544,50,2399.004551
-0.042618,1,2399.020172
-5.543578,50,2400.129293
-5.52379,50,2401.191539
-2.592322,50,2402.253788
-4.243436,50,2403.378526
-0.020361,1,2403.409766
-4.821397,50,2404.565779
-2.513017,50,2405.721722
-2.823256,50,2406.893331
-2.593359,50,2408.033679
-5.028442,50,2409.142798
-4.593914,50,2410.267534
-0.017806,1,2410.298774
-3.169266,50,2411.392268
-4.854505,50,2412.532627
-5.224878,50,2413.610501
-4.575715,50,2414.79772
-6.554826,50,2415.922456
-4.449338,50,2417.078435
-6.948065,50,2418.250037
-5.235761,50,2419.343526
-5.138344,50,2420.405776
-4.376656,50,2421.530514
-4.290784,50,2422.624003
-0.032786,1,2422.655248
-0.035048,1,2422.686491
-4.838538,50,2423.764361
-3.579579,50,2424.857858
-0.039624,1,2424.8891
-0.03384,1,2424.920342
-4.405227,50,2425.998214
-3.379064,50,2427.232298
-4.75065,50,2428.388276
-3.151527,50,2429.528636
-3.490921,50,2430.715854
-2.991812,50,2431.949938
-4.478129,50,2433.043433
-4.484499,50,2434.152544
-3.655148,50,2435.277281
-3.106113,50,2436.480125
-4.809475,50,2437.698588
-6.428577,50,2438.807704
-4.830073,50,2439.916816
-4.421793,50,2441.025935
-0.011842,1,2441.057174
-3.896358,50,2442.213152
-0.019738,1,2442.228776
-3.34591,50,2443.353513
-3.642452,50,2444.540731
-5.030452,50,2445.571742
-4.556296,50,2446.649613
-2.804181,50,2447.774348
-5.085746,50,2448.977193
-0.022253,1,2449.008434
-4.855841,50,2450.101928
-3.203975,50,2451.273524
-0.042482,1,2451.304768
-5.18973,50,2452.46075
-4.733235,50,2453.647974
-2.803344,50,2454.741476
-4.069859,50,2455.913059
-0.029117,1,2455.928685
-4.406476,50,2457.303358
-2.903043,50,2458.412474
-4.934326,50,2459.568452
-4.792591,50,2460.724434
-2.615238,50,2464.848461
-0.034773,1,2464.864085
-0.043328,1,2464.895327
-4.272097,50,2465.988819
-4.881926,50,2467.113554
-3.705358,50,2468.269533
-3.542834,50,2469.425511
-3.379925,50,2470.581492
-4.273446,50,2471.706229
-4.184565,50,2472.830966
-3.7716,50,2474.002561
-4.529751,50,2475.111675
-4.192879,50,2476.22079
-0.043947,1,2476.236411
-0.045851,1,2476.283276
-0.022205,1,2476.298901
-4.160729,50,2477.423637
-4.970796,50,2478.501508
-4.315996,50,2479.673108
-4.098078,50,2480.750981
-3.781782,50,2481.860129
-3.491764,50,2483.14104
-6.797598,50,2484.265777
-4.109053,50,2485.390512
-5.954725,50,2486.562115
-3.974447,50,2487.718089
-2.703357,50,2488.858447
-4.594881,50,2489.9832
-6.803162,50,2491.092296
-6.088547,50,2492.185791
-3.391613,50,2493.326151
-3.887813,50,2494.435262
-2.629337,50,2495.591244
-0.046914,1,2495.606864
-3.250698,50,2496.747221
-4.311139,50,2497.965687
-0.039885,1,2497.981307
-3.281055,50,2499.137284
-0.019602,1,2499.168527
-0.025565,1,2499.199771
-0.048579,1,2499.231011
-5.569047,50,2500.386993
-5.749694,50,2501.55859
-0.026723,1,2501.589834
-3.098017,50,2502.745811
-4.559169,50,2503.808063
-0.03278,1,2503.839305
-0.040161,1,2503.870546
-0.03764,1,2503.901818
-3.034057,50,2505.02653
-0.047567,1,2505.057769
-0.025611,1,2505.073391
-3.912738,50,2506.229368
-0.016832,1,2506.244993
-2.965569,50,2507.385346
-6.519708,50,2508.588192
-5.963376,50,2509.837896
-3.130505,50,2510.993877
-6.268914,50,2512.134232
-5.18788,50,2513.227726
-5.084125,50,2514.352458
-4.100272,50,2515.508438
-3.553352,50,2516.695659
-0.047682,1,2516.7269
-5.557799,50,2517.836019
-4.660952,50,2518.991994
-3.919912,50,2520.10111
-0.042152,1,2520.132351
-2.507055,50,2521.25709
-0.04439,1,2521.272713
-3.89506,50,2522.381826
-6.545724,50,2523.490944
-4.309412,50,2524.568809
-6.111237,50,2525.724791
-0.022366,1,2525.75603
-5.482449,50,2526.89639
-3.818575,50,2528.036749
-5.305862,50,2529.130244
-4.097163,50,2530.301837
-3.032036,50,2531.457816
-4.232447,50,2532.582555
-5.137075,50,2533.722914
-2.767551,50,2534.832024
-0.01861,1,2534.847646
-2.801963,50,2536.019248
-5.014833,50,2537.112743
-4.570377,50,2538.221857
-4.158199,50,2539.346592
-3.463225,50,2540.455704
-3.734886,50,2541.705413
-3.557213,50,2542.783285
-0.020511,1,2542.798907
-3.675582,50,2543.908021
-3.510096,50,2545.017133
-3.074009,50,2546.157489
-3.86755,50,2547.29785
-3.957196,50,2548.438207
-4.845914,50,2549.469213
-4.748871,50,2550.609572
-4.227936,50,2551.718683
-4.457111,50,2552.890316
-0.03582,1,2552.905907
-4.932305,50,2553.999398
-4.65424,50,2555.124132
-4.570137,50,2556.326975
-3.459376,50,2557.451712
-4.121989,50,2558.670182
-0.032982,1,2558.701422
-5.401556,50,2559.857396
-5.141078,50,2560.919647
-3.595567,50,2562.02878
-3.524396,50,2563.169122
-3.955801,50,2564.24699
-5.548789,50,2565.402969
-4.878204,50,2566.637056
-0.035217,1,2566.652681
-4.087264,50,2567.746172
-4.288202,50,2568.964636
-0.042596,1,2569.011495
-4.434358,50,2570.183096
-3.841612,50,2571.323453
-3.081328,50,2572.495056
-5.064346,50,2573.557303
-0.024051,1,2573.572926
-3.186105,50,2574.728953
-4.528918,50,2575.853639
-3.493816,50,2577.009617
-0.038788,1,2577.025239
-3.849174,50,2578.212459
-3.739552,50,2579.352817
-5.069178,50,2580.461935
-6.063703,50,2581.555428
-2.73415,50,2582.711402
-4.896513,50,2583.804897
-2.641961,50,2584.945253
-0.021756,1,2584.976496
-2.739827,50,2586.038755
-3.459057,50,2587.163483
-5.470351,50,2588.256979
-0.012607,1,2588.272601
-4.951781,50,2589.334849
-5.572992,50,2590.397121
-4.916034,50,2591.553078
-4.803415,50,2592.646571
-3.995093,50,2593.755687
-0.039155,1,2593.771307
-4.122589,50,2594.98977
-4.02262,50,2596.176991
-3.84647,50,2597.395454
-0.049149,1,2597.411076
-4.426925,50,2598.535813
-4.853953,50,2599.644925
-4.685446,50,2600.754039
-3.314407,50,2601.941261
-2.977131,50,2603.190968
-2.882045,50,2604.346948
-3.316045,50,2605.471682
-3.228729,50,2606.549555
-0.043526,1,2606.596418
-3.799786,50,2607.721156
-3.209024,50,2608.830268
-4.404054,50,2610.017489
-4.753951,50,2611.189091
-2.851175,50,2612.329446
-4.266288,50,2613.438561
-3.971372,50,2614.516434
-3.930478,50,2615.641173
-4.794956,50,2616.750286
-3.053003,50,2617.875021
-5.437924,50,2618.937274
-5.270755,50,2620.077626
-4.700277,50,2621.217984
-4.833489,50,2622.358342
-0.020647,1,2622.373967
-5.640251,50,2623.576809
-5.854051,50,2624.639055
-2.822699,50,2625.748173
-3.295246,50,2626.857285
-4.33573,50,2627.966402
-3.056544,50,2629.153622
-3.408449,50,2630.215874
-4.070003,50,2631.387468
-5.173305,50,2632.590314
-4.426594,50,2633.715049
-4.562565,50,2634.871031
-3.156897,36,2635.636476
-4.119951,50,2636.823697
-3.585446,50,2638.026536
-4.315988,50,2639.135651
-4.165441,50,2640.338497
-6.845609,50,2641.47885
-4.342903,50,2642.650451
-4.579512,50,2643.837671
-4.231235,50,2644.96241
-0.04082,1,2644.978029
-4.642951,50,2646.087141
-4.602061,50,2647.243122
-5.49668,50,2648.336619
-3.288899,50,2649.523835
-2.848131,50,2650.60171
-0.016747,1,2650.617332
-3.721729,50,2651.742066
-0.041473,1,2651.773309
-5.038858,50,2652.8668
-0.044981,1,2652.898044
-4.596918,50,2654.022783
-0.01554,1,2654.054025
-0.022033,1,2654.08527
-4.156511,50,2655.178761
-0.037621,1,2655.210004
-4.374239,50,2656.381599
-3.659701,50,2657.521957
-5.284962,50,2658.584209
-6.567296,50,2659.708943
-4.947584,50,2660.864922
-5.072338,50,2661.989662
-0.016604,1,2662.020902
-0.033225,1,2662.052147
-6.317747,50,2663.208121
-0.010122,1,2663.223742
-3.203996,50,2664.364099
-3.279766,50,2665.566942
-5.153657,50,2666.785406
-3.7337,50,2667.900037
-6.217474,50,2669.009148
-5.042889,50,2670.160084
-2.573006,50,2671.25358
-0.033545,1,2671.284823
-4.685692,50,2672.425176
-4.836434,50,2673.534292
-4.254898,50,2674.705894
-3.225364,50,2675.799387
-4.961547,50,2676.924119
-4.51797,50,2678.017614
-0.024893,1,2678.064476
-3.851366,50,2679.251702
-5.144935,50,2680.454541
-5.923084,50,2681.594901
-4.632715,50,2682.735255
-4.999162,50,2683.781884
-4.653509,50,2684.891003
-4.242094,50,2686.000112
-4.562276,50,2687.109231
-4.779501,50,2688.296449
-3.245848,50,2689.421189
-3.022044,50,2690.67089
-0.041996,1,2690.702137
-5.022174,50,2691.826869
-4.492632,50,2695.919657
-2.597469,50,2697.013151
-0.046735,1,2697.044394
-5.693532,50,2698.231626
-4.703724,50,2699.418839
-2.829821,50,2700.574814
-2.63641,50,2701.668308
-4.680914,50,2702.761802
-3.705924,50,2703.917778
-0.041346,1,2703.933403
-3.118839,50,2705.073758
-4.750698,50,2706.214114
-4.962172,50,2707.354476
-5.024661,50,2708.526075
-5.40985,50,2709.666432
-3.620967,50,2710.759922
-6.477444,50,2711.822177
-3.405374,50,2713.025014
-5.171307,50,2714.087267
-3.851827,50,2715.133895
-2.942759,50,2716.243009
-2.717534,50,2717.383367
-3.508271,50,2718.492483
-4.287596,50,2719.585978
-0.042622,1,2719.6016
-4.414276,50,2720.695089
-5.284422,50,2721.86669
-3.643919,50,2723.00705
-5.689151,50,2724.131787
-2.99718,50,2725.287758
-0.021955,1,2725.30338
-3.53578,50,2726.4125
-3.396728,50,2727.537236
-4.65427,50,2728.615108
-3.149566,50,2729.927297
-4.544135,50,2731.052032
-5.861064,50,2732.192391
-4.216964,50,2733.332745
-0.038623,1,2733.363987
-0.045285,1,2733.395238
-5.597003,50,2734.488728
-4.52381,50,2735.69157
-2.835299,50,2736.831928
-0.013156,1,2736.847549
-5.112486,50,2737.972283
-5.132932,50,2739.112637
-0.049115,1,2739.143882
-2.763115,50,2740.31548
-5.107384,50,2741.377735
-4.658504,50,2742.471228
-4.6348,50,2743.642828
-5.374612,50,2744.751937
-0.047602,1,2744.76756
-4.431235,50,2745.829813
-0.01942,1,2745.861065
-5.257757,50,2747.001411
-0.014957,1,2747.032653
-2.522467,50,2748.188636
-0.014755,1,2748.219878
-0.026123,1,2748.25112
-5.612693,50,2749.422717
-4.000424,50,2750.578695
-4.834467,50,2751.687811
-5.518431,50,2752.781307
-4.696464,50,2753.874798
-4.257337,50,2754.999533
-4.389578,50,2756.155512
-5.226385,50,2757.342759
-4.562081,50,2758.467471
-0.038387,1,2758.49871
-3.577835,50,2759.607827
-3.56548,50,2760.685698
-0.038422,1,2760.716942
-3.29353,50,2761.794814
-5.028468,50,2762.872684
-4.755545,50,2764.028661
-3.38165,50,2765.153435
-3.869483,50,2766.231273
-3.308025,50,2767.371629
-4.815358,50,2768.574473
-3.03974,50,2769.683584
-0.047296,1,2769.714825
-4.878949,50,2770.870807
-0.022267,1,2770.90205
-5.423145,50,2771.99554
-4.245072,50,2773.151518
-4.815469,50,2774.245013
-0.036596,1,2774.260636
-0.039878,1,2774.276256
-0.023146,1,2774.307496
-3.808196,50,2775.494718
-5.372957,50,2776.697563
-4.923353,50,2777.869163
-4.096253,50,2779.009518
-0.045616,1,2779.040762
-5.866744,50,2780.149876
-6.417033,50,2781.290232
-2.738224,50,2782.414969
-0.046733,1,2782.446215
-4.32902,50,2783.586568
-0.044232,1,2783.60219
-0.032691,1,2783.617812
-4.22844,50,2784.789409
-3.232473,50,2785.882905
-6.452172,50,2787.007644
-3.117819,50,2788.101133
-4.642435,50,2789.241494
-4.706565,50,2790.319361
-5.541723,50,2791.475339
-3.939884,50,2792.56883
-4.633566,50,2793.927889
-3.065782,50,2795.177596
-4.774026,50,2796.41168
-5.450838,50,2797.662566
-3.713425,50,2798.916684
-4.553993,50,2800.041431
-3.11388,50,2801.181773
-0.044852,1,2801.197396
-4.010843,50,2802.337761
-3.770362,50,2803.509353
-3.371555,50,2804.587225
-4.362571,50,2805.680726
-3.508392,50,2806.914802
-4.826409,50,2808.070786
-4.535374,50,2809.258005
-3.019351,50,2810.398358
-4.340494,50,2811.523094
-0.014316,1,2811.538715
-0.005461,1,2811.554338
-5.884675,50,2812.725936
-0.033968,1,2812.772803
-0.037533,1,2812.804042
-6.57438,50,2813.928778
-3.794048,50,2815.06914
-5.858125,50,2816.17825
-4.285935,50,2817.224883
-4.240426,50,2818.365237
-0.020302,1,2818.396483
-2.797965,50,2819.568094
-4.88419,50,2820.786543
-0.04976,1,2820.802166
-5.192846,50,2821.88004
-4.44162,50,2823.020394
-5.881916,50,2824.129512
-3.323258,50,2825.207386
-4.706025,50,2826.316499
-0.02315,1,2826.36336
-4.838445,50,2827.534962
-4.874499,50,2828.800287
-6.597847,50,2829.925025
-4.261386,50,2831.002897
-3.902001,50,2832.112012
-5.12781,50,2833.221124
-6.038346,50,2834.361521
-0.022298,1,2834.392728
-5.61082,50,2835.579943
-3.48896,50,2836.704679
-5.832007,50,2837.860658
-4.066858,50,2839.063502
-6.339909,50,2840.25072
-4.391547,50,2841.391078
-0.03958,1,2841.406708
-3.532433,50,2842.59393
-5.18537,50,2843.812385
-5.8869,50,2844.968369
-0.04716,1,2844.999646
-4.860016,50,2846.139969
-4.266557,50,2847.217837
-4.138279,50,2848.311328
-0.02594,1,2848.326949
-3.627485,50,2849.49855
-3.14117,50,2850.623284
-4.094461,50,2851.810506
-6.138851,50,2852.935242
-9.386307,50,2854.106842
-5.131237,50,2855.215957
-3.684279,50,2856.418799
-4.003561,50,2857.606025
-3.418183,50,2858.683895
-0.013024,1,2858.699517
-3.85215,50,2859.839871
-2.711485,50,2860.99585
-0.036615,1,2861.027096
-0.046261,1,2861.042713
-0.047792,1,2861.073959
-3.248242,50,2862.245556
-0.009622,1,2862.276798
-5.751111,50,2863.510888
-5.134647,50,2864.635619
-5.714825,50,2865.77598
-6.189927,50,2866.947576
-3.385782,50,2868.025449
-5.310692,50,2869.165805
-0.035709,1,2869.181434
-3.249143,50,2870.337406
-0.026584,1,2870.353029
-5.315109,50,2871.477767
-3.582823,50,2872.571259
-3.573565,50,2873.820961
-2.939874,50,2874.992565
-6.693754,50,2876.086056
-4.508136,50,2877.163929
-4.993697,50,2878.241799
-4.226373,50,2879.42902
-5.796437,50,2880.538133
-2.565261,50,2881.678491
-3.112693,50,2882.787621
-3.545778,50,2883.912341
-4.959738,50,2885.037077
-5.572546,50,2886.161817
-5.586666,50,2887.317792
-5.306466,50,2888.567498
-5.005553,50,2889.754719
-0.043962,1,2889.77034
-0.006548,1,2889.801587
-5.621229,50,2890.957566
-3.100157,50,2892.051059
-6.337962,50,2893.160172
-0.041669,1,2893.207032
-0.026103,1,2893.222658
-3.627245,50,2894.34739
-0.026632,1,2894.378633
-3.349383,50,2895.45651
-4.50849,50,2896.596863
-4.122606,50,2897.768469
-2.791864,50,2898.924444
-6.36383,50,2899.971073
-5.658735,50,2901.111429
-4.659547,50,2902.236166
-0.017454,1,2902.267408
-2.8046,50,2903.392145
-0.007589,1,2903.423384
-0.048871,1,2903.439007
-4.536451,50,2904.532501
-0.04306,1,2904.56374
-2.96326,50,2905.688481
-4.140744,50,2906.828834
-4.529492,50,2907.922329
-5.330027,50,2908.984579
-0.043692,1,2909.015821
-3.319314,50,2910.171799
-3.434999,50,2911.265298
-2.975251,50,2912.608728
-3.558042,50,2913.764706
-3.681486,50,2914.842577
-6.216364,50,2916.07666
-6.000192,50,2917.232641
-4.327543,50,2918.451104
-3.888679,50,2919.544603
-0.046982,1,2919.560222
-3.386049,50,2920.731852
-2.775339,50,2921.903417
-4.302088,50,2923.153125
-5.396221,50,2927.605204
-5.037291,50,2928.745563
-4.405463,50,2929.88592
-2.619396,50,2931.026276
-4.17643,50,2932.119771
-4.595461,50,2933.197644
-3.217911,50,2934.447352
-4.754204,50,2935.54084
-4.682574,50,2936.71244
-3.144812,50,2937.821559
-3.619123,50,2938.930671
-5.01275,50,2940.039784
-3.010623,50,2941.148903
-3.774137,50,2942.273634
-3.933729,50,2943.476477
-0.032208,1,2943.50772
-4.004217,50,2944.585592
-0.020328,1,2944.616835
-3.365245,50,2945.725952
-4.723992,50,2946.881932
-0.042659,1,2946.897552
-4.88791,50,2948.022288
-3.584434,50,2949.193884
-3.746151,50,2950.318622
-0.036658,1,2950.334243
-4.663154,50,2951.552709
-0.018129,1,2951.583948
-0.034115,1,2951.599569
-5.293484,50,2952.739929
-0.039842,1,2952.771167
-5.357419,50,2953.911531
-3.967132,50,2955.02064
-4.216056,50,2956.17662
-5.273669,50,2957.332597
-3.468018,50,2958.48858
-4.766005,50,2959.628932
-3.678488,50,2960.738049
-4.838371,50,2961.831545
-0.046618,1,2961.847165
-0.016711,1,2961.878408
-5.093182,50,2963.018763
-4.248143,50,2964.221604
-0.014941,1,2964.237226
-2.911988,50,2965.393206
-0.040993,1,2965.424446
-3.880415,50,2966.611672
-5.742884,50,2967.752023
-4.833531,50,2968.86114
-3.618494,50,2970.017118
-3.074991,50,2971.1731
-5.34354,50,2972.313454
-0.046311,1,2972.344694
-5.4222,50,2973.406948
-5.063007,50,2974.562926
-0.040344,1,2974.594169
-0.033237,1,2974.609791
-3.293992,50,2975.750149
-5.391431,50,2976.890503
-4.616197,50,2977.968375
-0.03412,1,2977.999619
-0.023766,1,2978.01524
-3.824219,50,2979.155603
-4.110136,50,2980.280334
-4.329389,50,2981.358209
-4.729112,50,2982.56105
-0.036483,1,2982.592294
-4.70409,50,2983.701408
-0.033425,1,2983.717027
-4.279109,50,2984.841761
-3.674928,50,2985.997744
-4.464799,50,2987.122475
-2.675527,50,2988.262836
-5.510115,50,2989.340704
-6.604928,50,2990.40296
-3.684128,50,2991.543346
-4.442555,50,2992.636808
-2.590208,50,2993.792785
-2.853042,50,2994.901901
-4.822141,50,2995.995398
-0.045865,1,2996.026634
-4.0114,50,2997.166992
-0.038921,1,2997.213857
-6.118947,50,2998.416698
-2.765831,50,2999.494569
-4.206826,50,3000.572483
-3.086254,50,3001.85339
-0.025771,1,3001.869012
-4.467544,50,3002.962508
-4.729555,50,3004.180967
-0.042729,1,3004.212221
-3.331785,50,3005.368196
-4.088903,50,3006.446063
-0.033284,1,3006.461684
-5.074049,50,3007.680149
-3.620166,50,3008.804886
-0.039825,1,3008.820505
-5.901867,50,3010.007727
-4.176676,50,3011.210568
-0.013423,1,3011.226192
-6.279207,50,3012.350924
-5.3568,50,3013.444424
-4.667234,50,3014.55354
-5.373062,50,3015.662646
-6.469142,50,3016.849867
-3.084096,50,3017.958986
-4.344216,50,3019.114961
-3.001462,50,3020.224075
-4.290772,50,3021.333194
-3.392613,50,3022.426683
-3.863412,50,3023.629529
-5.552097,50,3024.769888
-4.004695,50,3025.879
-4.286606,50,3027.019393
-6.101688,50,3028.128484
-3.908473,50,3029.425043
-3.175384,50,3030.581021
-2.38795,31,3031.252739
-3.673357,50,3032.346232
-5.079458,50,3033.424133
-0.044946,1,3033.470964
-6.062186,50,3034.548837
-6.602925,50,3035.73606
-0.048436,1,3035.767302
-5.353239,50,3036.860792
-0.037689,1,3036.876414
-0.040713,1,3036.907655
-5.963939,50,3037.985531
-4.948051,50,3039.063405
-2.734874,50,3040.281864
-2.805409,50,3041.469092
-2.945237,50,3042.578205
-3.054914,50,3043.781047
-2.931804,50,3044.968263
-3.923177,50,3046.04617
-4.827311,50,3047.202114
-4.263472,50,3048.295608
-0.033628,1,3048.311236
-4.899871,50,3049.435968
-2.631594,50,3050.560699
-5.589379,50,3051.638577
-4.958483,50,3052.825793
-4.723329,50,3053.934911
-4.616638,50,3055.090887
-4.451281,50,3056.184382
-4.623929,50,3057.402848
-6.003303,50,3058.558822
-2.866025,50,3059.730419
-4.806356,50,3060.886431
-0.041795,1,3060.917675
-0.022742,1,3060.948887
-0.02391,1,3060.980128
-0.048114,1,3060.995748
-0.039074,1,3061.026994
-5.519899,50,3062.167351
-3.333767,50,3063.260844
-3.314837,50,3064.479305
-0.044881,1,3064.51055
-2.846237,50,3065.810145
-3.216403,50,3067.172853
-0.041404,1,3067.197495
-4.439098,50,3068.412975
-5.200556,50,3069.692465
-4.828855,50,3071.03766
-3.30871,50,3072.332744
-3.574935,50,3073.539469
-5.470342,50,3074.804678
-4.632619,50,3076.072565
-3.721821,50,3077.322859
-0.020366,1,3077.348028
-5.675962,50,3078.592595
-24.047135,50,3079.702188
-4.373729,50,3080.882373
-3.684388,50,3082.050655
-4.372186,50,3083.228642
-4.567039,50,3084.440916
-0.047706,1,3084.472157
-4.498886,50,3085.631517
-5.23552,50,3086.787459
-2.793664,50,3087.912192
-3.315372,50,3089.036929
-0.039442,1,3089.068174
-0.038852,1,3089.099434
-4.87392,50,3090.255396
-0.025593,1,3090.271019
-4.081473,50,3091.380128
-2.602103,50,3092.504864
-4.375566,50,3093.70771
-2.615961,50,3094.819525
-2.798376,50,3095.991129
-3.568316,50,3097.115866
-5.231,50,3098.256224
-2.73948,50,3099.396614
-0.025965,1,3099.427819
-4.8921,50,3100.630666
-6.260595,50,3101.802262
-5.099571,50,3102.942625
-5.330386,50,3104.036115
-4.318274,50,3105.223335
-0.021294,1,3105.254576
-0.049101,1,3105.270201
-2.625765,50,3106.410559
-5.829857,50,3107.550913
-3.238289,50,3108.660028
-0.03788,1,3108.67565
-4.396064,50,3109.784765
-3.531965,50,3110.909499
-3.913444,50,3112.127962
-4.349962,50,3113.2527
-4.962303,50,3114.393064
-0.040747,1,3114.424298
-0.041813,1,3114.45554
-0.026598,1,3114.486784
-3.841287,50,3115.611519
-3.950526,50,3116.767518
-5.269675,50,3117.923475
-3.462545,50,3119.032634
-4.993041,50,3120.20419
-3.424845,50,3121.297683
-3.281803,50,3122.438041
-3.673187,50,3123.531533
-3.811503,50,3124.62503
-5.277283,50,3125.803938
-4.153381,50,3126.991159
-0.039204,1,3127.022401
-0.023358,1,3127.053648
-5.312684,50,3128.194002
-4.53936,50,3129.349982
-3.913639,50,3130.443471
-0.016139,1,3130.474715
-4.43988,50,3131.58383
-5.400989,50,3132.646083
-0.016176,1,3132.661705
-2.973973,50,3133.755193
-4.114401,50,3134.895553
-4.207276,50,3136.020325
-3.122074,50,3137.160646
-0.038924,1,3137.191886
-3.069333,50,3138.379113
-5.00924,50,3139.535085
-2.842241,50,3140.722322
-0.038337,1,3140.737933
-0.030187,1,3140.784793
-3.229087,50,3141.847044
-2.744519,50,3142.97178
-3.553887,50,3144.190243
-4.169211,50,3145.361846
-5.443231,50,3146.533443
-0.046096,1,3146.549067
-4.426649,50,3147.736284
-2.735946,50,3148.829778
-4.771474,50,3149.923271
-5.105223,50,3151.063634
-0.04552,1,3151.094875
-4.410773,50,3152.282096
-4.03498,50,3153.406829
-5.438362,50,3154.57843
-4.4782,50,3155.781271
-5.87194,50,3160.873826
-2.876843,50,3162.029807
-0.017441,1,3162.045428
-4.054085,50,3163.185782
-0.036796,1,3163.232647
-5.394262,50,3164.341771
-4.254168,50,3165.528985
-3.38133,50,3166.872419
-0.043176,1,3166.903661
-4.31005,50,3168.122125
-4.34509,50,3169.246862
-5.402833,50,3170.371597
-3.544399,50,3171.543194
-6.32705,50,3172.65231
-4.690362,50,3173.83953
-5.046972,50,3174.948649
-4.029131,50,3176.073383
-3.019737,50,3177.151252
-4.828425,50,3178.244749
-3.510364,50,3179.322654
-4.494064,50,3181.025345
-3.681446,50,3182.196942
-4.187626,50,3183.321677
-4.10168,50,3184.446416
-5.459242,50,3185.508667
-2.740176,50,3186.71151
-5.421993,50,3187.851865
-2.797153,50,3189.023468
-5.316021,50,3190.273171
-4.144643,50,3191.382284
-4.938549,50,3192.491399
-2.998763,50,3193.584892
-0.039448,1,3193.616135
-3.245211,50,3194.678389
-4.949212,50,3195.787503
-5.527602,50,3196.896614
-5.013528,50,3198.115078
-2.886986,50,3199.239813
-3.679248,50,3200.317689
-3.728684,50,3201.426803
-4.538717,50,3202.535918
-3.516125,50,3203.70418
-3.549208,50,3204.922637
-0.014204,1,3204.938259
-2.959281,50,3206.234832
-6.744796,50,3207.328327
-3.17582,50,3208.515551
-4.704328,50,3209.671527
-4.644283,50,3210.843124
-6.650894,50,3211.999104
-2.555718,50,3213.092596
-4.84036,50,3214.201714
-5.271576,50,3215.34207
-3.48695,50,3216.419944
-0.04151,1,3216.451182
-4.638351,50,3217.575917
-3.839607,50,3218.716275
-4.411929,50,3219.872287
-0.022581,1,3219.903495
-3.111067,50,3220.996994
-3.51215,50,3222.121728
-3.276986,50,3223.35581
-3.004167,50,3224.496171
-6.198358,50,3225.667768
-0.045318,1,3225.71463
-0.020756,1,3225.730256
-5.604279,50,3226.88623
-5.897319,50,3227.995379
-3.45893,50,3229.166945
-6.188061,50,3230.276063
-4.951948,50,3231.463285
-4.271362,50,3232.603637
-3.097754,50,3233.759616
-4.298664,50,3234.821867
-4.724457,50,3235.89974
-4.988663,50,3237.040097
-4.311154,50,3238.13359
-4.844547,50,3239.258325
-5.454177,50,3240.38306
-0.039325,1,3240.398683
-3.499904,50,3241.570281
-3.3597,50,3242.632532
-3.103724,50,3243.835375
-0.033212,1,3243.866618
-4.403174,50,3245.163193
-4.495437,50,3246.272302
-4.649828,50,3247.397041
-5.361967,50,3248.537395
-0.009028,1,3248.56864
-4.3342,50,3249.677756
-3.285399,50,3250.81811
-3.172414,50,3251.974087
-2.989955,50,3253.130127
-0.038592,1,3253.145688
-4.779409,50,3254.301671
-0.035169,1,3254.317292
-4.741173,50,3255.504508
-4.463783,50,3256.738594
-0.020384,1,3256.769837
-4.023706,50,3258.003921
-5.548776,50,3259.144284
-5.400726,50,3260.206535
-0.031489,1,3260.222155
-0.049669,1,3260.237776
-5.098693,50,3261.487478
-2.590497,50,3262.674699
-4.047856,50,3263.799439
-4.874303,50,3265.002282
-0.039413,1,3265.033522
-3.644968,50,3266.251984
-6.865735,50,3267.423589
-4.244859,50,3268.537106
-5.422668,50,3269.693085
-0.019495,1,3269.708709
-0.014355,1,3269.724331
-0.036573,1,3269.755574
-3.525508,50,3270.922148
-5.419489,50,3272.015677
-4.910259,50,3273.124756
-2.759318,50,3274.249495
-6.32733,50,3275.389848
-0.025849,1,3275.405471
-4.236479,50,3276.592693
-4.336857,50,3277.748673
-4.651397,50,3278.873445
-3.130011,50,3280.013768
-0.036866,1,3280.029388
-6.36172,50,3281.107256
-0.046494,1,3281.138499
-3.808596,50,3282.278858
-2.900338,50,3283.512944
-3.538052,50,3284.684546
-4.553515,50,3285.809277
-5.328315,50,3286.902773
-3.977954,50,3288.043139
-0.03836,1,3288.058751
-4.853256,50,3289.183485
-0.042177,1,3289.230346
-6.258023,50,3290.30822
-5.512355,50,3291.432959
-5.769086,50,3292.557692
-5.234428,50,3293.651185
-5.011719,50,3294.838407
-0.025031,1,3294.854028
-3.84277,50,3295.978766
-4.711176,50,3297.087879
-2.928976,50,3298.165749
-3.417,50,3299.337348
-5.25235,50,3300.446466
-5.625334,50,3301.555583
-2.789349,50,3302.649071
-5.403464,50,3303.758187
-3.342765,50,3304.929791
-0.030188,1,3304.961032
-3.716166,50,3306.101387
-6.496383,50,3307.194878
-4.783334,50,3308.382105
-4.497888,50,3309.5537
-2.616279,50,3310.662817
-3.913071,50,3311.740687
-6.020395,50,3312.849802
-5.993896,50,3313.958914
-4.359745,50,3315.099272
-0.04234,1,3315.114897
-0.030982,1,3315.146136
-4.472342,50,3316.317737
-3.406531,50,3317.458092
-3.469784,50,3318.598457
-0.007966,1,3318.629691
-4.058256,50,3319.770051
-5.286514,50,3320.879168
-3.249072,41,3321.878933
-0.038721,1,3321.925794
-4.014317,50,3323.113014
-2.866256,50,3324.268995
-0.044504,1,3324.300236
-0.002307,1,3324.331479
-4.62385,50,3325.424974
-0.023582,1,3325.456217
-4.931704,50,3326.659056
-4.912894,50,3327.815045
-13.049246,50,3328.955394
-2.619311,50,3330.111372
-4.203518,50,3331.251732
-0.039686,1,3331.282972
-5.362343,50,3332.532676
-3.13532,50,3333.641793
-2.975253,50,3334.78215
-4.500854,50,3335.984993
-3.567924,50,3337.125349
-4.796965,50,3338.281331
-4.209406,50,3339.406065
-3.786485,50,3340.515181
-3.458875,50,3341.655538
-2.792845,50,3342.764649
-2.604586,50,3343.873764
-3.53135,50,3344.967261
-4.746363,50,3346.076375
-4.27144,50,3347.169868
-5.275776,50,3348.325844
-4.017428,50,3349.450578
-4.783127,50,3350.575314
-2.866827,50,3351.668808
-0.034864,1,3351.68443
-4.539641,50,3352.777927
-4.446956,50,3353.933902
-0.047431,1,3353.965142
-0.028116,1,3353.980762
-0.028862,1,3354.012007
-3.755118,50,3355.199231
-0.025483,1,3355.214849
-3.236604,50,3356.37083
-5.936839,50,3357.511184
-3.530544,50,3358.667167
-5.064515,50,3359.807522
-3.980083,50,3360.901018
-5.025112,50,3362.072613
-5.076492,50,3363.181732
-3.032918,50,3364.353332
-0.039318,1,3364.384584
-0.022215,1,3364.415817
-6.595714,50,3365.509311
-4.573024,50,3366.759016
-0.011652,1,3366.774638
-2.547674,50,3367.97748
-4.556007,50,3369.117833
-0.034604,1,3369.133454
-0.044972,1,3369.164701
-5.308936,50,3370.273852
-2.654336,50,3371.429791
-0.036399,1,3371.461033
-5.346799,50,3372.538908
-5.244077,50,3373.64802
-0.048673,1,3373.663641
-4.748525,50,3374.850862
-0.016464,1,3374.882107
-0.029529,1,3374.92897
-0.044224,1,3374.960212
-3.878012,50,3376.163054
-4.228414,50,3377.225308
-4.111448,50,3378.365663
-0.008299,1,3378.381284
-2.997115,50,3379.552883
-4.325376,50,3380.662001
-5.893685,50,3381.755495
-5.239589,50,3382.880226
-0.035991,1,3382.895846
-5.087708,50,3383.958103
-0.031569,1,3383.989342
-3.722858,50,3385.082835
-3.25798,50,3386.238817
-0.049026,1,3386.27006
-0.046879,1,3386.28568
-0.04498,1,3386.316925
-4.733952,50,3387.629112
-6.901009,50,3388.706986
-3.831225,50,3393.034092
-4.879498,50,3394.158829
-6.172001,50,3395.299192
-3.020239,50,3396.470789
-6.068922,50,3397.564281
-2.874488,50,3398.735877
-5.743068,50,3399.954345
-4.813353,50,3401.063456
-4.632854,50,3402.235056
-4.376455,50,3403.406657
-0.031544,1,3403.437898
-4.630393,50,3404.562634
-5.762335,50,3405.70301
-4.800169,50,3406.921454
-0.014763,1,3406.952697
-0.027389,1,3406.968319
-0.014596,1,3406.999578
-2.566215,50,3408.186782
-2.504984,50,3409.358383
-5.89717,50,3410.498739
-4.852656,50,3411.68596
-3.922632,50,3412.810729
-2.880985,50,3413.888568
-3.317643,50,3415.060171
-2.512657,50,3416.216151
-3.07761,50,3417.294023
-3.173477,50,3418.387525
-8.75033,50,3419.512252
-4.821662,50,3420.683848
-4.05523,50,3421.917933
-3.022851,50,3422.995808
-5.076731,50,3424.0893
-0.041567,1,3424.136161
-0.021514,1,3424.151784
-6.090976,50,3425.260897
-3.135468,50,3426.46374
-4.408633,50,3427.6041
-0.044537,1,3427.635345
-5.289173,50,3428.681971
-2.577909,50,3429.853572
-3.585055,50,3430.962687
-5.536519,50,3432.071808
-2.512581,50,3433.196534
-0.015314,1,3433.212158
-3.094009,50,3434.38376
-4.948826,50,3435.524112
-2.920488,50,3436.711335
-3.102979,50,3437.851691
-4.023947,50,3439.007671
-4.02745,50,3440.163648
-4.05243,50,3441.241519
-2.912901,50,3442.335016
-0.047184,1,3442.381883
-0.040872,1,3442.413117
-5.064426,50,3443.49099
-3.322731,50,3444.72508
-5.093433,50,3445.912302
-0.033999,1,3445.927922
-5.052639,50,3447.083897
-0.021734,1,3447.115143
-3.902868,50,3448.286738
-3.416294,50,3449.411477
-0.047132,1,3449.442718
-5.306338,50,3450.723671
-3.382351,50,3451.957751
-5.709862,50,3453.11373
-2.893564,50,3454.269709
-3.875407,50,3455.347581
-4.392298,50,3456.487937
-6.256409,50,3457.612688
-3.502343,50,3458.768656
-4.777453,50,3459.893387
-2.633464,50,3461.143095
-3.583677,50,3462.252209
-3.856425,50,3463.486294
-4.606409,50,3464.579792
-3.41465,50,3465.657664
-5.199174,50,3466.829259
-0.049532,1,3466.844881
-3.083098,50,3467.953994
-4.290922,50,3469.063117
-2.756974,50,3470.203467
-3.135924,50,3471.359448
-4.395818,50,3472.484185
-6.080418,50,3473.593298
-3.901863,50,3474.749274
-0.014237,1,3474.764897
-6.052364,50,3475.920875
-6.050543,50,3477.045614
-0.040188,1,3477.076852
-0.04679,1,3477.092474
-6.692467,50,3478.248457
-4.553518,50,3479.388811
-3.076663,50,3480.560408
-5.737944,50,3481.685146
-4.637539,50,3482.747395
-4.690007,50,3483.903374
-5.56615,50,3485.121836
-3.532396,50,3486.246574
-6.491487,50,3487.308829
-3.693676,50,3488.496051
-5.099962,50,3489.667648
-4.342079,50,3490.808005
-2.994247,50,3491.885876
-4.435299,50,3493.057475
-4.726013,50,3494.119725
-4.046754,50,3495.306946
-3.300998,50,3496.494166
-4.1323,50,3497.650145
-9.926907,50,3498.743637
-0.029009,1,3498.759263
-0.04824,1,3498.774885
-5.334135,50,3499.930862
-3.096365,50,3501.039975
-4.260411,50,3502.258439
-4.209045,50,3503.351932
-0.041522,1,3503.398805
-0.019948,1,3503.414415
-3.79863,50,3504.476666
-4.269623,50,3505.648271
-3.877071,50,3506.897971
-3.143982,50,3508.038331
-2.509119,50,3509.163065
-5.30537,50,3510.287803
-5.011498,50,3511.412539
-5.193362,50,3512.755973
-0.042352,1,3512.787214
-4.893148,50,3514.036921
-4.111859,50,3515.192899
-4.847835,50,3516.31764
-2.848048,50,3517.457996
-3.157364,50,3518.58273
-4.787152,50,3519.723087
-2.902899,50,3520.925931
-4.519702,50,3522.081906
-2.72665,50,3523.159781
-4.338068,50,3524.300136
-5.862805,50,3525.424872
-5.266185,50,3526.533987
-3.116203,50,3527.627485
-5.591984,50,3528.783462
-4.543467,50,3529.892573
-4.988503,50,3531.032939
-4.631233,50,3532.110837
-4.888618,50,3533.266832
-5.929519,50,3534.375895
-4.493281,50,3535.531874
-5.196029,50,3536.65661
-0.032669,1,3536.703474
-5.015531,50,3537.734485
-4.046613,50,3538.937322
-5.097006,50,3540.046436
-4.953882,50,3541.155555
-5.148124,50,3542.311534
-4.733211,50,3543.405025
-0.043192,1,3543.436266
-4.512167,50,3544.576625
-4.867286,50,3545.779984
-4.952623,50,3546.951595
-5.633251,50,3548.076321
-5.636367,50,3549.169818
-4.510237,50,3550.357039
-0.046342,1,3550.372663
-0.013516,1,3550.403903
-0.027673,1,3550.435143
-1.934165,30,3551.294314
-0.02559,1,3551.309939
-4.766591,50,3552.372188
-5.5086,50,3553.746866
-2.870415,50,3554.965332
-6.190444,50,3556.05882
-0.034945,1,3556.074442
-3.239719,50,3557.292912
-5.573759,50,3558.386406
-5.106089,50,3559.526757
-0.046629,1,3559.542383
-4.225232,50,3560.698358
-4.056646,50,3561.838717
-3.254165,50,3562.994691
-6.164986,50,3564.103809
-6.078082,50,3565.337897
-5.029189,50,3566.462627
-4.862987,50,3567.571746
-4.07069,50,3568.696481
-0.019913,1,3568.727723
-0.004502,1,3568.758966
-4.980203,50,3569.86811
-0.049267,1,3569.899325
-6.394236,50,3571.055303
-4.78626,50,3572.273762
-4.917559,50,3573.367257
-3.709846,50,3574.507612
-0.043806,1,3574.538856
-3.622986,50,3575.663592
-3.546705,50,3576.850816
-5.732502,50,3578.038036
-0.028412,1,3578.084902
-3.076865,50,3579.240876
-3.407814,50,3580.349993
-3.971421,50,3581.521591
-4.774661,50,3582.646325
-3.503255,50,3583.755448
-0.025022,1,3583.771063
-3.138342,50,3584.942661
-4.691,50,3586.114263
-3.925525,50,3587.254622
-5.151529,50,3588.348112
-4.763399,50,3589.504094
-4.32286,50,3590.747056
-3.358378,50,3592.088142
-4.665417,50,3593.356369
-6.529532,50,3594.56311
-3.69049,50,3595.963408
-4.365394,50,3597.189638
-4.715106,50,3598.407237
-4.693368,50,3599.633372
-4.854328,50,3600.913019
-4.139033,50,3602.163087
-0.027238,1,3602.188194
-4.905168,50,3603.408461
-0.023901,1,3603.453312
-5.722445,50,3604.641889
-3.591193,50,3605.851294
-4.606833,50,3606.999392
-4.101809,50,3608.195002
-2.627131,50,3609.345324
-3.813436,50,3610.483144
-0.04315,1,3610.511298
-4.856438,50,3611.749771
-5.466774,50,3612.887306
-6.017742,50,3614.089617
-4.253355,50,3615.229968
-5.828526,50,3616.510918
-4.005923,50,3617.6669
-5.352886,50,3618.822879
-0.039333,1,3618.8385
-4.028952,50,3619.947613
-6.647377,50,3621.13483
-3.223856,50,3622.228326
-3.573541,50,3623.384302
-0.016256,1,3626.602299
-0.037331,1,3626.633539
-23.880343,50,3627.789521
-3.319579,50,3628.86739
-4.456588,50,3630.038992
-0.017116,1,3630.054613
-2.617206,50,3631.194974
-3.909352,50,3632.257218
-4.273951,50,3633.397576
-4.543875,50,3634.522312
-0.046026,1,3634.553556
-0.030958,1,3634.569177
-5.885175,50,3635.725154
-4.239073,50,3636.849922
-4.720121,50,3637.990247
-0.043136,1,3638.021492
-5.241603,50,3639.161845
-4.704554,50,3640.302205
-5.239867,50,3641.411323
-0.008565,1,3641.426941
-3.699996,50,3642.567302
-2.960702,50,3643.676417
-5.374919,50,3644.769906
-5.964387,50,3645.941539
-3.632486,50,3647.159968
-3.866647,50,3648.394054
-4.837665,50,3649.550042
-4.9952,50,3650.674768
-3.134369,50,3651.846374
-0.028899,1,3651.861991
-3.472065,50,3652.924243
-3.114717,50,3653.970868
-5.095763,50,3655.11123
-3.653538,50,3656.298447
-2.6946,50,3657.454426
-0.028815,1,3657.485668
-3.779987,50,3658.641662
-0.049117,1,3658.657273
-4.975968,50,3659.844493
-5.933905,50,3660.953607
-4.032667,50,3662.172068
-3.766392,50,3663.281183
-0.044687,1,3663.312425
-3.021486,50,3664.437161
-3.623096,50,3665.608767
-3.846459,50,3666.749119
-2.870898,50,3667.811367
-3.904006,50,3669.029839
-0.010053,1,3669.061073
-0.034657,1,3669.092319
-6.728939,50,3670.185811
-5.37304,50,3671.592761
-4.31765,50,3673.956104
-0.0327,1,3674.0075
-4.322989,50,3676.954093
-3.952757,50,3678.364744
-0.024202,1,3678.433246
-3.511325,50,3680.1396
-0.035229,1,3680.172822
-5.774336,50,3681.505394
-4.383193,50,3682.920754
-0.031105,1,3682.954062
-0.041034,1,3682.970727
-2.964223,50,3684.754611
-5.587172,50,3686.019107
-0.042516,1,3686.05252
-2.684581,50,3687.355612
-3.333842,50,3688.717664
-4.572541,50,3690.065964
-0.035541,1,3690.083715
-0.035828,1,3690.117523
-4.70635,50,3691.317051
-3.656312,50,3692.599623
-3.024545,50,3693.898299
-5.112206,50,3695.131057
-5.290499,50,3696.481032
-4.408115,50,3697.782537
-5.003019,50,3699.519117
-3.384033,50,3701.161701
-6.980314,50,3702.967229
-5.489829,50,3704.832696
-4.812911,50,3706.611721
-5.306033,50,3708.232167
-0.037109,1,3708.271045
-3.063256,50,3709.982815
-3.642709,50,3711.699763
-12.537583,50,3713.335596
-3.264721,50,3715.096088
-3.580419,50,3717.478547
-4.68069,50,3719.806863
-3.795514,50,3722.301086
-5.219728,50,3724.160994
-4.162083,50,3725.342758
-3.049169,50,3726.511451
-3.78991,50,3727.696046
-0.038132,1,3727.73044
-4.745162,50,3729.098644
-0.049581,1,3729.126366
-4.911348,50,3730.42702
-3.412492,50,3731.796613
-4.625619,50,3733.211982
-6.151415,50,3734.504593
-4.575804,50,3735.818428
-3.444808,50,3737.984368
-0.043776,1,3738.039248
-3.988979,50,3741.414346
-0.017455,1,3741.471323
-3.528451,50,3743.758578
-4.568248,50,3745.753048
-0.046386,1,3745.786018
-4.072402,50,3747.46658
-5.828859,50,3749.14099
-4.182636,50,3750.772261
-6.368562,50,3752.420672
-4.366956,50,3754.060021
-5.011308,50,3755.696654
-4.912076,50,3757.313477
-4.959673,50,3758.939195
-3.856806,50,3760.522419
-4.597925,50,3762.117001
-0.013233,1,3762.15603
-0.037691,1,3762.187958
-4.803795,50,3763.914701
-0.031292,1,3763.947612
-3.272765,50,3765.620084
-5.312863,50,3767.19319
-4.097434,50,3768.807683
-5.12466,50,3770.896056
-0.029728,1,3770.933955
-0.048538,1,3770.962394
-4.226613,50,3772.534554
-4.980893,50,3774.065725
-0.030624,1,3774.104325
-4.996613,50,3775.706112
-3.005756,50,3777.391564
-4.556867,50,3778.996417
-5.171126,50,3780.548885
-4.96803,50,3782.207526
-0.040152,1,3782.245371
-2.756535,50,3783.862335
-4.981402,50,3785.49674
-3.471855,50,3787.026239
-0.049652,1,3787.058609
-5.00561,50,3788.65467
-5.289322,50,3790.283514
-4.997448,50,3791.87527
-4.444312,50,3793.803628
-4.27845,50,3795.369775
-4.040376,50,3796.989267
-0.025891,1,3797.022845
-2.592606,50,3798.624523
-2.712623,50,3800.235361
-4.704345,50,3801.953397
-4.149202,50,3803.550541
-2.894025,50,3805.17808
-0.026757,1,3805.205614
-4.960588,50,3806.89511
-3.015492,50,3808.481229
-4.424767,50,3810.017165
-4.601249,50,3811.924346
-4.053519,50,3813.528901
-5.189716,50,3815.136324
-5.468567,50,3816.837186
-5.435731,50,3818.406249
-0.025301,1,3818.458072
-4.125213,50,3820.111506
-5.828887,50,3821.736793
-2.856161,50,3823.352745
-5.494721,50,3824.897133
-0.027435,1,3824.928232
-5.685985,50,3826.675078
-3.289096,50,3828.269861
-2.523217,50,3829.917014
-4.083802,50,3831.69374
-4.087185,50,3833.264459
-4.133978,50,3834.806518
-0.048773,1,3834.854187
-3.793672,50,3836.411369
-4.868983,50,3838.419607
-4.33322,50,3840.335104
-2.775709,50,3842.332291
-3.759773,50,3843.944571
-0.041909,1,3843.984705
-6.398379,50,3845.569776
-3.255885,50,3847.181208
-5.060874,50,3848.723746
-2.542163,39,3849.972155
-0.022888,1,3850.000442
-0.033048,1,3850.040262
-5.462767,50,3851.623046
-5.883703,50,3853.171608
-4.38299,50,3855.102318
-4.826061,50,3858.165509
-4.974928,50,3860.473736
-3.395522,50,3862.219212
-2.724492,50,3863.950047
-0.036168,1,3863.982544
-3.739079,50,3865.629507
-3.800337,50,3867.144597
-6.311665,50,3868.785277
-6.628192,50,3870.253723
-4.125145,50,3871.633066
-4.475792,50,3873.031636
-2.916777,50,3874.433868
-3.74123,50,3875.864827
-6.59487,50,3877.265635
-4.3621,50,3878.687853
-3.13559,50,3880.490131
-3.792598,50,3882.442865
-3.522574,50,3884.002074
-0.049342,1,3884.034117
-4.511695,50,3885.651587
-0.019336,1,3885.69095
-2.6211,50,3887.807007
-0.046331,1,3887.839164
-4.371549,50,3889.281394
-4.085853,50,3890.865471
-0.0297,1,3890.898549
-4.057936,50,3892.519862
-5.914986,50,3894.335781
-4.962989,50,3895.829725
-0.045496,1,3895.854891
-4.375697,50,3897.282453
-2.730491,50,3898.764112
-4.647032,50,3900.234746
-4.310166,50,3901.629547
-6.459864,50,3903.078393
-5.562954,50,3904.590912
-4.946673,50,3906.034947
-3.706379,50,3907.442263
-3.569979,50,3909.293254
-6.047794,50,3910.851997
-5.16257,50,3912.472058
-5.439694,50,3913.875247
-5.894549,50,3915.259065
-0.022309,1,3915.286253
-3.359089,50,3916.863555
-0.004407,1,3916.893747
-0.030386,1,3916.923973
-5.327974,50,3918.929512
-3.051366,50,3920.639011
-4.968688,50,3922.394547
-0.035417,1,3922.42133
-6.790188,50,3923.897435
-0.036007,1,3923.943484
-3.536365,50,3925.431553
-3.093383,50,3926.92896
-0.036729,1,3926.957131
-2.678226,50,3928.622169
-4.771295,50,3930.118725
-2.541639,50,3931.643732
-3.969156,50,3933.202025
-3.533566,50,3935.337163
-4.457291,50,3936.786157
-4.950861,50,3941.904707
-5.956865,50,3943.30716
-4.172245,50,3944.709222
-2.757165,50,3946.0629
-3.777426,50,3947.442031
-4.458415,50,3948.949988
-4.69914,50,3950.348123
-4.854731,50,3951.667327
-0.021046,1,3951.694993
-0.042128,1,3951.720345
-3.454871,50,3953.060317
-4.451498,50,3954.37051
-3.573425,50,3955.689093
-4.048782,50,3957.157104
-5.095108,50,3958.47546
-3.148046,50,3959.750695
-2.891876,50,3961.031717
-6.581648,50,3962.373802
-5.396037,50,3963.702116
-4.71087,50,3965.024486
-3.128398,50,3966.431985
-5.645126,50,3967.816691
-4.766195,50,3969.215123
-4.731042,50,3970.466494
-4.716058,50,3971.756672
-5.471786,50,3973.132788
-6.313455,50,3974.640172
-4.548521,50,3976.457858
-4.737428,50,3977.755638
-3.031489,50,3979.170135
-5.217321,50,3980.508796
-3.148994,50,3981.826746
-4.715197,50,3983.197512
-2.728958,50,3984.754656
-0.035663,1,3984.801968
-4.84907,50,3986.288224
-0.003964,1,3986.319426
-0.016504,1,3986.350346
-0.038953,1,3986.389807
-4.464579,50,3987.982733
-4.758422,50,3989.524418
-0.034437,1,3989.554338
-4.596824,50,3991.103334
-4.247202,50,3992.661433
-0.042943,1,3992.701299
-3.683512,50,3994.798068
-4.885245,50,3996.09014
-0.039573,1,3996.117422
-4.548767,50,3997.361435
-4.690401,50,3998.883426
-4.886626,50,4000.44676
-4.92446,50,4002.250572
-0.026791,1,4002.278374
-0.048486,1,4002.306541
-4.992055,50,4003.895312
-4.378985,50,4005.829654
-4.623778,50,4008.274699
-0.043416,1,4008.299633
-4.559566,50,4009.862122
-2.962901,50,4011.369699
-0.031731,1,4011.397784
-3.277149,50,4012.922232
-4.595661,50,4014.427426
-2.525773,50,4015.987384
-6.976675,50,4017.577137
-3.57651,50,4019.439471
-5.738834,50,4021.502508
-3.679648,50,4022.951406
-3.453273,50,4024.929167
-3.826062,50,4026.373523
-4.5698,50,4027.798405
-2.53172,50,4029.203161
-6.604148,50,4030.704338
-4.107648,50,4032.138384
-2.768448,50,4033.730594
-3.787751,50,4035.195374
-4.322811,50,4036.715854
-4.766614,50,4038.826786
-4.340306,50,4040.573086
-2.926863,50,4042.16297
-4.757891,50,4043.662205
-0.00829,1,4043.69811
-6.444402,50,4045.183569
-4.510715,50,4046.722198
-4.094472,50,4048.250076
-0.038694,1,4048.281116
-2.995928,50,4049.793516
-4.898343,50,4051.266349
-2.65331,50,4052.766213
-2.937764,50,4054.334465
-0.041583,1,4054.369628
-4.683618,50,4055.886449
-6.269101,50,4057.406621
-4.969182,50,4059.08166
-4.444133,50,4060.687083
-4.831793,50,4062.401284
-5.096441,50,4063.930038
-5.169904,50,4065.457095
-5.979671,50,4066.995091
-3.451601,50,4068.567298
-3.73365,50,4070.143278
-2.867661,50,4071.603378
-3.803455,50,4073.322604
-4.845455,50,4074.841338
-3.377702,50,4076.257444
-3.16175,50,4077.712415
-4.992463,50,4080.244061
-2.721869,50,4083.367626
-6.27567,50,4084.807941
-3.962337,50,4086.351439
-0.014883,1,4086.387451
-4.549345,50,4087.82689
-4.259131,50,4089.209077
-6.92684,50,4090.592911
-4.693168,50,4091.967998
-4.479798,50,4093.390166
-4.750764,50,4095.04928
-4.844172,50,4096.380309
-2.569723,50,4097.646073
-0.049274,1,4097.669164
-4.143261,50,4098.944704
-0.021395,1,4098.97293
-5.735542,50,4100.33706
-6.379441,50,4101.612936
-3.941948,50,4102.900869
-0.010722,1,4102.93152
-4.604438,50,4104.207181
-3.106593,50,4105.595391
-4.720881,50,4107.225709
-6.016065,50,4108.847899
-3.316746,50,4110.282338
-5.448764,50,4111.595031
-6.433499,50,4112.931242
-4.700538,50,4114.871281
-0.038643,1,4114.9241
-4.461115,50,4116.538061
-4.954526,50,4118.092422
-5.278441,50,4119.609144
-5.567981,50,4121.187488
-3.481422,50,4122.653224
-0.033968,1,4122.68242
-6.622068,50,4124.130023
-4.802481,50,4125.632816
-5.212504,50,4127.287846
-4.197808,50,4128.791111
-0.046408,1,4128.826253
-3.27997,50,4131.873128
-5.597525,50,4133.452962
-4.640502,50,4134.942275
-2.524769,50,4136.154673
-4.372018,50,4137.344723
-3.004692,50,4138.647743
-4.981882,50,4140.199951
-4.999183,50,4141.435047
-5.122532,50,4142.842294
-5.524465,50,4144.572228
-3.159511,50,4146.381164
-3.663573,50,4147.707548
-4.799099,50,4148.891358
-3.91462,50,4150.133677
-0.022241,1,4150.155617
-4.155978,50,4151.282927
-0.044101,1,4151.318259
-3.272035,50,4152.431516
-2.977758,50,4153.580338
-0.013769,1,4153.60547
-3.483403,50,4154.791361
-6.62605,50,4156.060516
-3.873621,50,4157.25196
-3.34192,50,4158.50721
-3.11253,50,4159.680541
-5.309002,50,4160.863383
-2.692511,50,4161.961577
-0.048456,1,4161.977196
-2.550858,50,4163.179662
-0.036169,1,4163.210906
-5.616904,50,4164.40091
-6.551807,50,4165.5637
-3.661228,50,4166.752635
-0.036678,1,4166.769496
-5.061866,50,4167.902002
-6.429152,50,4169.115234
-5.616505,50,4170.283478
-6.09542,50,4171.449944
-3.257869,50,4172.626641
-5.163833,50,4173.765901
-3.577774,50,4175.000122
-3.760125,50,4176.514267
-0.039328,1,4176.57628
-5.801139,50,4177.780572
-2.581576,50,4178.877804
-6.508096,50,4180.113632
-3.236372,50,4181.250667
-3.285553,50,4182.462963
-5.042354,50,4183.585528
-3.129421,50,4184.70884
-3.5082,50,4185.891726
-4.568901,50,4187.073408
-3.681975,50,4188.279699
-6.809657,50,4189.471078
-3.266735,50,4190.623976
-0.047336,1,4190.655221
-5.001507,50,4191.789834
-4.045582,50,4192.992101
-0.042288,1,4193.014251
-0.047245,1,4193.036803
-2.531441,50,4194.367501
-5.714004,50,4195.492856
-3.867679,50,4196.604809
-5.538085,50,4197.727348
-3.360358,50,4198.947189
-2.756233,50,4200.053199
-3.977295,50,4201.456578
-0.023176,1,4201.546404
-3.110991,50,4203.106885
-3.434573,50,4204.729113
-4.127322,50,4206.653404
-3.095183,50,4208.127053
-0.029898,1,4208.158299
-0.049514,1,4208.189541
-4.82581,50,4209.354645
-6.066701,50,4210.489614
-4.486529,50,4211.731938
-4.981558,50,4212.857893
-3.234267,50,4214.026904
-0.027767,1,4214.060411
-5.767376,50,4215.190883
-4.814663,50,4216.371703
-3.796637,50,4217.913947
-2.56606,50,4219.396716
-4.297094,50,4220.973607
-5.098298,50,4222.440383
-4.668912,50,4223.931565
-4.658337,50,4225.100318
-3.081107,50,4226.37277
-3.371814,50,4227.61571
-3.426507,50,4231.911199
-0.031516,1,4231.926816
-5.054587,50,4233.050575
-4.871636,50,4234.332278
-5.438942,50,4235.471842
-4.521871,50,4236.75931
-3.097958,50,4238.066077
-4.008952,50,4239.415919
-3.923639,50,4240.895563
-0.035141,1,4240.929843
-3.168678,50,4242.353427
-5.164011,50,4243.872237
-3.774968,50,4245.304289
-6.019963,50,4247.037162
-5.300092,50,4248.324271
-0.014443,1,4248.355513
-5.147058,50,4249.598392
-4.709999,50,4250.954619
-3.039306,50,4252.132115
-4.078637,50,4253.332231
-3.614988,50,4254.523011
-4.24141,50,4255.679293
-4.959388,50,4256.835954
-4.359338,50,4258.055872
-3.160484,50,4259.654788
-5.007109,50,4260.861719
-0.012766,1,4260.892964
-0.041421,1,4260.924206
-0.042067,1,4260.955999
-2.856265,50,4262.13269
-0.029676,1,4262.163937
-3.220582,50,4263.260234
-5.116164,50,4264.420038
-3.557121,50,4265.500698
-4.639088,50,4266.645056
-0.042005,1,4266.660678
-0.032107,1,4266.676299
-0.049203,1,4266.707542
-4.411682,50,4267.85229
-4.90533,50,4268.981288
-4.363079,50,4270.203469
-0.020448,1,4270.219088
-5.300311,50,4271.3936
-0.025671,1,4271.424877
-4.666399,50,4272.506574
-3.920458,50,4273.650695
-4.874984,50,4274.791307
-0.028389,1,4274.812898
-3.859113,50,4276.195046
-2.948489,50,4277.711147
-4.717728,50,4278.980903
-0.014096,1,4279.014096
-6.348519,50,4280.245887
-6.180099,50,4281.542447
-6.214152,50,4282.726205
-5.776143,50,4283.901502
-0.027568,1,4283.917124
-3.557698,50,4285.060347
-5.552404,50,4286.173309
-4.894717,50,4287.646121
-4.167053,50,4288.759555
-0.041894,1,4288.790797
-0.041676,1,4288.822039
-3.908381,50,4289.934999
-6.72521,50,4291.098997
-4.76192,50,4292.271131
-0.047321,1,4292.302381
-0.029361,1,4292.33362
-4.805419,50,4293.492507
-2.711475,50,4294.714777
-4.151385,50,4295.857898
-7.05725,50,4297.030222
-5.373967,50,4298.163872
-4.955909,50,4299.260242
-3.277021,50,4300.388856
-4.838339,50,4301.548584
-6.548432,50,4302.769885
-3.097324,50,4303.908472
-3.300405,50,4305.074937
-2.9794,50,4306.297226
-6.233055,50,4307.409211
-3.388154,50,4308.506448
-4.393526,50,4309.681903
-4.81835,50,4310.746976
-2.760607,50,4311.877431
-4.037898,50,4313.131119
-4.658759,50,4314.30549
-3.079815,50,4315.512231
-0.027087,1,4315.527854
-0.047599,1,4315.557494
-4.919792,50,4316.735567
-3.099832,50,4317.911045
-2.719776,50,4319.086462
-2.68168,50,4320.198415
-3.523682,50,4321.311246
-5.345343,50,4322.534454
-3.341271,50,4323.678725
-6.010023,50,4324.807356
-4.10263,50,4325.981702
-4.597731,50,4327.044506
-3.679554,50,4328.191166
-5.616088,50,4329.32022
-4.845676,50,4330.450138
-3.104582,50,4331.577694
-3.206554,50,4332.753249
-0.028636,1,4332.784491
-4.44258,50,4333.990229
-4.426302,50,4335.118682
-0.005457,1,4335.134303
-5.83405,50,4336.311612
-4.834206,50,4337.494911
-3.335165,50,4338.63028
-4.7738,50,4339.785699
-3.719719,50,4340.902095
-4.572015,50,4342.09414
-4.791222,50,4343.316439
-0.042913,1,4343.332061
-3.862664,50,4344.507528
-3.504598,50,4345.727234
-4.351687,50,4346.906352
-0.041623,1,4346.921977
-3.550971,50,4348.127506
-2.826488,50,4349.60678
-4.928344,50,4351.109202
-5.015011,50,4352.555476
-4.864273,50,4353.975989
-4.549198,50,4355.886942
-0.023705,1,4355.918188
-3.8826,50,4357.043051
-0.031131,1,4357.074293
-4.938092,50,4358.221149
-4.0786,50,4359.45903
-0.02852,1,4359.474654
-0.011106,1,4359.505899
-3.67935,50,4360.666754
-3.583632,50,4361.763792
-4.336473,50,4362.94522
-3.182435,50,4364.142529
-4.530689,50,4365.394794
-5.250081,50,4366.617878
-0.046921,1,4366.633501
-5.274872,50,4367.766591
-3.119742,50,4369.106959
-3.384306,50,4370.586272
-5.366416,50,4372.866566
-0.043656,1,4372.898423
-5.103541,50,4374.390014
-4.62814,50,4375.749541
-2.755183,50,4376.893171
-3.245632,50,4377.992113
-5.038005,50,4379.152018
-3.94449,50,4380.44552
-0.037774,1,4380.461141
-2.746698,50,4381.68147
-0.024777,1,4381.712711
-5.014285,50,4383.005602
-4.421081,50,4384.177433
-3.113647,50,4385.387647
-5.270849,50,4387.293905
-4.1643,50,4388.525105
-3.698789,50,4389.715123
-3.007011,50,4390.85946
-0.04278,1,4390.8907
-2.718429,50,4392.113975
-4.733265,50,4393.258095
-3.2455,50,4394.402327
-5.376684,50,4395.630759
-4.756597,50,4397.161806
-4.195241,50,4398.30813
-4.031084,50,4399.475157
-4.209924,50,4400.694263
-4.391415,50,4401.879114
-6.442948,50,4403.28455
-0.030868,1,4403.338718
-4.219882,50,4404.736282
-0.03298,1,4404.751906
-0.010937,1,4404.789807
-0.024747,1,4404.810875
-0.034429,1,4404.84212
-2.562802,50,4406.686452
-2.541369,50,4407.853824
-4.954876,50,4409.095088
-4.85431,50,4410.318474
-0.048692,1,4410.354352
-3.26497,50,4411.765905
-0.021302,1,4411.790554
-4.256287,50,4413.012808
-2.66957,50,4414.504764
-2.726234,50,4415.673408
-4.669599,50,4416.880083
-3.021013,50,4418.049848
-4.69835,50,4419.161448
-3.764326,50,4420.581291
-3.091917,50,4422.118493
-3.134244,50,4423.259175
-6.05361,50,4424.402287
-4.103622,50,4425.636349
-5.869634,50,4426.832202
-3.231783,50,4427.960874
-0.032983,1,4427.976496
-3.37836,50,4429.161797
-4.663243,50,4430.363199
-6.350327,50,4431.613633
-2.921145,50,4432.845204
-6.056936,50,4434.184016
-3.865692,50,4436.045305
-5.126066,50,4437.46333
-4.948326,50,4438.926627
-2.812662,50,4440.361601
-2.53037,50,4442.189964
-3.630263,50,4443.554208
-5.68573,50,4444.918091
-3.118761,50,4446.461504
-5.196192,50,4447.988972
-5.428689,50,4449.531603
-0.044192,1,4449.555518
-5.355242,50,4451.003889
-5.423727,50,4452.541489
-0.012391,1,4452.573307
-3.784481,50,4454.447827
-4.266433,50,4455.941558
-0.021093,1,4455.971818
-4.474321,50,4457.453827
-4.563761,50,4458.933829
-3.665417,50,4460.484762
-4.113449,50,4461.941763
-2.573813,50,4463.426491
-6.18782,50,4464.913658
-4.530911,50,4466.456671
-4.991403,50,4467.928584
-0.03145,1,4467.972169
-5.02052,50,4469.49452
-0.032036,1,4469.52472
-4.669966,50,4470.999667
-4.069785,50,4472.331868
-4.148778,50,4473.956942
-3.728527,50,4475.199699
-0.01737,1,4475.226915
-2.635602,50,4476.533472
-4.446206,50,4477.777629
-0.041583,1,4477.801667
-2.944412,50,4479.046656
-0.028281,1,4479.081854
-4.28512,50,4480.303432
-0.020282,1,4480.331531
-5.461108,50,4481.582462
-3.699603,50,4482.713327
-4.737265,50,4483.850231
-3.911274,50,4484.937217
-3.009428,50,4486.104556
-0.028648,1,4486.122591
-0.049537,1,4486.15386
-5.081848,50,4490.698492
-2.905182,50,4491.804625
-4.533312,50,4492.991846
-3.227916,50,4494.116582
-3.091832,50,4495.303799
-6.319147,50,4496.397292
-2.799174,50,4497.568891
-4.841409,50,4498.738869
-0.025395,1,4498.754491
-0.043884,1,4498.785733
-0.021546,1,4498.81697
-3.496186,50,4499.879223
-4.557413,50,4500.925853
-6.331275,50,4502.038104
-5.653598,50,4503.225323
-6.427708,50,4504.649539
-3.341825,50,4506.209364
-4.967459,50,4507.488654
-0.000551,1,4507.519896
-0.040281,1,4507.53552
-0.042503,1,4507.566762
-3.229086,50,4508.805593
-0.042944,1,4508.836837
-3.75499,50,4510.026647
-5.203194,50,4512.288294
-6.556951,50,4513.52412
-4.134345,50,4514.673235
-3.019509,50,4515.966913
-3.715952,50,4517.176696
-0.04972,1,4517.202279
-0.024622,1,4517.233526
-0.04176,1,4517.264767
-0.035674,1,4517.296012
-0.013828,1,4517.319908
-0.042218,1,4517.355534
-0.039713,1,4517.397409
-5.990047,50,4518.69423
-0.044353,1,4518.734833
-2.749146,50,4519.963358
-4.960097,50,4521.247066
-3.727597,50,4522.666805
-4.974301,50,4524.132658
-3.698542,50,4525.845863
-4.003244,50,4527.496069
-0.048285,1,4527.514432
-4.319114,50,4528.933957
-5.976894,50,4530.43419
-0.045881,1,4530.467115
-5.161644,50,4532.498271
-2.873689,50,4533.964226
-3.742752,50,4535.447702
-0.049396,1,4535.481696
-3.032846,50,4537.158745
-5.110754,50,4538.760697
-4.098829,50,4540.17761
-4.572142,50,4541.658673
-0.038845,1,4541.67325
-4.591134,50,4543.013638
-4.970901,50,4544.136668
-3.753639,50,4545.373634
-0.013939,1,4545.407692
-5.196677,50,4546.613585
-4.851795,50,4547.826975
-2.980514,50,4549.130064
-4.433517,50,4550.65148
-0.043067,1,4550.682725
-4.945145,50,4552.047326
-4.506328,50,4553.217722
-0.049182,1,4553.26768
-4.609784,50,4554.423062
-4.686019,50,4555.644359
-4.086948,50,4557.371611
-3.76757,50,4558.527643
-4.040511,50,4559.69678
-0.046986,1,4559.728028
-4.015866,50,4560.900132
-4.065145,50,4562.059104
-3.009065,50,4563.274076
-2.744721,50,4564.861633
-5.137789,50,4566.381806
-5.088227,50,4567.640133
-0.041011,1,4567.655758
-3.491659,50,4568.850006
-2.870801,50,4570.041992
-6.360042,50,4571.391867
-4.490028,50,4572.723298
-5.766182,50,4574.486938
-3.508351,50,4576.010159
-0.029204,1,4576.044924
-2.780855,50,4577.931639
-5.894985,50,4579.153983
-5.951412,50,4580.326662
-4.595853,50,4581.5682
-4.789486,50,4582.664471
-3.396061,50,4583.798198
-3.995537,50,4584.920747
-4.125979,50,4586.096071
-4.993992,50,4587.318724
-3.609011,50,4588.510956
-4.780616,50,4590.111134
-4.473352,50,4591.229986
-0.038928,1,4591.245607
-5.00167,50,4592.374055
-0.011674,1,4592.389676
-2.732004,50,4593.546843
-4.792563,50,4595.145353
-6.576092,50,4596.609713
-4.616971,50,4598.194172
-0.013267,1,4598.254557
-4.297265,50,4599.912354
-1.90208,23,4600.676688
-4.770044,50,4602.275534
-5.276496,50,4604.318467
-0.034311,1,4604.340163
-4.189479,50,4605.57302
-3.789975,50,4606.91022
-4.957211,50,4608.442069
-5.267673,50,4609.97245
-5.314228,50,4611.402199
-5.01153,50,4612.97605
-4.654136,50,4614.433619
-0.020897,1,4614.458155
-3.435708,50,4615.971287
-2.731548,50,4617.487302
-3.533012,50,4619.070252
-6.289222,50,4620.394343
-0.043531,1,4620.425588
-4.800723,50,4621.615082
-5.597399,50,4622.886765
-3.369705,50,4624.027338
-4.659332,50,4625.314105
-5.429087,50,4626.691665
-2.566939,50,4628.29386
-0.026776,1,4628.340723
-4.310021,50,4629.638914
-4.322257,50,4630.814526
-3.533609,50,4632.00907
-3.324794,50,4633.535306
-4.656825,50,4634.70456
-4.492744,50,4636.024132
-0.01915,1,4636.039757
-0.048646,1,4636.082329
-6.530279,50,4637.246558
-6.462509,50,4638.34287
-4.831108,50,4639.533848
-5.735879,50,4640.664675
-2.736905,50,4641.832885
-2.871966,50,4642.952022
-3.126413,50,4644.11073
-4.475598,50,4645.333066
-4.798847,50,4646.523093
-0.038913,1,4646.538715
-0.035197,1,4646.5708
-0.049358,1,4646.59411
-0.016128,1,4646.618787
-6.873525,50,4647.809721
-3.110654,50,4648.969589
-5.212814,50,4650.050227
-5.957808,50,4651.466188
-0.043025,1,4651.499636
-3.867631,50,4652.902858
-4.36703,50,4654.426844
-0.044716,1,4654.464147
-0.039717,1,4654.481518
-4.031043,50,4655.900815
-5.809121,50,4657.316783
-4.71102,50,4658.782886
-5.106703,50,4660.263505
-0.044662,1,4660.294797
-4.177971,50,4661.960978
-5.084533,50,4663.746533
-3.465078,50,4665.178393
-3.274946,50,4666.629901
-3.519622,50,4668.111021
-5.1032,50,4669.592458
-3.152951,50,4671.009697
-5.9164,50,4672.426485
-2.884762,50,4673.941186
-0.035434,1,4673.976421
-3.612793,50,4675.440582
-5.04742,50,4676.948617
-4.445106,50,4678.444362
-4.464019,50,4679.889408
-4.220804,50,4681.387806
-0.035442,1,4681.42091
-3.826121,50,4683.012719
-4.071797,50,4684.224628
-6.603827,50,4685.505304
-0.03417,1,4685.528242
-3.856276,50,4686.846092
-0.034022,1,4686.892954
-0.027775,1,4686.908579
-5.345982,50,4688.263875
-5.45583,50,4689.701374
-0.024242,1,4689.746629
-3.96742,50,4691.349164
-2.833875,50,4693.011382
-3.726246,50,4694.643225
-4.220653,50,4696.17965
-4.795631,50,4698.279099
-3.870615,50,4699.760067
-3.542477,50,4701.277942
-4.330831,50,4702.86303
-3.442369,50,4704.426628
-4.927574,50,4705.856921
-3.159993,50,4707.354622
-5.068122,50,4708.679997
-0.035965,1,4708.695654
-5.004379,50,4709.85549
-2.83168,50,4711.071594
-3.848581,50,4712.610814
-3.133298,50,4714.657461
-5.396686,50,4716.930616
-0.025101,1,4716.962159
-4.622485,50,4718.500383
-6.254977,50,4719.987534
-3.0417,50,4721.53674
-4.178824,50,4723.059876
-0.024656,1,4723.10386
-5.223806,50,4724.597394
-4.31143,50,4726.103204
-0.026105,1,4726.136558
-4.183699,50,4728.153994
-3.418281,50,4729.642829
-0.038549,1,4729.673233
-4.794387,50,4731.120525
-0.046491,1,4731.182281
-5.359402,50,4732.828012
-5.347353,50,4734.209065
-5.70984,50,4735.662783
-4.833729,50,4737.080452
-5.017337,50,4738.493821
-4.52828,50,4739.951804
-0.036737,1,4739.982723
-5.142907,50,4741.586713
-6.664775,50,4743.117532
-3.463275,50,4744.663075
-3.569204,50,4746.228903
-4.705848,50,4747.698569
-5.199958,50,4749.146322
-0.029352,1,4749.177239
-3.155486,50,4750.619142
-2.914972,50,4752.271263
-0.036212,1,4752.3042
-2.542187,50,4753.755754
-3.143235,50,4755.292516
-0.045145,1,4755.337474
-2.840519,50,4756.850751
-5.930453,50,4758.373152
-2.766985,50,4759.874477
-6.562761,50,4761.338342
-3.380099,50,4763.205427
-2.584333,50,4765.446001
-0.039111,1,4765.554913
-0.037304,1,4765.632694
-0.031657,1,4765.703408
-6.84279,50,4767.444273
-0.037204,1,4767.476295
-3.861128,50,4769.053801
-4.505629,50,4770.441898
-4.222186,50,4771.845956
-3.327566,50,4776.812585
-4.054762,50,4778.310451
-4.996059,50,4779.867878
-3.092888,50,4781.935975
-0.035517,1,4781.96022
-0.023035,1,4782.00066
-3.719794,50,4783.364717
-3.618085,50,4784.795941
-5.749783,50,4786.412267
-0.033791,1,4786.447615
-5.138287,50,4787.915126
-4.31797,50,4789.207909
-4.966816,50,4790.505824
-3.799283,50,4791.915052
-3.04176,50,4793.507421
-0.012787,1,4793.535577
-0.009391,1,4793.563502
-3.478972,50,4795.695634
-3.85712,50,4797.37982
-3.737481,50,4798.940771
-4.16357,50,4800.464701
-4.593896,50,4802.056981
-4.134268,50,4803.683434
-4.143005,50,4805.139758
-5.458691,50,4806.585109
-5.59655,50,4808.088814
-6.019065,50,4809.84544
-3.395017,50,4811.303028
-3.996493,50,4812.777508
-5.243555,50,4814.277204
-0.029396,1,4814.304234
-6.215237,50,4815.77696
-0.040279,1,4815.814221
-3.509241,50,4817.319008
-0.036464,1,4817.350179
-6.528627,50,4818.78649
-3.555419,50,4820.253398
-0.047324,1,4820.298525
-0.045007,1,4820.331265
-5.329776,50,4821.804511
-4.656357,50,4823.263747
-5.924602,50,4824.705549
-4.219695,50,4826.183327
-2.600532,50,4827.865119
-2.886415,50,4829.353926
-3.943884,50,4830.852993
-3.686341,50,4832.410659
-2.805622,50,4833.92436
-4.576814,50,4835.44313
-2.883094,50,4836.963545
-6.595454,50,4838.413419
-0.035547,1,4838.444343
-4.0042,50,4840.038895
-3.531638,50,4841.535313
-3.987296,50,4843.048628
-0.045254,1,4843.077442
-0.013368,1,4843.107361
-4.492065,50,4844.900544
-2.906474,50,4847.124816
-4.481133,50,4848.929755
-2.944503,50,4850.624465
-4.312448,50,4852.092588
-4.328188,50,4855.108597
-6.271231,50,4857.609165
-4.356295,50,4858.972597
-0.038379,1,4859.030382
-5.780765,50,4860.31072
-0.03191,1,4860.348139
-0.005812,1,4860.376325
-3.158007,50,4861.730057
-4.627809,50,4863.08165
-6.88037,50,4864.442297
-3.719167,50,4866.110625
-5.013704,50,4867.470475
-3.043581,50,4869.504563
-4.029719,50,4871.681335
-0.037941,1,4871.713249
-3.985014,50,4873.980624
-0.045998,1,4874.018257
-4.005358,50,4875.732634
-4.523008,50,4877.502626
-5.275941,50,4879.248456
-3.216675,50,4880.691894
-4.6292,50,4882.130522
-4.721788,50,4883.677955
-3.193371,50,4885.314831
-0.023674,1,4885.339278
-4.090899,50,4886.873642
-0.032051,1,4886.904643
-4.95833,50,4888.449625
-3.024477,50,4889.944962
-5.356227,50,4891.433562
-5.368448,50,4892.845652
-4.625484,50,4894.425403
-6.48315,50,4895.91006
-0.023619,1,4895.940978
-5.577484,50,4897.433038
-3.298742,50,4898.919015
-2.656305,50,4900.759321
-0.046233,1,4900.790239
-0.049075,1,4900.822159
-4.329636,50,4902.463012
-2.667132,50,4904.024194
-5.59885,50,4906.121356
-0.027903,1,4906.15748
-3.901588,50,4909.062801
-5.988857,50,4910.695279
-0.038993,1,4910.79861
-4.317482,50,4912.776688
-0.044941,1,4912.819328
-3.716927,50,4914.424412
-4.996932,50,4916.169847
-3.203972,50,4917.907452
-3.918662,50,4919.370757
-5.129246,50,4920.669922
-6.396295,50,4921.964587
-2.722387,50,4923.273023
-3.901792,50,4924.771816
-4.927991,50,4926.458557
-2.933787,50,4928.898594
-3.214575,50,4930.550133
-2.880907,50,4932.284669
-6.528449,50,4934.167056
-5.598274,50,4936.460762
-5.448354,50,4939.073772
-5.738128,50,4940.76523
-5.497896,50,4942.537739
-6.071364,50,4945.140816
-3.363867,50,4946.798561
-3.994288,50,4948.478076
-0.016593,1,4948.504819
-0.039462,1,4948.536918
-0.017449,1,4948.562277
-0.033565,1,4948.595978
-3.571394,50,4950.237811
-6.42914,50,4952.516878
-4.048088,50,4954.402939
-4.030911,50,4956.31128
-3.730547,50,4957.933814
-2.52673,50,4959.506296
-0.041679,1,4959.536204
-5.245583,50,4961.078586
-4.687507,50,4962.580268
-3.128842,50,4964.130517
-2.808265,50,4965.658892
-2.890119,50,4967.222751
-0.040334,1,4967.249681
-3.759931,50,4968.729224
-3.073457,50,4970.245063
-0.030472,1,4970.297364
-0.047023,1,4970.335795
-3.458438,50,4971.837894
-0.026763,1,4971.863826
-4.955214,50,4973.363204
-4.469777,50,4974.856929
-6.262576,50,4976.329622
-5.772503,50,4977.797675
-4.231901,50,4979.301154
-4.581753,50,4980.786917
-5.208336,50,4982.247616
-0.048673,1,4982.279254
-5.124189,50,4983.806405
-2.557539,50,4985.255216
-2.886909,50,4986.80023
-2.927551,50,4988.433029
-0.041911,1,4988.487244
-5.041635,50,4990.354708
-5.38712,50,4994.061772
-5.575546,50,4996.128085
-4.340532,50,4997.910463
-4.325783,50,4999.652973
-0.029617,1,4999.680021
-5.229588,50,5001.080334
-4.607341,50,5002.595927
-3.754566,50,5004.104655
-4.813424,50,5005.550359
-4.416052,50,5007.119463
-4.155236,50,5008.627686
-5.397522,50,5010.410925
-4.185901,50,5012.555817
-4.185481,50,5014.69472
-2.540306,50,5016.442671
-5.595794,50,5017.946488
-3.471831,50,5019.375572
-4.641234,50,5020.762532
-2.648616,50,5022.261
-5.64901,50,5023.601743
-3.38803,50,5024.883434
-3.856095,50,5026.162254
-0.021186,1,5026.198627
-2.63309,50,5027.507656
-4.043308,50,5028.894793
-0.022239,1,5028.923715
-0.033672,1,5028.965851
-5.499309,50,5030.577638
-5.414079,50,5032.110557
-4.425539,50,5034.951938
-5.388333,50,5037.928665
-3.068239,50,5039.917165
-5.682784,50,5041.973176
-3.552217,50,5043.551204
-5.139412,50,5046.205613
-4.502726,50,5047.914294
-3.022263,50,5049.967994
-0.018596,1,5050.002287
-2.524639,50,5051.753164
-4.413601,50,5053.352962
-4.785501,50,5054.917243
-0.048598,1,5054.950416
-3.04834,50,5056.484791
-2.84195,50,5058.101629
-4.518393,50,5059.611031
-4.695494,50,5061.767393
-4.978918,50,5065.146505
-3.929229,50,5067.22463
-5.322145,50,5069.525006
-5.195006,50,5072.9097
-4.813372,50,5074.701654
-3.336711,50,5076.685233
-4.086539,50,5078.54693
-0.038583,1,5078.576444
-2.644755,50,5080.379681
-5.132745,50,5081.964797
-5.068804,50,5083.552815
-4.603611,50,5085.138239
-0.042015,1,5085.184308
-4.650785,50,5086.853795
-3.791248,50,5088.645929
-4.041736,50,5091.449407
-6.091023,50,5093.578657
-0.038889,1,5093.61071
-4.676138,50,5095.255721
-0.016157,1,5095.289809
-4.398222,50,5096.830404
-3.271489,50,5098.448675
-4.765727,50,5100.016569
-4.993241,50,5102.244312
-4.549209,50,5103.743539
-4.667484,50,5105.225411
-0.008966,1,5105.268863
-4.490628,50,5107.138243
-0.044627,1,5107.176142
-4.789607,50,5109.065081
-4.608328,50,5110.64983
-3.883903,50,5112.703605
-3.039071,50,5114.206344
-4.397711,50,5115.745724
-3.765891,50,5117.121465
-0.031418,1,5117.154507
-4.528824,50,5122.828483
-2.870145,50,5124.35656
-2.625186,50,5125.899618
-0.039776,1,5125.92708
-0.035653,1,5125.970963
-4.761071,50,5127.448497
-5.126189,50,5128.930921
-5.003573,50,5130.388739
-6.145942,50,5131.945636
-0.045706,1,5131.977869
-5.107132,50,5133.495276
-2.978805,50,5134.90666
-4.743465,50,5136.653735
-4.159671,50,5138.233467
-4.717097,50,5139.690947
-4.560204,50,5141.156421
-0.022902,1,5141.194438
-5.282667,50,5142.638482
-4.95422,50,5144.114908
-4.559127,50,5145.61086
-5.546948,50,5147.138149
-3.428527,50,5148.664721
-4.758569,50,5150.508059
-5.452364,50,5151.995658
-2.66151,50,5153.531377
-4.703258,50,5155.075568
-0.024921,1,5155.109454
-0.041627,1,5155.147352
-5.39881,50,5156.653441
-5.504354,50,5158.097606
-4.600336,50,5160.524511
-3.819041,50,5162.755432
-3.527984,50,5164.852628
-4.396484,50,5166.993477
-4.059399,50,5169.510812
-4.470675,50,5171.060893
-0.026903,1,5171.139668
-3.857511,50,5172.909923
-4.799911,50,5174.524681
-4.737795,50,5176.326658
-5.162465,50,5177.774026
-5.460637,50,5179.078521
-4.35523,50,5180.630324
-5.149228,50,5181.984285
-0.025829,1,5182.026237
-3.653757,50,5183.444549
-3.068919,50,5184.811442
-0.042685,1,5184.84159
-2.645488,50,5186.143522
-3.724601,50,5187.466583
-6.488737,50,5188.832636
-0.013004,1,5188.858812
-0.038997,1,5188.896658
-4.286136,50,5190.305873
-2.786995,50,5191.899735
-5.109023,50,5194.533351
-4.093123,50,5197.957953
-4.221285,50,5199.859514
-4.446979,50,5201.267945
-3.392576,50,5202.732424
-0.02425,1,5202.768328
-3.304058,50,5204.250726
-3.554845,50,5205.694574
-0.037053,1,5205.723599
-3.418955,50,5207.701522
-4.176752,50,5209.406767
-3.625988,50,5211.522748
-5.173265,50,5213.815827
-5.300398,50,5215.565647
-6.737817,50,5217.190016
-0.028551,1,5217.222929
-4.307009,50,5218.726418
-0.04789,1,5218.767309
-2.96931,50,5220.275334
-3.401239,50,5221.730565
-3.205213,50,5223.164458
-4.584604,50,5224.655564
-4.125563,50,5226.239907
-0.044759,1,5226.267415
-0.045192,1,5226.298475
-4.127849,50,5227.807457
-4.332616,50,5229.309095
-2.939725,50,5230.741937
-3.573536,50,5232.616604
-5.158628,50,5234.184289
-5.090888,50,5235.816764
-4.258652,50,5237.589823
-3.593165,50,5238.955685
-4.022062,50,5240.414888
-3.10779,50,5241.915809
-3.696108,50,5243.286904
-0.041057,1,5243.310773
-5.336418,50,5244.768984
-2.710549,50,5246.296098
-3.983668,50,5247.897122
-3.127114,50,5249.480197
-3.78997,50,5251.060084
-5.191,50,5252.46006
-4.120566,50,5254.124571
-4.318674,50,5255.577002
-3.163923,50,5257.005738
-4.314666,50,5258.393537
-6.032895,50,5259.872807
-2.825932,50,5261.51886
-3.787146,50,5262.954816
-4.715671,50,5264.908325
-5.292974,50,5266.508133
-5.788347,50,5268.006772
-5.819472,50,5269.478806
-4.871227,50,5271.285136
-4.698327,50,5274.323569
-3.4749,50,5276.053699
-0.048113,1,5276.110963
-4.087271,50,5277.781565
-3.097124,50,5279.225084
-0.045276,1,5279.251323
-4.956934,50,5280.681229
-0.034317,1,5280.710781
-4.030987,50,5282.171806
-4.542283,50,5283.476879
-4.726763,50,5284.947745
-0.048416,1,5284.977429
-0.040726,1,5285.008156
-3.271488,50,5286.370528
-4.682032,50,5287.683843
-5.154442,50,5289.005723
-0.048415,1,5289.031597
-4.81981,50,5290.29811
-2.819102,50,5291.582386
-0.045499,1,5291.604439
-3.042742,50,5292.864447
-4.421092,50,5294.107512
-5.895387,50,5295.512397
-3.810369,50,5296.834455
-3.795269,50,5298.382317
-2.9442,50,5300.980561
-0.034285,1,5301.035774
-2.934879,50,5302.888674
-5.753165,50,5304.374226
-3.114417,50,5305.86566
-4.195752,50,5307.378414
-3.758861,50,5308.853164
-6.353804,50,5310.402735
-0.043998,1,5310.431858
-3.57822,50,5312.052935
-5.79626,50,5313.512424
-5.9978,50,5315.448625
-3.540067,50,5317.4776
-6.009717,50,5318.887399
-4.000926,50,5320.386226
-3.581375,50,5321.794365
-5.673056,50,5323.215313
-5.394836,50,5324.735821
-4.595482,50,5326.245413
-4.528265,50,5327.773971
-3.779251,50,5329.338907
-0.028972,1,5329.37849
-2.570749,50,5330.89552
-2.688846,50,5332.420583
-5.892182,50,5333.934468
-4.244095,50,5335.423584
-2.600985,50,5336.907112
-4.148647,50,5338.475675
-4.975228,50,5340.08433
-0.026838,1,5340.125345
-4.4004,50,5341.610425
-0.03523,1,5341.646389
-5.476671,50,5343.236168
-3.56243,50,5344.889919
-4.291276,50,5346.375117
-4.121122,50,5347.893599
-0.041885,1,5347.919532
-6.79388,50,5349.375381
-3.665068,50,5350.887473
-0.027291,1,5350.913402
-3.665976,50,5352.417904
-0.047802,1,5352.457782
-5.140459,50,5353.92822
-3.444062,50,5355.858583
-2.614809,50,5357.908019
-3.892722,50,5359.42962
-4.031118,50,5360.798574
-2.80687,50,5362.393461
-4.851878,50,5363.807936
-0.024043,1,5363.845795
-0.044686,1,5363.869966
-0.012267,1,5363.904149
-3.89713,50,5365.423997
-0.028181,1,5365.459168
-4.545075,50,5367.110509
-4.094427,50,5368.515039
-5.426529,50,5369.927927
-0.045883,1,5369.964163
-0.034119,1,5369.992089
-5.082911,50,5371.634578
-2.565816,50,5373.176704
-3.710637,50,5375.172891
-4.575871,50,5376.527754
-8.326842,50,5377.882689
-3.937632,50,5379.206309
-3.541374,50,5380.510185
-4.009491,50,5381.9067
-5.734323,50,5383.213253
-5.115054,50,5385.668573
-3.250296,50,5388.904942
-4.991878,50,5390.405656
-2.687115,50,5391.767859
-0.019674,1,5391.798854
-3.408558,50,5393.292399
-4.157114,50,5395.006466
-0.031633,1,5395.035714
-4.743578,50,5397.954467
-0.038599,1,5398.007208
-5.473279,50,5399.960433
-3.350031,50,5401.904204
-3.024925,50,5403.603896
-3.034339,50,5405.455502
-0.038692,1,5405.493572
-0.036244,1,5405.529625
-4.104248,50,5407.316257
-0.048991,1,5407.363306
-5.496885,50,5408.876886
-5.234545,50,5410.443782
-0.03006,1,5410.478016
-2.934155,50,5412.400042
-0.00427,1,5412.437267
-3.900373,50,5414.057672
-4.487692,50,5415.637793
-0.036771,1,5415.68029
-3.525789,50,5417.238481
-3.520811,50,5418.782241
-0.047445,1,5418.822881
-5.563715,50,5420.403974
-3.517242,50,5421.946231
-6.533429,50,5423.472169
-6.031331,50,5425.018534
-3.931853,50,5426.58275
-2.675053,50,5428.339563
-3.752259,50,5429.951586
-2.904097,50,5431.607411
-4.582794,50,5433.182564
-0.02362,1,5433.218714
-4.986948,50,5434.603443
-4.135914,50,5436.344681
-4.517793,50,5437.796236
-4.0636,50,5439.247407
-4.634337,50,5440.694712
-4.588425,50,5442.102547
-4.590996,50,5443.530201
-4.653598,50,5448.903379
-5.491792,50,5450.409319
-2.658071,50,5451.893292
-3.773734,50,5453.395244
-0.044587,1,5453.425163
-0.029851,1,5453.450265
-0.044534,1,5453.47819
-4.430794,50,5454.995302
-3.999732,50,5456.570513
-3.403064,50,5458.038013
-0.026709,1,5458.072921
-4.797429,50,5459.546593
-5.23752,50,5461.013417
-3.965271,50,5462.469333
-2.99828,50,5464.183752
-0.047377,1,5464.232341
-3.062674,50,5465.985758
-6.113854,50,5468.176348
-4.182176,50,5469.750781
-0.038826,1,5469.788885
-0.041594,1,5469.82769
-2.699077,50,5472.387959
-0.040607,1,5472.412893
-6.461829,50,5473.938414
-3.947147,50,5475.706331
-6.304002,50,5477.746293
-2.662798,50,5479.745957
-5.97853,50,5481.270634
-4.363839,50,5482.793498
-2.993549,50,5484.308098
-5.092043,50,5485.816912
-5.876359,50,5487.603772
-4.417618,50,5489.160756
-3.55472,50,5490.6343
-5.6896,50,5492.11371
-5.644344,50,5493.635558
-4.228461,50,5495.06541
-5.579057,50,5496.624869
-4.355935,50,5498.091179
-5.988584,50,5499.54593
-6.719464,50,5501.007228
-4.782441,50,5502.614729
-3.876516,50,5504.132931
-3.478033,50,5505.590685
-4.084953,50,5507.298265
-4.906076,50,5508.740171
-3.936157,50,5510.131656
-3.579907,50,5511.527284
-2.640492,50,5512.94821
-3.081698,50,5514.399725
-3.090858,50,5515.948934
-4.498679,50,5517.41404
-2.877801,43,5518.683215
-4.627932,50,5520.10717
-0.046488,1,5520.134267
-4.83745,50,5521.58563
-2.846899,50,5523.059438
-3.610285,50,5524.518178
-4.045739,50,5526.027641
-4.885014,50,5527.494623
-4.137687,50,5528.985435
-4.160257,50,5530.466531
-0.037625,1,5530.495453
-0.044678,1,5530.536548
-0.026031,1,5530.568565
-4.416433,50,5532.094613
-6.355726,50,5533.580213
-0.022477,1,5533.618434
-0.043879,1,5533.646358
-0.041162,1,5533.672508
-4.455645,50,5535.131924
-3.870134,50,5536.66913
-5.228849,50,5538.160741
-5.567157,50,5539.695652
-0.042638,1,5539.729562
-0.037718,1,5539.776782
-2.724032,50,5541.246501
-2.576441,50,5542.769058
-2.710935,50,5544.256846
-3.710245,50,5545.753917
-0.018868,1,5545.785959
-0.020621,1,5545.812888
-4.327375,50,5547.280938
-5.24006,50,5548.730533
-3.428862,50,5550.228993
-5.20566,50,5551.743894
-4.673389,50,5553.286643
-4.444457,50,5554.775293
-4.88406,50,5556.32762
-5.330095,50,5557.871113
-4.512824,50,5559.382189
-5.281292,50,5560.900002
-3.512014,50,5562.402484
-2.635927,50,5563.947487
-5.143971,50,5565.788836
-3.606197,50,5567.728217
-4.024102,50,5570.215969
-5.507735,50,5571.995817
-0.036413,1,5572.029022
-5.131207,50,5573.770408
-4.227461,50,5576.567292
-2.971138,50,5580.70996
-3.651238,50,5582.486652
-4.427245,50,5584.239283
-0.042603,1,5584.275087
-4.619384,50,5586.240706
-4.180083,50,5587.671524
-0.026732,1,5587.723467
-4.742669,50,5590.789765
-4.561015,50,5592.839375
-3.184051,50,5594.479967
-0.022965,1,5594.521478
-4.403456,50,5596.286089
-0.01847,1,5596.319444
-4.061382,50,5598.376361
-6.163433,50,5600.601802
-0.037795,1,5600.631722
-4.833985,50,5602.19767
-3.690997,50,5604.458141
-3.324445,50,5606.379346
-0.048842,1,5606.407631
-0.03142,1,5606.441578
-4.519486,50,5608.123466
-5.821746,50,5609.641689
-3.224277,50,5611.284023
-4.081197,50,5613.114806
-0.043505,1,5613.14626
-5.031584,50,5614.671678
-4.493664,50,5616.221193
-5.258972,50,5617.78284
-0.015733,1,5617.816031
-4.000838,50,5619.431536
-5.405405,50,5620.981314
-3.741081,50,5627.36945
-4.822739,50,5632.874306
-4.230931,50,5634.496073
-4.379514,50,5636.067926
-4.6261,50,5637.593715
-3.680879,50,5639.138214
-0.038099,1,5639.176111
-0.048411,1,5639.207574
-0.039079,1,5639.237874
-4.573318,50,5640.843218
-3.944809,50,5642.40758
-0.049146,1,5642.443483
-4.234382,50,5643.962224
-4.331911,50,5645.529569
-3.162394,50,5647.019861
-3.344131,50,5648.557083
-2.755015,50,5650.483147
-4.251168,50,5652.397653
-0.030256,1,5652.438505
-0.046355,1,5652.469754
-4.405502,50,5654.134737
-3.16098,50,5655.687633
-2.678116,50,5657.358541
-4.685065,50,5659.781261
-5.002736,50,5662.66159
-7.017693,50,5664.124532
-0.020857,1,5664.176661
-0.037275,1,5664.200789
-4.361925,50,5665.804964
-4.578605,50,5667.337834
-2.660815,50,5669.336113
-3.331271,50,5671.422745
-4.093175,50,5673.031449
-4.502145,50,5674.86384
-6.113669,50,5677.242406
-2.959699,50,5678.87058
-0.041951,1,5678.906955
-5.725914,50,5680.608669
-4.866941,50,5682.61395
-3.716625,50,5684.091742
-0.047463,1,5684.12216
-3.90851,50,5685.645499
-5.004214,50,5687.262781
-4.777723,50,5688.844173
-4.883447,50,5690.376019
-3.862707,50,5691.899781
-0.036473,1,5691.939581
-4.30418,50,5693.467433
-3.577647,50,5695.04512
-5.307416,50,5696.752023
-0.032903,1,5696.793198
-0.043677,1,5696.818132
-4.38121,50,5698.345212
-7.549591,50,5699.850744
-3.50375,50,5701.605836
-3.500408,50,5703.040074
-4.141715,50,5705.277869
-4.775242,50,5707.057823
-3.749115,50,5709.768637
-4.144045,50,5711.499967
-0.018067,1,5711.523041
-3.353861,50,5713.001516
-3.404193,50,5714.40434
-3.864933,50,5715.866644
-5.33231,50,5717.270622
-4.737855,50,5718.680788
-2.871786,50,5720.126981
-0.028568,1,5720.150917
-5.238887,50,5721.698892
-2.865693,50,5723.950826
-4.173031,50,5725.833035
-3.544147,50,5727.489464
-4.984138,50,5729.173913
-3.322972,50,5730.743661
-4.757277,50,5732.306515
-3.286382,50,5733.939527
-4.58219,50,5735.514503
-5.930811,50,5737.035909
-5.838335,50,5738.65271
-5.657559,50,5740.261476
-4.385831,50,5741.815264
-0.017791,1,5741.845541
-4.119374,50,5743.506691
-4.040977,50,5745.92635
-4.026169,50,5747.755607
-3.68423,50,5749.683273
-4.312983,50,5752.319369
-3.013985,50,5754.844759
-6.285517,50,5757.532595
-0.020617,1,5757.591372
-4.014963,50,5762.304614
-4.456249,50,5764.546876
-3.452285,50,5766.310715
-4.34141,50,5768.113163
-4.482402,50,5769.819128
-4.896432,50,5771.288629
-2.764931,50,5772.932467
-0.001912,1,5772.971616
-3.510668,50,5775.424841
-4.942288,50,5778.263934
-6.078778,50,5780.514369
-4.150871,50,5782.502934
-0.033538,1,5782.556417
-4.109487,50,5784.740794
-4.519105,50,5787.187533
-0.048639,1,5787.256689
-4.301469,50,5789.330283
-2.78234,50,5791.404735
-5.136464,50,5793.516735
-5.854466,50,5796.354582
-3.235468,50,5798.486954
-5.811728,50,5800.864367
-5.413659,50,5802.798009
-5.335414,50,5804.880243
-5.941993,50,5806.890679
-3.978176,50,5814.844186
-0.018015,1,5814.877905
-3.785022,50,5816.448569
-4.586412,50,5818.035027
-4.58342,50,5819.572826
-5.464873,50,5821.111255
-4.508114,50,5822.602897
-0.018503,1,5822.64063
-3.390832,50,5824.150976
-4.789687,50,5825.632116
-3.467429,50,5827.172811
-4.209177,50,5828.723422
-3.697246,50,5830.245913
-6.107764,50,5831.757348
-5.112775,50,5833.23264
-3.65515,50,5834.738714
-4.109345,50,5836.519625
-4.437049,50,5838.068497
-3.172988,50,5839.550869
-0.032288,1,5839.590394
-5.465314,50,5841.136941
-3.031702,50,5842.633439
-4.610487,50,5844.252289
-2.521472,50,5845.728734
-0.020581,1,5845.763948
-0.033945,1,5845.792149
-6.223114,50,5847.295936
-3.462763,50,5848.801069
-5.733406,50,5850.265478
-0.045462,1,5850.293782
-4.712974,50,5851.783716
-3.542593,50,5853.236317
-5.164225,50,5855.403448
-4.949196,50,5858.069292
-3.297394,50,5859.47875
-0.041124,1,5859.51355
-4.94199,50,5861.028882
-3.821444,50,5862.404659
-3.682335,50,5863.795406
-0.024973,1,5863.832116
-3.483194,50,5865.175968
-2.725566,50,5866.592906
-0.03737,1,5866.620233
-3.130067,50,5867.94405
-3.624406,50,5869.407593
-4.359346,50,5870.822158
-0.031464,1,5870.85019
-3.706584,50,5872.247779
-4.713443,50,5873.737686
-3.011713,50,5875.167843
-5.484957,50,5876.599007
-6.294248,50,5878.157703
-4.262184,50,5879.818008
-4.487925,50,5881.581717
-4.041073,50,5883.099777
-3.877727,50,5884.72516
-3.804753,50,5886.22196
-3.044593,50,5887.720967
-3.199343,50,5889.469699
-2.663965,50,5891.441432
-3.502465,50,5893.011749
-6.034279,50,5894.63083
-3.025886,50,5896.09815
-3.081355,50,5897.525611
-6.446868,50,5898.926575
-0.021032,1,5898.955497
-0.048355,1,5898.98442
-0.049132,1,5899.021769
-4.718447,50,5900.404332
-5.18214,50,5901.905568
-0.039662,1,5901.936817
-5.576935,50,5903.441188
-4.612658,50,5904.973059
-4.800689,50,5906.48008
-4.978925,50,5908.032415
-5.607728,50,5909.501869
-5.6396,50,5911.242082
-5.684924,50,5913.21613
-3.666044,50,5915.777244
-0.045688,1,5915.859582
-0.035499,1,5915.919167
-0.039218,1,5915.965521
-4.168686,50,5918.643908
-3.365958,50,5920.301574
-5.758328,50,5921.798185
-0.01267,1,5921.826541
-5.021563,50,5923.201458
-4.436985,50,5924.598889
-5.55575,50,5925.982482
-0.042152,1,5926.007886
-3.540088,50,5927.424448
-0.044386,1,5927.458953
-4.628502,50,5928.831442
-5.192929,50,5930.217175
-5.581132,50,5931.68689
-3.749976,50,5933.107498
-4.26769,50,5934.46955
-4.094086,50,5936.145908
-4.975988,50,5937.755886
-4.318803,50,5940.373259
-4.552885,50,5942.764171
-5.505568,50,5944.816091
-4.98556,50,5946.217021
-2.809264,50,5947.800256
-5.113929,50,5950.029954
-5.559295,50,5951.356801
-2.606249,50,5952.906101
-6.960427,50,5955.044582
-4.685304,50,5956.603174
-3.523158,50,5958.490664
-3.968772,50,5960.630463
-0.036616,1,5960.671885
-0.044325,1,5960.705313
-4.25997,50,5962.259607
-5.02975,50,5963.811563
-0.00464,1,5963.854315
-4.466192,50,5965.363069
-4.373424,50,5967.300314
-5.33161,50,5969.264878
-4.352268,50,5970.714319
-4.913748,50,5972.169783
-3.443164,50,5973.849918
-4.786617,50,5975.286291
-2.653293,50,5976.734984
-4.803164,50,5978.192737
-5.509359,50,5979.670479
-5.470348,50,5981.200507
-0.048181,1,5981.24885
-3.899346,50,5982.800684
-3.314315,50,5984.351195
-5.641206,50,5985.867504
-3.330621,50,5987.934478
-4.108814,50,5989.549187
-0.026568,1,5989.582098
-4.882825,50,5991.225986
-0.045064,1,5991.278525
-4.69575,50,5992.864403
-4.386202,50,5994.397247
-3.436527,50,5995.950873
-5.199601,50,5997.473927
-3.549084,50,5999.06692
-4.631755,50,6000.683428
-4.687588,50,6002.721317
-4.866971,50,6004.507029
-3.589071,50,6006.416704
-0.034927,1,6006.447619
-0.017787,1,6006.474873
-4.867245,50,6008.046376
-5.664521,50,6009.647862
-2.822794,50,6011.187499
-0.001441,1,6011.22445
-3.954269,50,6012.843603
-5.42889,50,6014.436271
-7.491763,50,6016.034922
-5.997619,50,6017.597399
-3.50397,50,6019.231665
-4.440732,50,6020.831969
-4.102792,50,6022.38369
-4.53524,50,6023.946048
-2.532955,50,6025.584883
-4.377675,50,6027.147588
-0.021453,1,6027.179099
-3.903916,50,6028.882674
-0.02589,1,6028.924578
-5.057972,50,6030.546471
-4.70527,50,6032.197093
-3.913318,50,6034.313188
-4.01061,50,6036.473461
-5.42028,50,6037.990508
-4.81466,50,6039.425192
-3.575747,50,6040.789362
-6.388819,50,6042.194418
-6.16112,50,6043.765152
-3.555796,50,6045.179861
-4.068573,50,6047.175864
-5.596664,50,6049.811419
-4.16138,50,6051.443572
-4.657146,50,6053.060273
-3.089166,50,6054.730233
-5.99758,50,6056.498559
-5.318094,50,6058.54652
-6.499783,50,6060.246254
-5.084897,50,6061.786198
-3.907012,50,6063.339662
-5.923042,50,6064.981191
-5.733105,50,6066.497057
-4.231503,50,6068.056633
-3.27,50,6069.57541
-5.560413,50,6071.124635
-0.035328,1,6071.15674
-5.322923,50,6073.767829
-0.035642,1,6073.814417
-5.307086,50,6075.530057
-3.884495,50,6077.124436
-4.649658,50,6079.645975
-0.033924,1,6079.711425
-4.016178,50,6081.347963
-0.013539,1,6081.380958
-4.920365,50,6084.087872
-6.021807,50,6085.603492
-0.04395,1,6085.627819
-3.74903,50,6087.097094
-0.032619,1,6087.124999
-6.144014,50,6088.729613
-4.257474,50,6090.535123
-4.466224,50,6092.104466
-5.233406,50,6093.643771
-4.411734,50,6095.241932
-4.733801,50,6096.791663
-4.738075,50,6098.406715
-0.016434,1,6098.438592
-5.556073,50,6100.002962
-3.948904,50,6101.634534
-2.922997,50,6103.31419
-4.39556,50,6104.866943
-5.543214,50,6106.471752
-4.280666,50,6108.019759
-4.623543,50,6109.596153
-0.044759,1,6109.632991
-4.742635,50,6111.198841
-5.614977,50,6112.700849
-5.441184,50,6114.281173
-5.004644,50,6115.749756
-2.614438,50,6117.274542
-4.222424,50,6118.876708
-5.686293,50,6120.33402
-0.043163,1,6120.357653
-3.081626,50,6121.875675
-5.003439,50,6123.408998
-0.040869,1,6123.441098
-0.041835,1,6123.47049
-0.019014,1,6123.510384
-0.02855,1,6123.543416
-0.047144,1,6123.575529
-3.519236,50,6125.078383
-4.758764,50,6126.963171
-0.043638,1,6127.003064
-4.721876,50,6128.761893
-2.546873,50,6130.948683
-2.522888,50,6132.713862
-0.034502,1,6132.74478
-3.851918,50,6134.30166
-0.048882,1,6134.329466
-5.081733,50,6135.739521
-5.414923,50,6137.185077
-3.458097,50,6138.619401
-0.02194,1,6138.655539
-0.032754,1,6138.693878
-0.008102,1,6138.7228
-3.994967,50,6140.24808
-3.143088,50,6145.264164
-2.626497,50,6146.732594
-3.186137,50,6148.578344
-0.019452,1,6148.615973
-0.030307,1,6148.641903
-4.181454,50,6150.287681
-6.362162,50,6151.753755
-2.610806,50,6153.239037
-3.993832,50,6154.811044
-4.844856,50,6156.641061
-5.671128,50,6158.120846
-3.251456,50,6159.859561
-5.197495,50,6161.201506
-3.927893,50,6163.299417
-3.041182,50,6165.579904
-6.08717,50,6167.199431
-3.745085,50,6168.713614
-4.779232,50,6170.248598
-4.540592,50,6171.76606
-2.882897,50,6173.285497
-0.04693,1,6173.326976
-0.023362,1,6173.366505
-0.037121,1,6173.400698
-3.221441,50,6175.017558
-0.02319,1,6175.049474
-4.744119,50,6176.568283
-2.745969,50,6178.153392
-3.084264,50,6179.673885
-0.034458,1,6179.701041
-0.04968,1,6179.74369
-0.04979,1,6179.772614
-0.03099,1,6179.798794
-5.845073,50,6181.313444
-0.035702,1,6181.352348
-5.926395,50,6182.863804
-0.010444,1,6182.893387
-4.640446,50,6184.395963
-4.695147,50,6185.949142
-4.908739,50,6187.746599
-2.550792,50,6189.644442
-0.031565,1,6189.685818
-2.222368,21,6190.646568
-5.403608,50,6192.933848
-3.709359,50,6194.69292
-4.732159,50,6196.594045
-3.142284,50,6198.699171
-3.603223,50,6200.331759
-5.406927,50,6201.960601
-4.330829,50,6203.522192
-3.145042,50,6205.126849
-5.317771,50,6206.680449
-2.872299,50,6208.26418
-0.01124,1,6208.298437
-0.023694,1,6208.341488
-5.697008,50,6209.907236
-4.844688,50,6211.413268
-3.09828,50,6213.01913
-5.07146,50,6214.571417
-4.474247,50,6216.129432
-5.78835,50,6217.707504
-3.280015,50,6219.545347
-4.070796,50,6221.116239
-5.035456,50,6222.870953
-3.044,50,6224.61534
-0.043914,1,6224.649445
-3.695057,50,6226.56406
-2.784385,50,6229.800946
-0.023107,1,6229.840415
-3.685875,50,6231.553657
-0.04429,1,6231.596931
-3.481792,50,6233.467548
-0.02889,1,6233.532377
-6.015756,50,6235.464614
-0.049375,1,6235.517083
-5.117694,50,6237.390616
-4.184258,50,6238.863887
-4.937916,50,6240.565524
-3.340812,50,6243.082586
-0.037146,1,6243.132723
-3.413352,50,6244.815418
-3.069415,50,6246.228438
-3.939573,49,6248.210671
-4.411698,50,6250.25498
-5.265623,50,6251.904562
-4.849363,50,6253.888602
-0.021985,1,6253.944886
-4.056706,50,6255.948373
-3.463226,50,6258.224394
-4.146847,50,6260.382177
-0.004417,1,6260.434316
-3.419183,50,6263.030649
-4.795053,50,6265.070148
-5.180646,50,6266.607282
-4.457154,50,6268.015703
-0.024475,1,6268.062479
-3.070396,50,6269.710209
-4.033653,50,6271.10477
-4.809439,50,6272.491583
-4.448014,50,6273.919562
-2.748773,50,6275.371419
-3.833254,50,6277.093565
-3.857905,50,6278.562565
-5.211599,50,6280.048866
-4.397895,50,6281.434407
-4.961155,50,6282.876464
-4.676925,50,6284.369505
-4.020561,50,6286.145578
-5.403839,50,6288.354156
-4.299297,50,6290.725137
-5.142664,50,6292.337026
-6.379019,50,6294.560566
-3.924509,50,6296.703452
-4.638671,50,6298.612387
-5.8027,50,6300.477711
-0.03934,1,6300.565394
-0.04997,1,6300.620937
-0.036424,1,6300.688067
-0.035883,1,6300.753296
-6.192076,50,6303.008144
-4.180951,50,6304.764006
-0.035205,1,6304.793925
-5.492097,50,6306.361483
-2.341846,35,6307.643286
-3.53562,50,6309.480338
-5.195948,50,6311.612299
-4.561635,50,6313.181019
-2.913955,50,6314.737326
-4.812611,50,6316.385068
-0.022755,1,6316.413993
-5.027612,50,6317.976475
-0.024723,1,6318.01249
-3.083078,50,6319.570175
-6.194052,50,6321.53022
-4.26945,50,6323.301843
-3.375314,50,6325.369257
-4.303778,50,6327.051273
-0.031607,1,6327.079434
-0.018311,1,6327.119445
-4.625199,50,6328.998943
-2.87871,50,6330.905765
-4.013133,50,6332.679432
-4.894131,50,6334.65021
-6.150813,50,6336.251913
-4.752034,50,6337.76437
-0.044999,1,6337.799276
-5.595051,50,6339.327941
-3.816144,50,6340.846513
-5.153652,50,6342.39904
-4.616424,50,6343.881579
-0.044616,1,6343.927456
-0.031369,1,6343.956267
-6.150916,50,6345.763534
-3.68894,50,6347.294057
-6.623744,50,6348.893317
-6.806247,50,6350.369868
-0.03356,1,6350.402778
-0.042276,1,6350.444246
-3.205654,50,6351.970867
-4.593177,50,6353.549438
-3.831187,50,6355.090275
-0.020585,1,6355.122189
-4.858273,50,6356.651071
-2.800475,50,6358.201905
-4.223243,50,6359.727411
-3.456629,50,6361.288082
-3.469435,50,6362.844224
-3.603188,50,6364.391116
-4.325825,50,6365.982341
-5.882738,50,6367.488955
-5.420486,50,6368.924747
-2.748148,50,6370.607357
-3.717891,50,6372.019097
-4.36849,50,6373.407222
-3.579666,50,6374.872525
-4.952418,50,6376.305001
-4.391616,50,6377.801014
-6.439243,50,6379.406765
-4.436558,50,6380.991009
-4.226417,50,6382.455499
-5.868145,50,6383.951087
-4.992737,50,6385.479536
-2.70223,50,6387.058937
-6.337971,50,6388.670796
-3.116103,50,6390.867754
-4.743928,50,6393.207196
-4.402849,50,6394.795915
-6.451566,50,6396.440677
-0.029535,1,6396.483151
-4.942664,50,6397.850766
-5.055605,50,6399.277609
-0.012535,1,6399.303763
-5.285812,50,6400.798882
-6.953261,50,6402.177408
-4.218995,50,6403.570369
-5.030536,50,6404.999761
-4.291933,50,6406.354908
-5.298164,50,6407.811408
-0.008895,1,6407.863522
-2.646112,50,6409.207673
-0.046488,1,6409.235221
-4.551421,50,6410.670202
-0.016215,1,6410.717224
-4.272118,50,6412.178519
-0.020164,1,6412.205287
-4.89649,50,6413.723168
-3.379596,50,6415.307072
-4.531083,50,6417.811439
-2.620136,50,6419.358059
-4.096171,50,6420.973835
-3.3166,50,6422.680409
-0.04638,1,6422.724616
-2.860436,50,6424.166299
-4.053997,50,6425.768334
-0.007578,1,6425.804333
-6.659589,50,6427.276613
-5.371393,50,6428.707299
-0.044788,1,6428.731496
-0.033765,1,6428.769392
-3.927318,50,6430.379157
-0.039612,1,6430.408103
-5.426291,50,6431.737025
-6.482571,50,6433.347177
-4.705709,50,6435.445392
-4.841807,50,6437.32678
-0.034159,1,6438.006941
-2.586912,50,6439.615447
-0.045654,1,6439.667989
-3.31332,50,6441.179382
-3.397216,50,6442.576665
-3.183674,50,6444.040339
-3.141236,50,6445.654977
-5.829469,50,6447.362619
-6.279462,50,6449.338564
-4.915686,50,6450.782102
-3.130823,50,6452.649173
-0.026018,1,6452.685941
-0.034066,1,6452.734778
-4.962706,50,6454.613866
-4.451521,50,6457.688809
-0.047358,1,6457.727937
-0.048297,1,6457.782133
-4.42847,50,6459.290779
-5.073847,50,6460.706004
-0.039118,1,6460.732141
-3.519979,50,6462.08539
-4.56174,50,6464.0544
-2.6907,50,6465.807423
-4.227844,50,6468.049674
-0.024618,1,6468.095138
-2.779463,50,6469.895181
-0.049886,1,6469.937706
-0.024403,1,6469.969595
-5.60447,50,6471.442345
-3.65534,50,6473.464798
-0.024459,1,6473.521105
-3.392659,50,6475.630261
-0.021719,1,6475.657066
-2.589777,50,6477.4925
-2.626802,50,6479.038474
-4.43013,50,6480.500978
-2.813388,50,6482.085045
-1.021623,15,6482.628077
-0.047722,1,6482.670072
-5.514852,50,6484.698366
-5.60645,50,6493.363752
-4.59243,50,6495.007405
-4.854064,50,6496.534003
-4.178858,50,6498.063594
-4.793071,50,6499.64018
-3.134467,50,6501.266288
-5.077826,50,6502.982175
-3.794243,50,6504.628355
-0.03768,1,6504.657371
-4.517491,50,6506.515852
-3.628501,50,6507.959369
-5.411171,50,6509.211645
-4.227436,50,6510.39502
-2.635888,50,6512.229416
-0.036765,1,6512.253467
-4.29335,50,6513.6356
-4.828125,50,6514.900051
-0.042473,1,6514.950303
-3.399661,50,6516.463879
-2.827275,50,6517.752724
-4.811651,50,6519.255398
-2.562333,50,6520.630508
-0.025913,1,6520.654649
-4.303986,50,6521.903193
-5.699235,50,6523.179539
-4.409131,50,6524.381272
-0.040072,1,6524.408751
-4.091977,50,6525.559929
-3.856504,50,6526.707781
-3.297583,50,6527.865388
-0.044115,1,6527.88743
-5.571815,50,6529.624915
-3.023879,50,6531.536124
-4.450777,50,6532.866137
-6.539023,50,6534.073327
-4.921427,50,6535.503759
-0.005525,1,6535.539501
-4.830188,50,6536.792481
-5.450163,50,6538.036165
-3.806248,50,6539.224091
-0.049521,1,6539.239712
-4.644818,50,6540.458841
-5.368562,50,6541.749276
-0.028196,1,6541.775316
-0.026245,1,6541.79677
-3.729903,50,6543.558285
-4.135957,50,6544.718699
-0.028587,1,6544.734319
-0.026133,1,6544.76556
-4.06962,50,6545.980431
-0.041054,1,6545.997777
-3.323095,50,6547.238112
-4.701734,50,6548.412632
-0.04461,1,6548.459491
-0.021999,1,6548.490737
-4.913948,50,6549.688407
-4.6514,50,6550.858122
-5.576536,50,6552.080454
-4.777131,50,6553.240202
-2.760234,50,6554.383458
-4.832876,50,6555.607374
-3.9754,50,6557.034858
-3.839373,50,6558.331428
-4.511238,50,6559.799285
-4.967493,50,6561.114736
-0.041523,1,6561.147715
-3.583512,50,6562.414595
-4.560725,50,6563.54458
-4.454906,50,6564.703585
-0.037598,1,6564.719575
-5.95966,50,6566.118215
-5.984008,50,6567.586879
-5.131764,50,6569.115882
-3.532472,50,6570.535509
-2.937713,50,6572.002547
-4.949461,50,6573.464846
-4.210397,50,6574.713608
-5.923554,50,6576.100281
-3.175497,50,6577.581169
-0.047734,1,6577.615149
-5.202056,50,6578.99448
-2.971747,50,6580.46381
-0.026897,1,6580.498158
-0.033487,1,6580.528474
-0.03732,1,6580.547047
-4.079137,50,6582.047031
-4.38533,50,6583.842112
-4.919494,50,6585.31227
-6.480173,50,6586.794708
-5.229181,50,6588.276349
-2.899619,50,6589.793226
-3.811685,50,6591.230772
-0.044747,1,6591.259499
-3.225612,50,6592.707088
-2.528707,50,6594.117291
-0.031907,1,6594.148529
-2.942003,50,6595.723511
-3.425197,50,6596.925825
-4.99157,50,6598.019099
-4.218044,50,6599.293776
-4.671069,50,6600.437482
-3.805365,50,6601.596246
-3.535366,50,6602.74047
-0.046866,1,6602.756088
-4.461745,50,6603.920416
-5.006275,50,6605.029778
-3.504898,50,6606.127147
-3.275826,50,6607.317202
-5.25869,50,6608.445821
-5.080416,50,6609.527596
-3.140182,50,6610.655191
-2.52103,50,6611.783861
-3.917372,50,6612.921638
-3.87408,50,6614.041879
-2.908151,50,6615.170445
-2.56341,50,6616.297925
-0.0494,1,6616.329165
-3.393536,50,6617.473535
-3.037532,50,6618.664602
-5.072942,50,6619.795342
-4.309152,50,6621.001203
-5.417474,50,6623.404951
-2.858981,50,6624.847575
-3.167988,50,6626.069362
-3.427928,50,6627.365686
-0.016211,1,6627.396929
-0.048053,1,6627.427754
-5.408982,50,6628.856927
-3.412956,50,6630.855399
-5.734852,50,6632.499863
-3.50632,50,6633.782208
-4.397315,50,6635.061589
-4.893966,50,6636.387407
-2.573414,50,6637.531523
-0.048121,1,6637.547146
-4.355783,50,6638.64375
-0.023616,1,6638.67499
-4.699918,50,6639.807452
-3.989672,50,6640.885237
-5.697937,50,6642.045893
-4.781805,50,6643.190164
-3.765057,50,6644.302088
-0.035657,1,6644.31771
-4.157313,50,6645.508739
-5.253514,50,6646.796132
-0.018448,1,6646.810133
-2.612389,50,6647.938799
-3.12736,50,6649.161092
-5.826439,50,6650.288567
-3.446043,50,6651.47979
-2.716528,50,6652.657102
-5.822092,50,6653.878554
-5.056836,50,6655.069364
-0.049848,1,6655.100605
-3.353561,50,6656.259454
-0.022873,1,6656.275081
-6.279075,50,6657.417292
-3.682419,50,6658.596759
-6.820228,50,6659.708643
-3.714203,50,6661.465545
-5.4801,50,6662.934203
-0.040753,1,6662.966118
-3.217951,50,6664.328616
-5.663058,50,6665.512284
-5.345503,50,6666.626898
-4.356483,50,6667.787862
-0.006941,1,6667.803482
-3.094805,50,6669.011606
-4.619021,50,6670.560766
-3.746836,50,6671.895491
-2.639501,50,6673.681201
-3.510624,50,6675.263858
-3.92111,50,6676.764166
-4.480287,50,6678.382833
-4.502507,50,6679.862883
-0.043563,1,6679.895154
-5.09119,50,6681.478951
-0.041289,1,6681.528015
-0.043137,1,6681.561219
-6.011555,50,6683.321416
-0.558025,8,6683.524495
-4.231397,50,6684.998485
-0.04738,1,6685.029727
-4.418794,50,6686.334834
-3.294881,50,6687.620643
-2.886115,50,6688.933483
-4.957442,50,6690.283808
-4.809717,50,6691.620204
-3.369156,50,6692.920555
-5.40863,50,6694.318197
-4.553824,50,6696.229917
-6.25188,50,6697.544148
-4.253107,50,6698.898954
-4.398955,50,6700.326504
-5.776071,50,6701.504788
-4.470067,50,6702.644606
-4.830851,50,6703.979528
-6.134206,50,6705.42864
-4.132456,50,6706.799127
-4.904073,50,6708.264869
-3.2207,50,6709.730492
-2.856947,50,6711.14663
-5.232526,50,6712.671761
-4.019438,50,6714.094429
-4.306456,50,6715.49347
-0.034219,1,6715.526805
-0.039823,1,6715.56095
-0.01656,1,6715.57718
-0.049165,1,6715.610822
-4.312881,50,6717.134564
-6.05074,50,6718.229072
-4.197921,50,6719.381701
-3.826041,50,6720.637223
-2.88846,50,6721.81262
-4.16005,50,6722.940365
-6.335912,50,6724.215312
-4.930703,50,6725.467558
-5.775924,50,6726.749189
-0.020181,1,6726.78043
-0.006443,1,6726.796052
-6.49963,50,6728.012861
-2.60236,50,6729.135469
-2.913781,50,6730.312977
-0.044823,1,6730.328599
-2.772217,50,6731.493624
-5.383833,50,6732.775228
-4.400094,50,6734.124534
-5.049698,50,6736.077621
-4.998503,50,6737.356251
-4.905021,50,6738.577382
-3.953426,50,6739.809194
-4.222562,50,6741.107321
-5.364263,50,6742.249127
-3.898691,50,6743.520675
-0.029087,1,6743.536297
-5.310149,50,6744.83672
-5.061701,50,6746.013608
-0.035644,1,6746.044852
-4.179017,50,6747.183221
-6.764163,50,6748.36354
-3.993159,50,6749.519686
-4.701916,50,6750.777032
-0.037604,1,6750.792663
-3.583323,50,6751.98348
-4.595509,50,6753.174513
-4.887757,50,6754.255873
-0.03915,1,6754.289139
-4.198876,50,6755.541963
-4.696132,50,6756.685156
-4.51287,50,6760.995509
-0.017946,1,6761.011131
-3.493479,50,6762.415499
-2.830712,50,6763.818109
-4.072455,50,6765.296967
-1.65779,26,6766.013887
-0.044846,1,6766.055397
-5.923154,50,6767.500698
-4.120175,50,6768.916465
-3.556012,50,6770.39912
-0.029676,1,6770.444099
-0.048824,1,6770.465488
-0.018813,1,6770.498832
-2.916956,50,6771.953337
-4.813075,50,6773.347277
-3.168448,50,6774.812455
-0.038331,1,6775.267318
-4.947532,50,6776.51443
-0.020493,1,6776.535833
-5.733473,50,6777.640807
-0.018579,1,6777.656433
-5.774486,50,6779.002136
-2.695104,50,6780.158919
-3.871563,50,6781.422206
-0.041642,1,6781.453451
-4.731842,50,6782.668061
-4.853213,50,6783.949635
-3.990557,50,6785.086532
-5.435844,50,6786.33067
-3.577628,50,6787.467555
-0.005288,1,6787.506876
-3.216102,50,6788.734844
-0.015689,1,6788.768153
-5.832998,50,6790.121135
-5.975539,50,6791.329077
-3.51653,50,6792.513893
-3.511098,50,6793.748715
-5.748192,50,6794.970928
-3.740003,50,6796.286936
-0.032943,1,6796.302555
-3.350302,50,6797.591429
-5.30186,50,6798.796058
-2.623417,50,6800.067059
-0.014908,1,6800.078682
-5.152718,50,6801.298218
-4.50902,50,6802.611427
-4.876568,50,6804.027606
-4.819176,50,6805.776303
-0.037535,1,6805.826233
-0.03222,1,6805.859556
-4.482447,50,6807.544389
-0.037064,1,6807.567968
-0.033345,1,6807.617007
-4.849207,50,6809.591169
-5.021993,50,6811.011363
-5.407453,50,6812.484566
-4.950274,50,6813.931385
-5.665904,50,6815.38814
-0.03127,1,6815.421437
-5.508357,50,6816.89134
-3.150113,50,6818.336649
-3.25927,50,6819.805978
-5.731588,50,6821.356041
-5.795833,50,6822.890614
-0.037458,1,6822.940387
-0.03885,1,6822.967467
-4.2287,50,6824.419118
-5.711037,50,6825.604624
-4.06143,50,6826.879271
-0.042112,1,6826.910519
-5.109969,50,6828.178589
-4.201001,50,6829.431504
-0.025415,1,6829.44713
-3.20885,50,6830.607073
-0.027011,1,6830.62269
-4.575682,50,6831.806946
-5.228255,50,6832.985508
-5.241889,50,6834.167632
-3.212772,50,6835.371203
-4.330494,50,6836.623173
-4.801437,50,6837.871999
-4.080811,50,6839.115686
-6.156476,50,6840.367634
-4.928642,50,6841.66747
-3.982158,50,6842.867384
-0.015562,1,6842.883005
-4.261864,50,6844.068278
-3.967155,50,6845.78978
-0.020907,1,6845.821025
-0.029906,1,6845.852268
-6.709182,50,6847.121432
-2.881159,50,6848.469524
-0.012637,1,6848.50077
-4.643012,50,6849.782354
-3.794719,50,6850.992403
-4.4355,50,6852.418667
-5.32272,50,6853.672284
-3.935199,50,6854.980284
-4.295554,50,6856.248358
-0.015769,1,6856.263982
-5.453718,50,6857.530054
-2.950906,50,6858.767723
-3.191294,50,6859.963038
-6.016582,50,6861.213469
-4.768902,50,6862.457649
-0.047359,1,6862.473272
-5.291375,50,6863.795439
-3.133224,50,6865.127031
-6.074966,50,6866.509679
-3.940755,50,6867.728963
-0.015797,1,6867.743381
-5.406486,50,6869.046284
-0.025476,1,6869.076001
-4.399418,50,6870.487098
-4.752439,50,6871.709568
-4.582356,50,6872.821506
-4.763196,50,6873.981322
-3.438338,50,6875.470142
-4.162602,50,6877.163012
-4.08543,50,6878.526858
-5.099371,50,6879.764827
-4.32126,50,6880.923594
-5.831376,50,6882.033951
-5.377832,50,6883.166001
-3.146547,50,6884.27912
-6.783809,50,6885.657573
-2.619062,50,6887.286943
-3.541354,50,6888.495553
-5.015127,50,6889.607595
-4.619044,50,6890.720498
-0.012245,1,6890.73612
-4.548231,50,6891.880256
-4.93887,50,6893.007857
-2.857572,50,6894.13653
-4.070307,50,6895.484164
-5.286641,50,6896.844918
-3.065641,50,6898.164628
-3.590825,50,6899.433819
-5.597425,50,6901.579933
-2.58426,50,6902.881854
-3.230866,50,6904.262281
-3.48861,50,6905.484744
-1.289022,18,6905.939577
-3.980571,50,6907.081393
-2.673792,50,6908.195697
-0.04604,1,6908.226942
-5.028508,50,6909.401476
-4.168628,50,6910.703834
-4.798647,50,6911.863733
-3.786717,50,6913.03808
-0.044804,1,6913.053707
-0.044429,1,6913.069322
-4.649802,50,6914.275949
-5.221751,50,6915.752333
-4.583488,50,6917.240639
-5.026392,50,6918.739776
-4.77393,50,6920.239007
-3.497816,50,6921.67151
-3.305819,50,6923.222734
-4.03956,50,6924.384372
-4.549356,50,6925.732903
-4.386499,50,6926.969831
-0.04198,1,6927.001076
-4.663525,50,6928.27926
-5.746417,50,6929.702935
-0.037846,1,6929.733713
-6.335329,50,6931.199661
-0.015965,1,6931.235919
-3.986627,50,6933.144148
-4.820096,50,6934.730357
-4.504238,50,6936.156066
-4.225233,50,6937.575058
-3.783541,50,6938.757971
-3.666739,50,6939.933425
-2.777031,50,6941.061876
-5.400037,50,6942.158278
-2.909526,50,6943.271279
-0.047034,1,6943.302524
-0.04484,1,6943.318146
-0.049337,1,6943.34939
-0.02537,1,6943.365011
-4.408248,50,6944.508134
-1.353176,15,6944.853698
-0.046388,1,6944.869318
-3.395853,50,6946.044895
-3.221036,50,6947.236819
-4.114043,50,6948.365339
-4.920955,50,6949.525225
-3.199678,50,6950.793374
-4.737053,50,6951.922061
-3.900372,50,6953.055245
-3.147177,50,6954.180078
-0.026437,1,6954.21132
-3.53536,50,6955.433588
-3.057462,50,6956.576802
-3.578788,50,6957.822793
-4.415135,50,6959.022359
-0.007203,1,6959.053601
-4.891735,50,6960.178748
-5.14252,50,6961.341031
-4.103878,50,6962.500971
-0.049989,1,6962.532215
-2.570891,50,6963.693866
-0.038149,1,6963.709492
-4.13002,50,6964.946377
-3.594557,50,6966.106261
-0.040752,1,6966.137504
-3.40275,50,6967.345572
-0.026395,1,6967.372239
-4.520642,50,6968.520736
-3.007236,50,6969.649172
-3.65105,50,6970.808029
-3.843221,50,6971.920904
-3.343491,50,6973.049533
-3.156707,50,6974.177201
-2.553838,50,6975.354463
-2.511674,50,6976.497577
-4.051796,50,6977.719908
-4.019232,50,6978.942225
-0.032373,1,6978.957848
-4.170261,50,6980.085972
-4.575524,50,6981.21596
-2.926922,50,6982.374907
-3.862308,50,6983.550378
-0.023244,1,6983.581587
-4.240269,50,6984.662272
-0.007789,1,6984.677892
-3.39703,50,6985.868871
-4.608509,50,6987.12345
-3.605431,50,6988.236054
-3.761641,50,6989.411909
-4.600843,50,6990.554923
-4.99023,50,6991.683569
-0.017106,1,6991.699183
-3.998922,50,6992.829689
-0.032575,1,6992.845312
-5.450909,50,6993.985669
-4.186573,50,6995.168992
-3.046714,50,6996.390899
-5.711314,50,6997.655333
-4.059479,50,6998.935414
-4.489198,50,7000.194188
-2.862653,50,7001.416382
-0.031994,1,7001.432007
-0.040077,1,7001.463252
-3.703643,50,7002.739659
-0.049719,1,7002.770905
-4.313008,50,7003.958364
-13.555431,50,7005.10449
-5.062403,50,7006.311249
-4.524441,50,7007.454441
-2.750092,50,7008.707966
-4.187949,50,7009.884305
-0.045995,1,7009.915548
-4.499289,50,7011.044171
-5.042275,50,7012.25087
-0.044945,1,7012.282114
-0.038784,1,7012.297735
-0.042319,1,7012.328973
-0.028076,1,7012.360218
-3.134133,50,7013.485904
-0.046274,1,7013.519525
-6.668391,50,7014.61837
-4.839132,50,7015.870928
-5.041021,50,7021.756919
-0.049028,1,7021.788217
-3.349541,50,7023.317061
-3.649512,50,7024.74544
-5.38443,50,7026.743886
-3.133381,50,7027.923881
-0.032616,1,7027.939502
-0.044706,1,7027.955125
-5.060333,50,7029.364446
-0.031293,1,7029.397756
-2.605255,50,7030.84592
-5.053021,50,7032.294968
-5.757526,50,7033.778924
-0.017327,1,7033.809804
-4.743919,50,7035.310142
-0.048752,1,7035.349934
-2.548355,50,7036.684122
-3.14377,50,7037.843216
-3.162421,50,7039.037269
-0.042876,1,7039.07795
-5.009975,50,7040.273281
-4.17258,50,7041.5309
-0.025043,1,7041.56477
-5.664557,50,7042.784029
-4.366491,50,7044.01608
-0.034405,1,7044.031706
-3.142009,50,7045.34694
-0.016228,1,7045.367914
-0.047169,1,7045.399162
-5.935319,50,7046.694938
-0.01543,1,7046.710558
-2.605605,50,7047.963082
-0.027943,1,7047.991976
-4.672189,50,7049.14526
-5.452746,50,7050.397779
-4.374444,50,7051.588515
-0.045069,1,7051.619768
-5.012463,50,7052.797369
-5.825088,50,7053.971846
-0.048067,1,7054.003087
-4.516806,50,7055.107395
-0.023719,1,7055.138624
-0.005828,1,7055.169866
-0.020883,1,7055.185492
-5.611635,50,7056.662104
-4.99477,50,7058.477912
-4.339822,50,7059.993246
-5.805261,50,7061.512997
-5.053373,50,7062.935853
-3.411724,50,7064.143634
-0.025015,1,7064.174875
-0.032353,1,7064.1905
-3.635256,50,7065.364897
-3.837049,50,7066.68282
-3.61567,50,7067.826166
-2.508396,50,7068.970424
-3.519463,50,7070.28242
-5.924964,50,7071.658753
-3.419578,50,7073.073173
-5.764182,50,7074.502413
-0.044265,1,7074.536337
-3.247406,50,7076.005826
-0.040319,1,7076.039165
-3.117775,50,7077.456005
-5.129498,50,7078.904211
-5.063363,50,7081.017487
-0.03667,1,7081.038103
-4.783772,50,7082.570575
-6.20728,50,7084.035467
-0.016125,1,7084.067607
-0.047726,1,7084.08583
-3.018825,50,7085.552744
-2.878505,50,7086.759913
-4.851043,50,7087.887441
-0.030254,1,7087.903062
-0.04257,1,7087.918683
-3.563985,50,7089.190471
-5.205819,50,7090.391546
-2.844645,50,7091.492961
-4.591013,50,7092.668299
-4.059653,50,7093.889595
-0.027138,1,7093.920835
-0.036053,1,7093.93646
-4.334822,50,7095.065284
-0.028416,1,7095.106097
-3.686732,50,7096.413226
-4.203218,50,7097.51074
-4.957666,50,7098.71741
-4.820853,50,7099.876084
-4.240934,50,7101.084809
-0.026074,1,7101.10043
-0.025528,1,7101.131673
-4.76146,50,7102.352855
-5.500421,50,7103.403376
-2.626286,50,7104.578906
-5.614575,50,7105.769862
-0.032485,1,7105.786518
-5.42362,50,7106.946271
-4.589276,50,7108.120663
-5.432392,50,7109.332659
-0.041803,1,7109.348285
-4.512679,50,7110.548645
-4.870379,50,7111.78863
-4.83226,50,7112.990048
-2.981278,50,7114.225983
-4.634382,50,7115.425056
-0.045854,1,7115.456299
-4.85882,50,7116.74024
-4.50894,50,7117.837497
-4.793864,50,7119.004025
-6.309002,50,7120.205129
-3.557659,50,7121.349263
-3.845829,50,7122.445528
-4.594572,50,7123.605304
-0.037664,1,7123.620923
-0.029562,1,7123.636544
-6.595118,50,7124.954534
-3.939476,50,7126.197922
-5.118747,50,7127.421145
-4.6182,50,7128.5185
-4.516588,50,7129.64597
-0.046986,1,7129.661591
-4.714848,50,7130.869296
-3.850331,50,7131.997866
-4.450041,50,7133.251404
-0.025499,1,7133.26703
-2.681471,50,7134.379048
-3.448654,50,7135.545147
-4.947136,50,7136.761944
-5.438407,50,7137.870947
-3.464407,50,7139.003736
-0.046155,1,7139.034978
-4.399815,50,7140.209167
-3.459196,50,7141.322298
-0.008013,1,7141.354032
-5.470835,50,7142.514175
-2.669347,50,7143.642739
-4.138577,50,7144.755818
-2.738069,50,7145.867674
-4.330964,50,7147.074507
-3.940275,50,7148.220954
-2.829579,50,7149.410561
-4.745291,50,7150.601785
-0.048485,1,7150.633026
-4.528337,50,7151.822905
-0.019977,1,7151.854149
-4.236646,50,7153.044107
-5.835072,50,7154.219058
-3.660574,50,7155.437253
-6.517961,50,7156.722266
-5.610764,50,7157.876559
-6.742057,50,7159.11724
-3.623073,50,7160.978673
-0.039742,1,7161.009915
-3.853178,50,7162.388713
-2.706491,50,7163.560313
-0.046343,1,7163.591567
-3.336497,50,7165.062953
-0.040501,1,7165.088989
-3.714013,50,7166.866473
-4.199074,50,7168.355762
-0.031952,1,7168.397595
-4.468863,50,7169.816538
-3.051489,50,7171.076572
-4.382704,50,7172.4065
-3.468668,50,7173.65197
-2.810566,50,7174.886939
-2.568158,50,7176.17686
-0.041514,1,7176.221601
-4.802824,50,7178.070311
-4.758488,50,7179.587403
-0.010062,1,7179.618016
-5.478997,50,7181.310242
-5.186628,50,7182.603784
-6.380402,50,7183.981382
-5.679672,50,7186.253888
-5.929155,50,7187.676735
-4.610444,50,7188.969411
-0.036882,1,7189.000637
-5.452163,50,7190.278266
-2.636319,50,7191.629229
-3.837961,50,7192.961667
-2.731203,50,7194.972844
-4.245832,50,7196.722047
-4.910839,50,7198.25144
-5.086971,50,7199.485527
-0.018595,1,7199.501146
-0.032794,1,7199.516768
-5.13213,50,7200.672746
-3.503214,50,7201.813106
-5.055001,50,7203.047187
-4.78782,50,7204.437486
-2.902843,50,7205.85903
-0.889934,14,7206.233944
-4.784892,50,7207.296194
-2.511931,50,7208.530278
-4.748426,50,7209.748743
-0.012285,1,7209.779985
-3.592897,50,7210.951582
-4.632971,50,7212.107561
-3.562693,50,7213.294781
-2.649363,50,7214.450759
-5.02445,50,7215.762952
-4.185687,50,7216.872071
-5.228424,50,7217.996806
-1.331154,23,7218.543548
-3.601459,50,7219.762014
-1.862071,22,7220.261898
-4.769278,50,7221.449119
-5.921788,50,7222.589477
-0.042429,1,7222.605093
-4.294423,50,7223.792321
-5.07748,50,7224.885813
-4.219813,50,7225.948064
-4.963265,50,7227.135285
-3.921527,50,7228.306879
-4.358624,50,7229.447237
-6.562463,50,7230.650083
-0.032354,1,7230.665702
-0.039329,1,7230.696947
-4.95086,50,7231.790441
-3.871899,50,7232.977661
-4.565449,50,7234.086776
-2.878639,25,7234.680388
-5.387142,50,7235.89885
-4.748859,50,7237.070448
-4.826062,50,7238.179565
-0.04905,1,7238.195183
-3.552843,50,7239.460511
-3.973406,50,7240.663352
-2.62094,50,7241.819335
-2.910262,50,7242.959692
-3.617739,50,7244.084425
-4.611697,50,7245.349757
-4.91584,50,7246.474493
-4.41146,50,7247.614849
-3.620798,50,7248.833313
-4.807422,50,7249.911182
-4.144932,50,7251.051543
-4.613482,50,7252.238763
-4.671021,50,7253.316634
-6.015934,50,7254.566336
-0.008564,1,7254.581959
-5.496577,50,7255.691077
-2.86592,50,7256.862678
-6.085329,50,7258.06552
-4.972226,50,7259.127766
-0.048385,1,7259.143389
-4.591839,50,7260.502444
-2.711777,50,7261.689664
-6.339495,50,7262.8144
-3.389858,50,7264.032867
-0.036887,1,7264.064106
-5.380902,50,7265.188845
-4.394477,50,7266.297956
-3.732702,50,7267.438316
-5.009358,50,7268.578672
-5.112041,50,7269.937728
-5.929794,50,7271.562345
-4.726898,50,7272.733945
-0.046141,1,7272.74957
-0.017626,1,7272.780809
-3.880533,50,7273.93679
-4.75553,50,7278.013959
-3.331303,50,7279.154313
-2.676282,50,7280.310289
-3.552866,50,7281.450647
-0.02902,1,7281.466269
-4.625575,50,7282.700355
-5.028909,50,7283.856337
-3.856327,50,7285.215392
-4.631092,50,7286.308886
-5.075269,50,7287.480484
-4.852585,50,7288.55836
-5.434846,50,7289.761199
-5.397642,50,7290.901554
-3.348747,50,7292.104399
-3.558503,50,7293.369724
-4.828165,50,7294.525701
-4.326157,50,7295.75979
-4.275905,50,7296.978283
-2.644179,34,7297.774942
-3.099629,50,7298.884058
-3.82473,50,7300.118138
-0.04517,1,7300.149384
-6.108164,50,7301.274117
-2.511445,50,7302.461341
-4.743704,50,7303.601696
-3.715203,50,7304.991991
-5.091049,50,7306.257537
-4.333376,50,7307.518477
-3.244306,50,7308.690077
-3.489465,50,7309.798359
-4.010139,50,7310.96996
-3.009058,50,7312.110313
-0.006856,1,7312.125937
-2.561719,50,7313.344399
-3.848573,50,7314.484756
-0.027907,1,7314.500378
-3.383994,50,7315.70322
-0.043387,1,7315.734504
-4.967987,50,7316.968547
-4.117131,50,7318.452578
-0.045326,1,7318.483817
-3.651872,50,7319.624174
-3.02515,50,7320.858262
-4.728571,50,7322.014238
-4.302494,50,7323.154595
-4.374492,50,7324.294954
-5.124665,50,7325.435309
-2.585014,50,7326.544427
-5.640835,50,7327.669161
-5.148628,50,7328.840762
-0.032745,1,7328.872003
-2.127872,27,7329.465613
-4.057178,50,7330.699708
-0.036739,1,7330.730941
-1.451765,22,7331.293308
-4.361306,50,7332.449291
-6.325833,50,7333.542781
-0.036204,1,7333.574025
-3.898523,50,7334.683141
-4.04886,50,7335.917227
-5.352003,50,7337.088829
-3.080526,50,7338.229181
-4.515907,50,7339.307051
-3.001582,50,7340.525516
-2.628185,50,7341.712744
-0.010672,1,7341.759601
-3.491652,50,7342.899996
-4.345251,50,7344.071557
-4.447748,50,7345.227539
-4.469017,50,7346.43041
-6.405588,50,7347.53953
-0.036228,1,7347.555114
-3.936133,50,7348.75796
-4.159853,50,7349.851455
-5.322828,50,7351.007433
-4.337865,50,7352.17903
-3.6487,50,7353.31939
-4.715827,50,7354.490989
-4.55854,50,7355.662586
-4.085014,50,7356.990403
-3.739902,50,7358.19324
-3.482836,50,7359.286736
-4.707595,50,7360.380231
-0.042818,1,7360.41147
-2.734536,50,7361.614316
-0.048344,1,7361.629936
-4.2673,50,7362.801538
-0.997929,16,7363.192066
-4.80593,50,7364.36367
-4.836333,50,7365.519645
-4.944918,50,7366.675624
-6.696221,50,7367.862849
-6.280672,50,7369.050065
-4.510859,50,7370.206044
-4.576232,50,7371.533858
-3.783288,50,7372.689841
-1.911218,24,7373.205338
-4.22376,50,7374.361322
-4.203934,50,7375.54854
-5.872471,50,7376.751382
-2.68608,50,7377.829255
-3.765469,50,7379.078963
-3.184355,50,7380.203701
-4.60842,50,7381.328433
-4.686539,50,7382.421926
-3.872907,50,7383.562282
-3.67229,50,7384.71826
-0.044168,1,7384.733882
-5.349638,50,7385.874238
-2.571934,50,7387.0146
-4.463527,50,7388.233064
-0.022702,1,7388.248685
-5.081119,50,7389.451523
-4.069353,50,7390.545019
-3.107758,50,7391.685379
-4.64371,50,7392.872599
-2.885641,50,7394.075437
-5.676286,50,7395.153311
-4.976988,50,7396.262426
-3.988688,50,7397.387162
-2.73066,50,7398.527518
-3.203246,50,7399.730381
-4.452029,50,7400.870719
-0.014531,1,7400.886341
-4.554616,50,7402.151706
-5.541355,50,7403.245159
-2.950124,50,7404.479244
-3.300605,50,7405.682086
-5.02879,50,7406.916174
-0.023371,1,7406.947415
-4.651242,50,7408.119015
-0.013052,1,7408.150258
-3.772388,50,7409.259372
-4.545633,50,7410.49346
-4.110597,50,7411.633817
-4.997969,50,7412.711685
-2.955103,50,7413.820801
-4.019806,50,7414.976782
-0.023308,1,7414.992403
-2.780154,50,7416.335835
-4.753489,50,7417.538715
-2.827253,50,7418.772762
-0.018217,1,7418.788383
-4.768411,50,7419.959982
-0.044089,1,7419.975605
-4.010924,50,7421.162827
-3.145383,50,7422.303182
-0.02674,1,7422.318809
-2.889998,50,7423.615375
-5.455441,50,7424.802593
-2.669238,50,7425.942957
-3.380983,50,7427.27077
-4.079462,50,7428.426745
-5.525487,50,7429.582726
-4.658635,50,7430.707463
-5.9354,50,7431.832195
-3.264494,50,7433.003802
-4.770544,50,7434.300364
-6.16013,50,7435.409483
-3.35502,50,7436.487355
-2.757372,50,7437.674572
-4.256908,50,7439.018009
-3.417956,50,7440.205227
-0.049271,1,7440.22085
-5.290114,50,7441.314343
-5.211593,50,7442.454726
-3.647074,50,7443.59506
-0.012753,1,7443.610682
-6.031767,50,7444.735415
-3.828238,50,7445.891393
-3.290187,50,7447.078614
-4.500407,50,7448.218971
-2.55192,50,7449.437438
-2.974699,50,7450.593414
-5.85801,50,7451.85874
-5.117098,50,7452.983476
-5.172493,50,7454.201945
-2.70783,50,7455.357919
-4.054164,50,7456.529518
-2.9789,50,7457.716739
-3.869319,50,7458.810235
-2.87741,50,7459.950591
-0.024097,1,7459.981834
-3.315293,50,7461.12219
-0.030024,1,7461.153433
-3.066393,50,7462.325033
-4.193971,50,7463.44977
-3.042728,50,7464.652611
-5.031948,50,7465.77735
-5.072943,50,7466.917704
-3.973673,50,7468.042444
-5.394589,50,7469.15604
-0.037771,1,7469.171664
-4.238629,50,7470.400806
-2.575752,50,7471.634893
-2.983332,50,7472.868979
-3.465196,50,7474.134302
-3.057335,50,7475.290279
-4.359158,50,7476.493124
-4.273616,50,7477.664727
-6.099761,50,7478.820701
-4.787469,50,7479.992304
-3.780372,50,7481.117034
-0.004815,1,7481.132658
-5.471691,50,7482.241773
-5.059132,50,7483.444614
-6.317084,50,7484.600593
-4.277238,50,7485.709707
-2.796825,50,7486.912549
-2.798519,50,7488.068527
-4.76089,50,7489.177642
-4.71747,50,7490.333634
-3.45322,50,7491.489604
-0.011198,1,7491.520843
-3.808255,50,7492.676821
-2.989234,50,7493.817181
-6.356292,50,7495.051264
-3.733503,50,7496.285348
-5.402912,50,7497.47257
-0.04793,1,7497.488189
-3.323637,50,7498.674518
-4.822171,50,7499.783636
-3.635639,50,7500.986478
-5.710235,50,7502.11121
-4.761359,50,7503.282812
-4.541425,50,7504.438793
-3.210083,50,7505.641634
-5.521032,50,7506.82886
-5.013448,50,7507.984839
-0.016843,1,7508.000454
-0.013424,1,7508.031694
-4.203862,50,7509.218917
-0.035653,1,7509.25016
-0.030365,1,7509.281404
-3.8477,50,7510.406137
-3.900209,50,7511.562116
-4.659615,50,7515.701769
-2.695901,50,7516.857751
-0.784186,10,7517.09207
-0.044143,1,7517.107689
-3.930192,50,7518.294914
-4.999426,50,7519.513375
-5.396462,50,7520.638113
-0.038639,1,7520.653734
-0.033955,1,7520.669355
-0.025444,1,7520.700596
-3.775542,50,7521.794089
-0.045368,1,7521.809711
-4.106266,50,7523.028172
-3.214599,50,7524.184154
-5.74217,50,7525.340137
-5.479487,50,7526.464906
-3.617615,50,7527.605223
-4.158659,50,7528.729963
-5.631297,50,7529.948423
-5.275085,50,7531.041915
-4.697637,50,7532.322864
-5.296865,50,7533.447604
-5.292914,50,7534.572342
-4.493586,50,7535.806423
-4.3412,50,7537.024885
-4.935783,50,7538.149622
-0.047937,1,7538.180865
-0.02423,1,7538.212106
-4.27025,50,7539.321225
-5.203683,50,7540.508442
-4.284535,50,7541.789391
-4.247446,50,7542.882885
-3.9408,50,7544.163838
-5.1649,50,7545.304194
-6.097507,50,7546.616382
-3.296758,50,7547.819241
-5.627947,50,7548.959583
-4.476705,50,7550.162426
-0.043538,1,7550.178048
-4.112107,50,7551.318408
-5.231968,50,7552.474387
-3.516839,50,7553.63036
-4.622551,50,7554.770719
-0.042861,1,7554.80196
-4.667997,50,7555.973565
-0.03901,1,7556.020425
-1.811931,24,7556.56717
-4.476105,50,7557.770013
-5.108363,50,7558.879129
-0.030716,1,7558.910375
-5.106041,50,7560.206944
-0.016116,1,7560.238183
-4.254462,50,7561.347298
-0.018261,1,7561.378542
-6.259786,50,7562.612629
-3.781675,50,7563.893576
-0.048636,1,7563.909212
-4.426,50,7565.080797
-2.169407,27,7565.768134
-2.690342,50,7566.955357
-4.220014,50,7568.080092
-0.023403,1,7568.111355
-3.363603,50,7569.236071
-5.170724,50,7570.454537
-0.01255,1,7570.470172
-2.961316,50,7571.626134
-3.814878,50,7572.860221
-2.628285,50,7573.984959
-0.018429,1,7574.000577
-3.767966,50,7575.10969
-0.029403,1,7575.125313
-2.833827,50,7576.234426
-4.8248,50,7577.437269
-0.046648,1,7577.468516
-6.285993,50,7578.624493
-5.583172,50,7579.733607
-5.45095,50,7580.905205
-3.178746,50,7582.15491
-2.69662,50,7583.326514
-0.030395,1,7583.357757
-2.988103,50,7584.560599
-1.223267,19,7584.997996
-3.390372,50,7586.169596
-2.641885,50,7587.294331
-0.036593,1,7587.309953
-5.435038,50,7588.559696
-5.046633,50,7589.684391
-0.041158,1,7589.715634
-4.29837,50,7590.855991
-0.045822,1,7590.887237
-3.3346,50,7592.043218
-5.704648,50,7593.246056
-5.731095,50,7594.323931
-3.530098,50,7595.63612
-5.136172,50,7596.823343
-4.304144,50,7598.088669
-2.932551,50,7599.27589
-4.584195,50,7600.385009
-0.026095,1,7600.400628
-2.839016,50,7601.540983
-2.110836,36,7602.353292
-4.080113,50,7603.524892
-0.048364,1,7603.556135
-5.916416,50,7604.696491
-4.205044,50,7605.86813
-0.049549,1,7605.914954
-4.737476,50,7607.039694
-1.73374,25,7607.633301
-6.145852,50,7608.820521
-6.425868,50,7609.929641
-5.258406,50,7611.194968
-0.043952,1,7611.210589
-2.007839,30,7611.913547
-4.146939,50,7613.08515
-0.021061,1,7613.116392
-4.448124,50,7614.256746
-0.015744,1,7614.27237
-0.036393,1,7614.303648
-6.420136,50,7615.475214
-0.048218,1,7615.490834
-2.763873,50,7616.678054
-4.714301,50,7617.943379
-0.042619,1,7617.959002
-4.169459,50,7619.083743
-4.194161,50,7620.23972
-3.806481,50,7621.442561
-0.043528,1,7621.458186
-5.866949,50,7622.645404
-4.680799,50,7623.770136
-0.044164,1,7623.801379
-5.110571,50,7624.941735
-3.326295,50,7626.097717
-4.791627,50,7627.175622
-3.859684,50,7628.347188
-4.72968,50,7629.471959
-5.703456,50,7630.799736
-3.947123,50,7632.111927
-0.044241,1,7632.12755
-3.958972,50,7633.299149
-4.932586,50,7634.470748
-3.224574,50,7635.736076
-3.443599,50,7636.860811
-3.331843,50,7638.048032
-3.157728,50,7639.204015
-4.581025,50,7640.35999
-2.80013,50,7641.578457
-0.032888,1,7641.609696
-0.028108,1,7641.640938
-3.351885,50,7642.875024
-4.62443,50,7644.062245
-3.693892,50,7645.218229
-2.821879,50,7646.374205
-5.01389,50,7647.49896
-5.56845,50,7648.68616
-0.010261,1,7648.717402
-3.749802,50,7649.873382
-6.009775,50,7651.182793
-4.866745,50,7652.472222
-1.09716,20,7652.997089
-3.417003,50,7654.223304
-6.413684,50,7655.512575
-5.24761,50,7656.802316
-3.320738,50,7658.052308
-3.217083,50,7659.314255
-2.947692,50,7660.68208
-4.420487,50,7661.94241
-2.676438,50,7663.197387
-4.645427,50,7664.477314
-0.023593,1,7664.504498
-5.552028,50,7665.792553
-4.581196,50,7667.157252
-5.162931,50,7668.384425
-0.025108,1,7668.414611
-4.234792,50,7669.60824
-0.040979,1,7669.628357
-0.045367,1,7669.65853
-4.279744,50,7670.905423
-3.658095,50,7672.065737
-0.017587,1,7672.085916
-5.752445,50,7673.316491
-4.000364,50,7674.5974
-4.644952,50,7675.784619
-4.642933,50,7676.920914
-9.249887,50,7678.123756
-0.61401,9,7678.342459
-2.550097,50,7679.592182
-0.042761,1,7679.607785
-0.02605,1,7679.639041
-0.038033,1,7679.670268
-3.027774,50,7680.935598
-0.043011,1,7680.96684
-4.195044,50,7682.136621
-0.027323,1,7682.152245
-4.970665,50,7683.339465
-4.740444,50,7684.495449
-4.171896,50,7685.651422
-3.379423,50,7686.854265
-3.79016,50,7688.088349
-5.884516,50,7689.197463
-4.320005,50,7690.228477
-0.030113,1,7690.259717
-0.006721,1,7690.275337
-3.466131,50,7691.478184
-0.029468,1,7691.509424
-4.553655,50,7692.649778
-0.020979,1,7692.665403
-5.767691,50,7693.821382
-4.839088,50,7694.930493
-4.770486,50,7696.023992
-3.62419,50,7697.211244
-3.527398,50,7698.41405
-5.384003,50,7699.710625
-2.983229,50,7700.913464
-4.199402,50,7702.131926
-0.039105,1,7702.14755
-2.516365,50,7703.272284
-0.034207,1,7703.303527
-4.395222,50,7704.475129
-3.979285,50,7705.646727
-5.103322,50,7706.787084
-0.035422,1,7706.818329
-6.126438,50,7707.989926
-4.329639,50,7709.145905
-3.490741,50,7710.317508
-4.783344,50,7711.473497
-0.030524,1,7711.520348
-4.930345,50,7712.660704
-2.879749,50,7713.879172
-3.753165,50,7715.035151
-4.216287,50,7716.191127
-5.333598,50,7717.362725
-0.033343,1,7717.39397
-4.686013,50,7718.47184
-5.542838,50,7719.596575
-3.93527,50,7720.705689
-4.374,50,7721.892909
-5.379825,50,7723.06451
-0.022431,1,7723.095752
-3.407737,50,7724.267352
-0.048095,1,7724.282974
-0.036231,1,7724.298595
-0.046073,1,7724.329841
-4.786649,50,7725.595167
-3.061663,50,7726.891737
-6.153482,50,7728.078961
-0.608418,9,7728.282036
-5.997146,50,7729.438015
-0.026366,1,7729.469256
-4.323259,50,7730.625239
-2.941045,50,7731.859323
-6.662159,50,7732.99968
-5.029031,50,7734.202518
-3.79162,50,7735.389743
-5.83834,50,7736.483234
-1.095338,13,7736.811289
-4.509229,50,7737.951642
-3.77895,50,7739.076373
-1.171328,15,7739.435665
-3.601502,50,7740.732238
-2.512309,50,7742.013186
-3.492549,50,7743.216026
-5.827291,50,7744.309526
-2.9206,50,7745.652955
-6.358559,50,7746.840179
-2.980684,50,7748.01178
-6.097584,50,7749.198997
-4.680482,50,7750.386221
-2.661781,50,7751.604682
-2.64879,50,7755.853683
-2.787088,50,7756.947187
-5.685333,50,7758.134398
-4.67253,50,7759.212271
-3.298398,50,7760.462012
-5.071029,50,7761.57109
-2.952547,50,7762.742691
-4.657546,50,7763.929912
-4.297177,50,7765.210865
-2.649636,50,7766.398084
-3.211483,50,7767.522817
-6.177476,50,7768.741281
-6.622092,50,7769.959745
-3.021803,50,7771.225077
-4.733782,50,7772.381056
-3.818946,50,7773.505788
-3.021854,50,7774.646149
-3.755871,50,7775.864613
-5.560998,50,7777.051831
-4.435626,50,7778.301541
-0.044682,1,7778.317163
-0.049703,1,7778.348402
-1.094735,19,7778.817043
-4.678935,50,7779.910532
-0.046642,1,7779.926154
-4.807008,50,7781.16024
-4.100239,50,7782.300597
-3.1895,50,7783.534686
-3.158603,50,7784.753149
-4.765284,50,7785.940367
-5.193874,50,7787.065101
-0.026323,1,7787.080723
-3.170096,50,7788.221084
-4.942121,50,7789.361439
-4.799199,50,7790.611149
-0.032925,1,7790.64239
-0.035674,1,7790.67363
-4.59622,50,7791.82961
-4.64579,50,7793.032454
-3.514286,50,7794.110331
-0.048539,1,7794.125945
-2.504777,50,7795.328792
-4.518188,50,7796.469147
-5.449645,50,7797.578257
-5.268327,50,7798.702995
-0.046029,1,7798.734239
-6.358099,50,7799.858974
-5.233171,50,7801.030571
-5.121933,50,7802.124067
-3.725056,50,7803.280046
-4.577737,50,7804.467265
-0.041397,1,7804.498511
-0.030696,1,7804.52975
-3.795217,50,7805.732593
-2.986281,50,7806.888573
-4.784853,50,7808.075796
-0.009157,1,7808.091419
-4.824356,50,7809.216166
-0.029632,1,7809.247433
-0.046343,1,7809.263019
-2.768461,50,7810.434617
-4.31575,50,7811.606217
-4.791048,50,7812.809061
-2.501877,50,7813.949414
-5.730523,50,7815.011666
-1.425427,17,7815.43344
-4.945473,50,7816.542554
-3.156726,50,7817.698538
-3.811784,50,7818.838893
-4.109665,50,7820.041736
-5.286422,50,7821.244574
-0.039626,1,7821.260197
-3.496557,50,7822.431795
-0.011043,1,7822.447421
-5.188709,50,7823.572157
-4.171938,50,7824.884346
-4.582423,50,7826.009087
-4.775786,50,7827.227546
-3.630237,50,7828.383523
-4.328741,50,7829.555147
-4.682943,50,7830.789208
-3.993313,50,7831.945188
-0.030521,1,7831.960809
-6.5942,50,7833.038683
-3.237132,50,7834.225934
-3.96344,50,7835.52247
-2.993125,50,7836.678449
-4.926041,50,7837.818809
-5.17921,50,7839.099756
-5.970137,50,7840.177627
-4.111995,50,7841.349231
-5.006849,50,7842.52083
-4.378112,50,7843.645564
-4.435607,50,7844.770299
-0.019368,1,7844.801542
-4.458525,50,7845.941904
-0.037226,1,7845.97314
-2.713109,50,7847.254106
-3.908157,50,7848.347589
-5.893127,50,7849.534813
-4.103367,50,7850.706404
-3.657378,50,7851.87801
-2.638544,50,7852.987121
-0.018848,1,7853.018363
-4.331669,50,7854.205582
-3.703077,50,7855.314699
-5.609931,50,7856.439439
-4.081913,50,7857.611037
-0.027918,1,7857.626659
-3.880361,50,7858.813881
-2.568513,50,7859.969857
-0.043557,1,7859.985479
-0.023973,1,7860.001103
-0.012569,1,7860.032341
-4.561592,50,7861.1727
-3.88103,50,7862.328679
-3.887252,50,7863.484654
-5.173351,50,7865.327974
-1.11392,13,7865.624777
-4.960213,50,7866.811996
-4.843589,50,7867.921116
-5.114559,50,7869.077093
-3.464225,50,7870.233072
-3.959028,50,7871.389046
-3.229356,50,7872.498159
-4.904788,50,7873.638519
-3.720844,50,7874.903849
-2.90935,50,7876.059825
-3.682839,50,7877.184565
-0.030512,1,7877.215844
-2.693496,50,7878.527995
-3.42385,50,7879.62149
-3.455042,50,7880.808713
-5.102811,50,7881.949067
-3.791648,50,7883.167531
-6.278957,50,7884.261024
-0.046693,1,7884.29227
-4.658621,50,7885.51073
-6.344312,50,7886.651092
-6.196694,50,7887.807068
-3.612362,50,7888.916185
-4.249835,50,7890.134644
-5.37995,50,7891.337493
-5.581094,50,7892.462223
-6.177218,50,7893.586962
-5.642889,50,7894.711695
-4.926055,50,7895.94578
-0.037413,1,7895.977022
-0.042508,1,7895.992643
-2.687228,50,7897.257971
-0.044355,1,7897.273592
-3.673651,50,7898.460819
-4.085749,50,7899.726141
-4.241465,50,7900.928988
-2.800825,50,7902.038102
-2.673295,50,7903.209698
-6.476836,50,7904.412545
-0.045596,1,7904.428167
-4.75226,50,7905.541796
-5.31425,50,7906.898503
-5.590839,50,7908.553307
-3.112249,50,7909.906096
-3.689039,50,7911.301292
-0.028227,1,7911.326423
-0.03271,1,7911.351181
-6.069766,50,7912.623524
-3.392896,50,7913.916667
-0.041524,1,7913.946052
-4.76771,50,7915.301595
-4.033494,50,7916.666542
-0.007653,1,7916.691139
-3.256067,50,7918.011358
-5.38695,50,7919.340952
-5.634804,50,7920.468266
-3.664893,50,7921.675928
-4.463855,50,7922.865231
-1.003583,17,7923.247504
-0.005569,1,7923.277643
-5.217792,50,7924.540847
-3.492237,50,7925.712442
-5.089838,50,7926.852804
-2.620137,50,7928.008779
-4.997539,50,7929.227243
-5.360521,50,7930.367599
-4.691725,50,7931.619216
-5.886263,50,7933.244849
-6.452059,50,7934.544949
-2.736887,50,7935.899694
-0.044472,1,7935.929797
-2.840356,50,7937.278256
-1.282924,16,7937.72475
-3.703847,50,7939.010062
-1.121654,22,7939.604814
-2.695412,50,7941.258332
-6.240195,50,7942.641772
-3.65551,50,7943.990843
-3.156806,50,7945.254716
-5.361443,50,7946.464108
-4.969396,50,7947.663534
-0.043336,1,7947.683634
-5.025049,50,7948.94219
-0.009335,1,7948.960229
-4.611203,50,7950.093679
-0.046053,1,7950.109286
-0.037474,1,7950.140527
-0.031454,1,7950.156151
-0.039665,1,7950.187392
-4.718752,50,7951.312128
-4.669975,50,7952.499354
-4.010484,50,7953.733433
-0.026709,1,7953.749055
-0.029725,1,7953.764677
-4.437587,50,7954.905035
-3.173111,50,7956.045396
-2.851504,50,7957.160344
-4.010033,50,7958.363191
-6.223897,50,7959.441056
-5.890614,50,7960.565796
-3.394723,50,7961.737397
-4.67915,50,7962.908996
-5.821886,50,7964.080596
-5.575524,50,7965.31468
-5.098832,50,7966.439419
-4.023989,50,7967.626638
-5.296846,50,7968.751372
-2.857651,50,7969.938592
-4.074133,50,7971.125816
-6.694751,50,7972.26617
-2.605813,50,7973.39091
-4.207858,50,7974.593748
-0.044144,1,7974.609371
-3.918113,50,7975.734107
-4.457747,50,7977.108784
-0.009569,1,7977.140025
-3.557782,50,7978.389732
-0.03523,1,7978.405355
-3.199887,50,7979.545712
-0.033975,1,7979.576953
-3.8463,50,7980.701689
-0.01471,1,7980.717309
-2.744727,50,7981.826429
-3.448083,50,7983.060513
-5.937699,50,7984.310217
-3.258618,50,7985.4662
-0.046489,1,7985.49744
-1.240173,15,7985.825489
-0.044526,1,7985.856732
-4.991351,50,7987.043948
-3.601344,50,7988.262413
-0.031058,1,7988.293656
-4.370859,50,7989.449637
-3.653153,50,7990.668098
-4.882961,50,7991.808492
-3.880014,50,7992.917575
-0.037691,1,7992.933198
-4.843264,50,7994.089169
-4.134861,50,7998.634978
-0.026395,1,7998.66622
-2.846786,50,7999.775337
-4.942077,50,8001.071904
-3.821875,50,8002.165401
-0.047665,1,8002.196642
-5.675779,50,8003.321381
-2.770907,50,8004.571086
-4.910049,50,8005.773946
-2.987472,50,8007.039256
-2.9232,50,8008.17961
-0.015499,1,8008.195235
-6.429117,50,8009.335591
-0.027119,1,8009.366832
-0.029317,1,8009.382454
-0.024215,1,8009.413697
-2.54233,50,8010.60092
-3.64791,50,8011.710032
-0.030242,1,8011.741273
-4.438707,50,8012.881631
-6.167229,50,8013.975125
-0.047674,1,8014.006367
-0.045308,1,8014.02199
-3.42465,50,8015.146727
-4.027662,50,8016.255842
-3.752722,50,8017.458681
-4.357172,50,8018.645903
-3.48352,50,8019.770641
-4.784047,50,8021.004721
-4.915411,50,8022.098219
-3.55234,50,8023.301059
-0.931411,13,8023.597883
-5.017643,50,8024.83195
-3.595716,50,8026.019169
-5.714763,50,8027.190771
-0.043067,1,8027.222051
-0.044831,1,8027.253294
-5.302558,50,8028.377992
-3.266373,50,8029.471484
-0.01651,1,8029.487106
-0.028443,1,8029.533968
-3.750461,50,8030.752435
-0.013311,1,8030.799338
-1.345117,15,8031.158592
-5.127358,50,8032.408298
-3.086544,50,8033.51741
-4.357708,50,8034.595283
-2.971892,50,8035.735641
-2.922753,50,8036.907237
-0.044788,1,8036.954102
-4.054795,50,8038.016364
-4.982059,50,8039.172335
-5.559422,50,8040.40642
-5.270937,50,8041.60927
-0.019862,1,8041.640505
-4.506584,50,8042.749614
-5.045771,50,8043.905596
-5.297675,50,8045.045957
-0.02281,1,8045.061594
-5.908268,50,8046.15507
-2.936048,50,8047.34229
-4.558095,50,8048.498268
-4.139411,50,8049.576142
-3.527112,50,8050.732114
-3.095289,50,8051.966204
-4.462713,50,8053.137804
-0.048597,1,8053.169043
-4.537729,50,8054.3094
-5.262439,50,8055.480999
-0.042037,1,8055.496625
-6.166233,50,8056.558873
-2.647216,50,8057.730474
-4.752894,50,8058.917692
-0.034107,1,8058.948939
-3.45072,50,8060.026811
-3.966157,50,8061.198411
-4.75285,50,8062.323144
-5.205343,50,8063.525992
-3.691906,50,8064.650722
-5.139953,50,8065.791081
-0.008074,1,8065.837946
-0.038909,1,8065.869221
-0.011939,1,8065.884807
-3.435275,50,8067.087652
-4.430219,50,8068.20285
-6.363806,50,8069.326111
-5.483889,50,8070.539599
-6.324925,50,8071.648718
-4.433858,50,8072.820316
-5.723967,50,8074.00754
-4.716242,50,8075.210393
-2.97684,50,8076.428843
-5.097316,50,8077.616062
-5.862857,50,8078.818909
-4.847062,50,8079.928024
-0.04187,1,8079.959263
-0.033,1,8079.990506
-4.583233,50,8081.11524
-4.226591,50,8082.224358
-5.021829,50,8083.442824
-5.829833,50,8084.536311
-4.088385,50,8085.692291
-0.027182,1,8085.707912
-3.021668,50,8086.91076
-4.322663,50,8088.113597
-3.492112,50,8089.285202
-2.952011,50,8090.409937
-3.632055,50,8091.581533
-0.040772,1,8091.597153
-0.043608,1,8091.644021
-5.029538,50,8092.753137
-5.206496,50,8093.924733
-4.003122,50,8095.190062
-3.24365,50,8096.377281
-5.395897,50,8097.517648
-5.074531,50,8098.814208
-0.040952,1,8098.845451
-2.700501,50,8100.001434
-3.279796,50,8101.188651
-3.589657,50,8102.422738
-3.501204,50,8103.703724
-4.143661,50,8104.859663
-3.338801,50,8106.031267
-6.28925,50,8107.156006
-2.776709,50,8108.327602
-5.140309,50,8109.45234
-0.027343,1,8109.483583
-3.29065,50,8110.68642
-4.390521,50,8111.748676
-6.724523,50,8112.857785
-3.336686,50,8114.013768
-4.370194,50,8115.154124
-2.914434,50,8116.325722
-3.321073,50,8117.434836
-0.021407,1,8117.450457
-5.021577,50,8118.606473
-0.810269,12,8118.918861
-3.181654,50,8120.043598
-4.19824,50,8121.152712
-3.676811,50,8122.293071
-4.520683,50,8123.542814
-2.861168,50,8124.729996
-0.040976,1,8124.745619
-3.883814,50,8125.93284
-5.414178,50,8127.135682
-3.870284,50,8128.307286
-0.01847,1,8128.322907
-3.564673,50,8129.556995
-5.241478,50,8130.775457
-2.8143,50,8131.900187
-5.094563,50,8133.071791
-2.884188,50,8134.22777
-4.142213,50,8135.368127
-0.025132,1,8135.399371
-0.042556,1,8135.414992
-4.732314,50,8136.711558
-0.038798,1,8136.742804
-4.037295,50,8137.945648
-1.649598,20,8138.398666
-4.914858,50,8139.601537
-4.659441,50,8140.741865
-0.048358,1,8140.773108
-4.432855,50,8141.960324
-4.206874,50,8143.256895
-4.566446,50,8144.334768
-3.959693,50,8145.459509
-4.44324,50,8146.584243
-4.248544,50,8147.927674
-6.34577,50,8149.583537
-5.172112,50,8150.692655
-4.875436,50,8151.801763
-3.542283,50,8152.957746
-3.483601,50,8154.051241
-3.240161,50,8155.175975
-2.501903,50,8156.28509
-1.336341,24,8156.831835
-2.870055,50,8157.956568
-3.27915,50,8159.065686
-3.113953,50,8160.19042
-4.634676,50,8161.268292
-5.082525,50,8162.408648
-3.751148,50,8163.517766
-2.954888,50,8164.720603
-0.029613,1,8164.736225
-5.087021,50,8165.876585
-6.671039,50,8166.954466
-5.209707,50,8168.094811
-3.601696,50,8169.344517
-6.659544,50,8170.578607
-1.278586,14,8170.953528
-1.352813,25,8171.578372
-0.031419,1,8171.609609
-5.721825,50,8172.921808
-2.588416,50,8174.124657
-2.00605,27,8174.780746
-4.480298,50,8175.92117
-1.595307,17,8176.311631
-3.959091,50,8177.561341
-4.837757,50,8178.764186
-1.57154,29,8179.404655
-1.003216,15,8179.795189
-0.03077,1,8179.826431
-6.545542,50,8180.998035
-4.297346,50,8182.107149
-3.527882,50,8183.341274
-3.305098,50,8184.57532
-3.802374,50,8185.778158
-1.160028,14,8186.106207
-3.04081,50,8187.230944
-0.047605,1,8187.262189
-0.037275,1,8187.277808
-4.198409,50,8188.465029
-4.178141,50,8189.714734
-3.619814,50,8190.901958
-4.940582,50,8192.136045
-3.60479,50,8193.2764
-4.956219,50,8194.572969
-0.032803,1,8194.604213
-5.853363,50,8195.697708
-6.287883,50,8196.822445
-3.224646,50,8197.994043
-4.458594,50,8199.134397
-5.08024,50,8200.305996
-4.265307,50,8201.446354
-0.045098,1,8201.477632
-3.973374,50,8202.711715
-4.059135,50,8203.898906
-0.049039,1,8203.914527
-4.517154,50,8205.101745
-3.781804,50,8206.242102
-0.041411,1,8206.257724
-3.031561,50,8207.413704
-0.039538,1,8207.429326
-4.937086,50,8208.600924
-0.021621,1,8208.632166
-5.486235,50,8209.756912
-4.487267,50,8210.897264
-3.72286,50,8212.037616
-3.466533,50,8213.240458
-0.035682,1,8213.256081
-6.296657,50,8214.396439
-4.564911,50,8215.521175
-1.009671,15,8215.849223
-5.162179,50,8216.958335
-1.220148,14,8217.286387
-4.235577,50,8218.536094
-2.5308,50,8220.051362
-0.013977,1,8220.082614
-4.891918,50,8221.519762
-5.318272,50,8222.660125
-0.998287,17,8223.066277
-3.08295,50,8224.222255
-4.740305,50,8225.409482
-4.82315,50,8226.62794
-0.01304,1,8226.659183
-0.049034,1,8226.690424
-0.043437,1,8226.706046
-4.101051,50,8227.924509
-5.115364,50,8229.09611
-4.086696,50,8230.283331
-4.991979,50,8231.579903
-3.332424,50,8235.641448
-4.610073,50,8236.891154
-4.524798,50,8238.078375
-3.718067,50,8239.281234
-3.163594,50,8240.437196
-5.581007,50,8241.530723
-4.862671,50,8242.733533
-4.331062,50,8243.889512
-0.032125,1,8243.905132
-3.757205,50,8245.139215
-5.952687,50,8246.248338
-5.940454,50,8247.373071
-4.746336,50,8248.607151
-0.047875,1,8248.638396
-3.885584,50,8249.825616
-0.023992,1,8249.841252
-1.560147,17,8250.278636
-3.26326,50,8251.403369
-6.119696,50,8252.69994
-5.409579,50,8253.87154
-5.022809,50,8255.027519
-3.690089,50,8256.214743
-1.126929,16,8256.574029
-2.819817,50,8257.7925
-1.078765,17,8258.167406
-3.33914,50,8259.339007
-5.447945,50,8260.479365
-0.047234,1,8260.510609
-3.691363,50,8261.604103
-3.983407,50,8262.780234
-9.288369,50,8264.061448
-2.941654,50,8265.355797
-3.823455,50,8266.74192
-5.255122,50,8267.976476
-5.71103,50,8269.236551
-2.840865,50,8270.471469
-0.027706,1,8270.501946
-3.845792,50,8271.770601
-0.044083,1,8271.798816
-0.024196,1,8271.821678
-2.893595,50,8273.08656
-0.039846,1,8273.106642
-4.034507,50,8274.355463
-2.740684,50,8275.641625
-0.046304,1,8275.67175
-0.036339,1,8275.69658
-0.009355,1,8275.726807
-0.035488,1,8275.751465
-4.62385,50,8276.987851
-0.045392,1,8277.007952
-4.078767,50,8278.257089
-3.7322,50,8279.437642
-0.019519,1,8279.477826
-0.046705,1,8279.497916
-4.188185,50,8280.635054
-0.040079,1,8280.663408
-4.91267,50,8281.824729
-3.556396,50,8283.084061
-5.070529,50,8284.224419
-4.628319,50,8285.3804
-3.625445,50,8286.581682
-6.338337,50,8287.768905
-0.97643,15,8288.128192
-3.330247,50,8289.437657
-0.040966,1,8289.468901
-4.562176,50,8290.593637
-3.445146,50,8291.778007
-2.63196,50,8292.93395
-4.520738,50,8294.121174
-4.365706,50,8295.292772
-0.015148,1,8295.308394
-5.479053,50,8296.526857
-3.51106,50,8297.635975
-3.7591,50,8298.776328
-5.833593,50,8300.010417
-4.374257,50,8301.103906
-3.295827,50,8302.244268
-4.253544,50,8303.447108
-5.601714,50,8304.540602
-1.183225,14,8304.837412
-3.68337,50,8305.977764
-4.10664,50,8307.149362
-5.83541,50,8308.258482
-0.03592,1,8308.289723
-4.165661,43,8309.383213
-3.549504,50,8310.570432
-0.040157,1,8310.617296
-3.860077,50,8311.788902
-0.047596,1,8311.820145
-5.0558,50,8313.085471
-5.933314,50,8314.241448
-4.002138,50,8315.397424
-3.541368,50,8316.569024
-4.661101,50,8317.771868
-4.750181,50,8318.896614
-3.829764,50,8320.099446
-5.044088,50,8321.302291
-4.40841,50,8322.380159
-3.954255,50,8323.754837
-1.486652,22,8324.285966
-0.03599,1,8324.317207
-3.328244,50,8325.473182
-4.682135,50,8326.629164
-3.673538,50,8327.832003
-4.132745,50,8329.092007
-1.814255,20,8329.682288
-3.593206,50,8330.96123
-5.430206,50,8332.211585
-0.031018,1,8332.243491
-4.172472,50,8333.914287
-5.717542,50,8336.169788
-0.032193,1,8336.248791
-8.699727,50,8337.731222
-4.636627,50,8339.181436
-4.377869,50,8340.725535
-4.925741,50,8342.732033
-4.607726,50,8344.383394
-2.515373,50,8345.643737
-0.524055,9,8345.844246
-0.016434,1,8345.866395
-3.849253,50,8347.107779
-0.026274,1,8347.123401
-4.807445,50,8348.266452
-1.436478,16,8348.610122
-4.98531,50,8349.766112
-3.154224,50,8350.875214
-0.018497,1,8350.922078
-3.958275,50,8352.187407
-5.512977,50,8353.379614
-6.164779,50,8354.551214
-3.10131,50,8355.675947
-2.886608,50,8356.878789
-4.520161,50,8358.081632
-4.678408,50,8359.221989
-0.03525,1,8359.253232
-0.034427,1,8359.268855
-4.881627,50,8360.424835
-0.040211,1,8360.440456
-4.748865,50,8361.690197
-1.196473,14,8362.002587
-0.016315,1,8362.03383
-3.028081,50,8363.205429
-0.044848,1,8363.221054
-3.861257,34,8364.033375
-0.048324,1,8364.064602
-4.999176,50,8365.236202
-0.014156,1,8365.267442
-2.590568,50,8366.485908
-4.792985,50,8367.626265
-4.766497,50,8368.829109
-4.326197,50,8369.985085
-6.513769,50,8371.172306
-3.346192,50,8372.375153
-6.113764,50,8373.671723
-5.058244,50,8374.812078
-4.563884,50,8375.983687
-4.671763,50,8377.170901
-3.016945,50,8378.373745
-3.679099,50,8379.623446
-0.047542,1,8379.63907
-6.156516,50,8380.870071
-6.359632,50,8382.131532
-2.99462,50,8383.46082
-5.128847,50,8384.807844
-6.003922,50,8386.107608
-3.397461,50,8387.412199
-2.713533,50,8388.65959
-5.21935,50,8389.922876
-3.951344,50,8391.24751
-2.445238,28,8391.933648
-0.030429,1,8391.953314
-4.244965,50,8393.2826
-4.648727,50,8394.607583
-0.043391,1,8394.63323
-2.491342,23,8395.197007
-0.044133,1,8395.212591
-0.038836,1,8395.250348
-5.610793,50,8396.411366
-6.268028,50,8397.590786
-4.746118,50,8398.790131
-3.357282,50,8400.032137
-6.858113,50,8401.219309
-0.024188,1,8401.234935
-4.491853,50,8402.375284
-0.006572,1,8402.390929
-4.547691,50,8403.546888
-1.308253,14,8403.859315
-3.262811,50,8405.030912
-4.396491,50,8406.280622
-5.883519,50,8407.395015
-4.438001,50,8408.501888
-4.664894,50,8409.610999
-0.043344,1,8409.642241
-3.010897,50,8410.844259
-0.027739,1,8410.875467
-5.582206,50,8412.047065
-3.003332,50,8413.124942
-0.034051,1,8413.156179
-0.006498,1,8413.171802
-1.417129,27,8413.812277
-3.677774,50,8415.015119
-0.047972,1,8415.04636
-1.9384,24,8415.593108
-4.382502,50,8416.827196
-0.013753,1,8416.858438
-5.323211,50,8418.014415
-4.796107,50,8419.139149
-5.629373,50,8420.326371
-4.221749,50,8421.513594
-0.016233,1,8421.529216
-4.615348,50,8422.653949
-4.637982,50,8423.825551
-2.728412,50,8425.01277
-3.199693,50,8426.246859
-0.026419,1,8426.26248
-0.041542,1,8426.293722
-3.732275,50,8427.449699
-4.868143,50,8428.590057
-4.04456,50,8429.761657
-5.626391,50,8430.933287
-5.173788,50,8432.104858
-0.043766,1,8432.136098
-0.049173,1,8432.16734
-4.941829,50,8433.323319
-0.048281,1,8433.354563
-3.285711,50,8434.49492
-5.082861,50,8435.713382
-2.896288,50,8436.931845
-4.306323,50,8438.025343
-4.840788,50,8439.134459
-3.375054,50,8440.259223
-2.503355,50,8441.41517
-0.04764,1,8441.446411
-4.660995,50,8442.633638
-4.886883,50,8443.836473
-4.645273,50,8444.992451
-4.356749,50,8446.226538
-4.978425,50,8447.398137
-3.722941,50,8448.538495
-4.63955,50,8449.678854
-2.811697,50,8450.850456
-5.528313,50,8451.975185
-4.623366,50,8453.084306
-5.058342,50,8454.224659
-4.430679,50,8455.396264
-5.781235,50,8456.661586
-0.043012,1,8456.67721
-6.764284,50,8457.84881
-5.625319,50,8459.03606
-4.607264,50,8460.19201
-2.852405,50,8461.316748
-5.151923,50,8462.441482
-3.837185,50,8463.675565
-4.247549,50,8464.925306
-4.132131,50,8466.112491
-4.910234,50,8467.221606
-3.911654,50,8468.377585
-5.514204,50,8469.564807
-3.454706,50,8470.720783
-4.179308,50,8471.845525
-6.518513,50,8473.063989
-3.361339,50,8474.235585
-0.043954,1,8474.266827
-0.035423,1,8474.282449
-0.043892,1,8474.313727
-1.91058,32,8475.063515
-5.082648,50,8476.281978
-5.182069,50,8480.140447
-4.46754,50,8481.374531
-2.561357,50,8482.639859
-4.625078,50,8483.88957
-4.092632,50,8485.061168
-8.112134,50,8486.217145
-3.566937,50,8487.388797
-3.276936,50,8488.622835
-0.026569,1,8488.654072
-0.045831,1,8488.685318
-0.040701,1,8488.700937
-0.020705,1,8488.732181
-2.724266,50,8489.888159
-0.023095,1,8489.9194
-5.126683,50,8491.07538
-4.462528,50,8492.246979
-0.021291,1,8492.27822
-4.938693,50,8493.418581
-4.184775,50,8494.590178
-5.44693,50,8495.699291
-0.048797,1,8495.714914
-0.043847,1,8495.746159
-4.137625,50,8496.839653
-3.991213,50,8497.980011
-4.418436,50,8499.104743
-0.028603,1,8499.120364
-4.542911,50,8500.35445
-0.924699,14,8500.713739
-0.038535,1,8500.729362
-4.530128,50,8501.854099
-4.6568,50,8502.978836
-1.128407,13,8503.306883
-0.032364,1,8503.322504
-4.995036,50,8504.525345
-4.243492,50,8505.665701
-0.036518,1,8505.681324
-1.162461,18,8506.11872
-0.044149,1,8506.134344
-3.667473,50,8507.321563
-4.548674,50,8508.41506
-3.769826,50,8509.555416
-0.039431,1,8509.586656
-0.009794,1,8509.617898
-3.250357,50,8510.758256
-3.257311,50,8511.94548
-0.043413,1,8511.976724
-0.042038,1,8511.992342
-6.449184,50,8513.101454
-5.147699,50,8514.288677
-3.551417,50,8515.50714
-4.77313,50,8516.585016
-0.048804,1,8516.600634
-5.115941,50,8517.740989
-2.690804,50,8518.912591
-0.028739,1,8518.943832
-0.582905,10,8519.178154
-3.157528,50,8520.396616
-3.939749,50,8521.521352
-4.784584,50,8522.708575
-0.046805,1,8522.724195
-4.636018,50,8523.927038
-4.501342,50,8525.129877
-6.526294,50,8526.285887
-6.173994,50,8527.44184
-3.6807,50,8528.597818
-3.464338,50,8529.753794
-0.026595,1,8529.785037
-5.324871,50,8530.909773
-4.654162,50,8532.050134
-0.002963,1,8532.081377
-0.037538,1,8532.112617
-0.018389,1,8532.12824
-2.937758,50,8533.393563
-3.641609,50,8534.663945
-4.940632,50,8535.929275
-1.556796,18,8536.335427
-4.268841,50,8537.520894
-5.532916,50,8538.614389
-2.888553,50,8539.781847
-5.89107,50,8540.937826
-0.021926,1,8540.969063
-0.042214,1,8541.000312
-5.427816,50,8542.187534
-4.063318,50,8543.234163
-5.514456,50,8544.327651
-2.155555,22,8544.874396
-3.427319,50,8545.983511
-1.200442,22,8546.561501
-5.674258,50,8547.71748
-3.693992,50,8548.842216
-4.45999,50,8550.02944
-5.473654,50,8551.201035
-0.041177,1,8551.216656
-0.042792,1,8551.247903
-3.837695,50,8552.450743
-4.060275,50,8553.606721
-3.018586,50,8554.747118
-3.108243,50,8555.965542
-4.169186,50,8557.137143
-3.842892,50,8558.839866
-3.102049,50,8560.214543
-3.632746,50,8561.417386
-3.612647,50,8562.682719
-0.020266,1,8562.713994
-3.602801,50,8563.88556
-4.204751,50,8565.057158
-4.572363,50,8566.213137
-1.151313,14,8566.525565
-4.44476,50,8567.603433
-4.42772,50,8568.696932
-5.773721,50,8569.946633
-4.132323,50,8571.133854
-4.097201,50,8572.242968
-2.997679,50,8573.414569
-4.628629,50,8574.617411
-0.01212,1,8574.633033
-2.872798,50,8575.835879
-3.921407,50,8576.97623
-3.695695,50,8578.132211
-2.820002,50,8579.225703
-4.974854,50,8580.397306
-4.434053,50,8581.522039
-4.802628,50,8582.709261
-4.415017,50,8583.849619
-4.390246,50,8585.099326
-3.789129,50,8586.333411
-3.554416,50,8587.536253
-5.19453,50,8588.676611
-3.136808,50,8589.801345
-4.437921,50,8590.941702
-4.49681,50,8592.097683
-4.136675,50,8593.2849
-0.048598,1,8593.300522
-0.499521,9,8593.519223
-3.212857,34,8594.378399
-3.4594,50,8595.549994
-0.034561,1,8595.565618
-0.007801,1,8595.596859
-5.610336,50,8596.752836
-3.324381,50,8597.924438
-0.589957,9,8598.158755
-0.02966,1,8598.189999
-4.089666,50,8599.361599
-4.4715,50,8600.517586
-0.041469,1,8600.54882
-4.827913,50,8601.673559
-4.700038,50,8602.813914
-0.046092,1,8602.845159
-2.624865,50,8604.063619
-0.849074,11,8604.31356
-6.048388,50,8605.469538
-3.81678,50,8606.64114
-3.067991,50,8607.843984
-0.605859,10,8608.078302
-3.800988,50,8609.218658
-6.21892,50,8610.34341
-0.043432,1,8610.374639
-6.262948,50,8611.686828
-2.856955,50,8612.999023
-1.223087,14,8613.327069
-4.57734,50,8614.498669
-4.90244,50,8615.748376
-0.02416,1,8615.763997
-0.043289,1,8615.795238
-0.987891,12,8616.076423
-3.478331,50,8617.263649
-3.064019,50,8618.435249
-4.835459,50,8619.575603
-0.03776,1,8619.606847
-5.405045,50,8620.715961
-4.146824,50,8621.934422
-4.44237,50,8623.012295
-0.023966,1,8623.043537
-6.457202,50,8624.152668
-2.968617,50,8625.261767
-4.63577,50,8626.480231
-4.464723,50,8627.604965
-0.628146,11,8627.870539
-4.764002,50,8629.073376
-4.965224,50,8630.198109
-2.522794,50,8631.369709
-3.712034,50,8632.572552
-4.741575,50,8633.712904
-4.807183,50,8634.82202
-4.960056,50,8635.946762
-5.738373,50,8637.024631
-3.892314,50,8638.149364
-4.691551,50,8639.320969
-4.912501,50,8640.414457
-5.217496,50,8641.586058
-1.006183,14,8641.898482
-3.810969,50,8643.023223
-4.6092,50,8644.19678
-4.573767,50,8645.368379
-0.035847,1,8645.384002
-1.211273,12,8645.680807
-3.791056,50,8646.883649
-4.856176,50,8647.977142
-3.630033,50,8649.086257
-3.276535,50,8650.27348
-4.944787,50,8651.398218
-1.171079,15,8651.741884
-4.851454,50,8652.960348
-0.032553,1,8652.975974
-3.302527,50,8654.116328
-0.011566,1,8654.147573
-4.674041,50,8655.334795
-3.40724,50,8656.522014
-4.743398,50,8657.693611
-3.48246,50,8658.818348
-0.686624,12,8659.068291
-5.0711,50,8660.255512
-3.709146,50,8661.33338
-0.047978,1,8661.380256
-3.448928,50,8662.567466
-4.816652,50,8663.660959
-1.875492,33,8664.42641
-5.178669,50,8665.613626
-3.38782,50,8666.800845
-0.045573,1,8666.832092
-2.54712,50,8667.956825
-0.009136,1,8667.988074
-5.500311,50,8669.135081
-3.974244,50,8670.306685
-0.045455,1,8670.33793
-2.678434,50,8671.504474
-5.033123,50,8672.707312
-4.530774,50,8673.863286
-13.432856,50,8674.988027
-4.900677,50,8676.20649
-3.229532,50,8677.39371
-2.955468,50,8678.596549
-1.07377,13,8678.877733
-5.383892,50,8679.986852
-3.205501,50,8681.158455
-0.696354,10,8681.37715
-1.341703,16,8681.72082
-0.019618,1,8681.752058
-4.817385,50,8682.892444
-4.272276,50,8684.034784
-4.500982,50,8685.76136
-4.511725,50,8687.693603
-4.879405,50,8689.093861
-5.150675,50,8690.526414
-4.667053,50,8691.940355
-3.79489,50,8693.292248
-6.083257,50,8694.640935
-3.776728,50,8695.941808
-6.398812,50,8698.0922
-3.720107,50,8699.521749
-4.84376,50,8700.822793
-5.385746,50,8702.269256
-3.574227,50,8703.551949
-4.889188,50,8704.819026
-5.138388,50,8706.018436
-4.000856,40,8707.051227
-5.346079,50,8708.434309
-3.542912,50,8709.749771
-0.02421,1,8709.784011
-1.040935,18,8710.2485
-3.990343,50,8711.548858
-5.175885,50,8712.815477
-0.044965,1,8712.84934
-3.195348,50,8714.216033
-4.645488,50,8715.463475
-5.835472,50,8716.762794
-3.443348,50,8718.045395
-0.031638,1,8718.061022
-2.96482,50,8719.310029
-5.276641,50,8724.158939
-0.049469,1,8724.174566
-0.044078,1,8724.209585
-0.016429,1,8724.242228
-1.749637,20,8724.739902
-3.172899,50,8726.091656
-0.03749,1,8726.124622
-2.720615,50,8727.391581
-4.058303,50,8728.640565
-3.736812,50,8729.972577
-0.047164,1,8730.005426
-4.728425,50,8731.255901
-0.026637,1,8731.288553
-2.586696,50,8732.574166
-1.616331,23,8733.170613
-3.261313,50,8734.420243
-3.517898,50,8735.670151
-3.4757,50,8737.019407
-4.501652,50,8738.217231
-0.00518,1,8738.251121
-4.344697,50,8739.550933
-0.042665,1,8739.584726
-6.469884,50,8740.812361
-3.710477,50,8742.166197
-3.531804,50,8743.414999
-2.445275,26,8744.112127
-2.596022,33,8744.998078
-0.049071,1,8745.013706
-2.656335,50,8746.36522
-3.128694,50,8747.643607
-3.97646,50,8748.912597
-2.940887,50,8750.211557
-4.87489,50,8751.44474
-12.955264,50,8752.775255
-0.021678,1,8752.790875
-0.041711,1,8752.829175
-0.044836,1,8752.845335
-4.481722,50,8754.107508
-4.744265,50,8755.327682
-3.754792,50,8756.609413
-4.330846,50,8757.891744
-3.15122,50,8759.140774
-1.566732,30,8759.953331
-0.033966,1,8759.973604
-3.256414,50,8761.256259
-4.04706,50,8762.522841
-3.790947,50,8763.83948
-5.216023,50,8765.087594
-4.404025,50,8766.355082
-4.178061,50,8767.903162
-5.121753,50,8769.185463
-0.036062,1,8769.218765
-4.7922,50,8770.483306
-2.605998,50,8771.784795
-6.175053,50,8773.083365
-4.842738,50,8774.433353
-5.179449,50,8775.748687
-4.217658,50,8777.131338
-5.268118,50,8778.430647
-4.591466,50,8779.763362
-5.20848,50,8781.063292
-0.038665,1,8781.094956
-6.212132,50,8782.363649
-0.027286,1,8782.380222
-5.267927,50,8783.811916
-0.012499,1,8783.830834
-3.664345,50,8785.160513
-2.832065,50,8786.460466
-3.934259,50,8787.809074
-4.976634,50,8789.158372
-0.740413,12,8789.440485
-3.797568,50,8790.789867
-4.6551,50,8792.173442
-0.028033,1,8792.190745
-0.024401,1,8792.223431
-3.311314,50,8793.505039
-3.506156,50,8794.823467
-2.804108,50,8796.138083
-0.034206,1,8796.156069
-5.191181,50,8797.904492
-6.423603,50,8799.3247
-0.030663,1,8799.379017
-2.6924,50,8800.854823
-5.093074,50,8802.200501
-0.709535,11,8802.515991
-4.212435,50,8803.767426
-4.145293,50,8805.066932
-4.451311,50,8806.384208
-1.009163,15,8806.799191
-4.0669,50,8808.068659
-0.033599,1,8808.098494
-2.583214,50,8809.398196
-4.420076,50,8810.6955
-1.466781,15,8811.114213
-0.040883,1,8811.146929
-6.852842,50,8812.381069
-0.807843,11,8812.67946
-4.939477,50,8813.999328
-3.538726,50,8815.228138
-4.678974,50,8816.561373
-3.918377,35,8817.509231
-4.960867,50,8818.7929
-4.845298,50,8820.059485
-0.046725,1,8820.075582
-0.971168,14,8820.426423
-3.472308,50,8821.707542
-0.005531,1,8821.73878
-0.044404,1,8821.75808
-4.608399,50,8823.041049
-4.370296,50,8824.391122
-2.887017,50,8825.723197
-1.110012,12,8826.023114
-3.009528,50,8827.420766
-3.885473,50,8828.771755
-0.036667,1,8828.804375
-0.032765,1,8828.83917
-5.291854,50,8830.204279
-1.049185,19,8830.687244
-0.815996,10,8830.951236
-4.666319,50,8832.236436
-4.248384,50,8833.551441
-3.640808,50,8834.817911
-0.040066,1,8834.852592
-5.004156,50,8836.117282
-3.73422,50,8837.484273
-3.795926,50,8838.884762
-4.056099,50,8840.180405
-3.606629,50,8841.464962
-5.253208,50,8842.848764
-4.813571,50,8844.260875
-0.04766,1,8844.280519
-3.878018,50,8845.595609
-0.979926,19,8846.078282
-2.835064,50,8847.395659
-2.51501,50,8848.627407
-0.03805,1,8848.660707
-1.237426,15,8849.042753
-3.254263,50,8850.346202
-4.612658,50,8851.876842
-3.555658,50,8853.17505
-0.044559,1,8853.208313
-5.001521,50,8854.505588
-3.330738,50,8855.756972
-3.574933,50,8857.037332
-4.251283,50,8858.373928
-0.029008,1,8858.39293
-1.415672,17,8858.83998
-5.149641,50,8860.221317
-4.980181,50,8861.554038
-0.993364,14,8861.919796
-4.275559,50,8863.203103
-2.589879,50,8864.535709
-0.69394,9,8864.765845
-5.208812,50,8866.113053
-0.049666,1,8866.128676
-3.732285,50,8867.450034
-8.198255,50,8868.733616
-4.974714,50,8870.004321
-5.228004,50,8871.282236
-0.025459,1,8871.299823
-3.533646,50,8872.612799
-4.830084,50,8873.865973
-0.014378,1,8873.897818
-4.827051,50,8875.145828
-0.031581,1,8875.179163
-2.819993,50,8876.462849
-0.026122,1,8876.509734
-3.94906,46,8877.729389
-2.799385,50,8878.994916
-4.399286,50,8880.277644
-0.027156,1,8880.311402
-6.14849,50,8881.574373
-4.0991,50,8882.8935
-3.054006,50,8884.179205
-3.061209,50,8885.557051
-3.4145,50,8886.875378
-0.813032,10,8887.157258
-4.889515,50,8888.473788
-4.912826,50,8889.705511
-4.652257,50,8891.057502
-6.598526,50,8892.339175
-3.722266,50,8893.620653
-0.033957,1,8893.654436
-3.583618,50,8895.568522
-0.045324,1,8895.599801
-4.278566,50,8896.902773
-0.027575,1,8896.936135
-0.039816,1,8896.95285
-4.178395,50,8898.251479
-5.084345,50,8899.550784
-4.903443,50,8900.816514
-0.007032,1,8900.83504
-4.291366,50,8902.099501
-0.030244,1,8902.130747
-5.07184,50,8903.401422
-0.020449,1,8903.431113
-3.980685,50,8904.7471
-3.717393,50,8906.047291
-0.035864,1,8906.081356
-5.841473,50,8907.348052
-0.932004,13,8907.713223
-0.984366,11,8907.975166
-4.868975,50,8909.347181
-4.597828,50,8910.624251
-4.396645,50,8911.992952
-0.016001,1,8912.026628
-6.787112,50,8913.310309
-6.673877,50,8914.709598
-5.818136,50,8916.075138
-2.745887,50,8917.424546
-0.045247,1,8917.455788
-3.263388,50,8918.704403
-3.243993,50,8919.975005
-4.582001,50,8921.324326
-4.817987,50,8922.605411
-4.556147,50,8923.953724
-0.049643,1,8923.971465
-2.588247,32,8924.988055
-4.986349,50,8926.355335
-0.04506,1,8926.372368
-4.71642,50,8927.751768
-6.010934,50,8929.002151
-0.014996,1,8929.035443
-2.888589,50,8930.485361
-3.859997,50,8931.781152
-4.969443,50,8933.052998
-3.22063,50,8934.334185
-3.776562,50,8935.581999
-4.924602,50,8936.832774
-4.965905,50,8938.144065
-0.042912,1,8938.169973
-3.834747,50,8939.496671
-4.853813,50,8941.027161
-5.866181,50,8942.36459
-4.35969,50,8943.694428
-3.796502,50,8945.043745
-0.049363,1,8945.077078
-2.812007,50,8946.378066
-4.132742,50,8947.675439
-4.155283,50,8948.992434
-2.601167,50,8950.275349
-4.256012,50,8951.773614
-2.956739,50,8953.056234
-5.078687,50,8954.357328
-8.493677,50,8955.604947
-0.034093,1,8955.638287
-0.63968,10,8955.890191
-2.971824,50,8957.287959
-0.030341,1,8957.321208
-5.174593,50,8958.586739
-5.560113,50,8959.871873
-0.040875,1,8959.887944
-3.709299,50,8961.202027
-1.047095,11,8961.485196
-3.348692,50,8962.785166
-0.969974,18,8963.267548
-0.047208,1,8963.312572
-1.409127,17,8963.867505
-0.049707,1,8963.886325
-0.016551,1,8963.901947
-4.172263,50,8965.058312
-5.627614,50,8966.204683
-5.589059,50,8967.333138
-5.19015,50,8968.482752
-3.473245,50,8969.736217
-0.035411,1,8969.767455
-3.158854,50,8970.971102
-0.031834,1,8970.993837
-5.888633,50,8972.147513
-5.174179,50,8973.379856
-1.063159,13,8973.661914
-2.91875,50,8974.772817
-2.973765,50,8975.9412
-5.582976,50,8977.050039
-5.793404,50,8978.143003
-4.730524,50,8979.260417
-5.113762,50,8980.391997
-0.048706,1,8980.423242
-0.048771,1,8980.438863
-4.304233,50,8981.60778
-3.977665,50,8982.750951
-3.147863,50,8983.87576
-3.227567,50,8987.971134
-0.043544,1,8987.986763
-2.772785,50,8989.195584
-4.210724,50,8990.305386
-5.075262,50,8991.418499
-4.179453,50,8992.558692
-4.679366,50,8993.682968
-4.655849,50,8994.852166
-2.69662,50,8996.252634
-2.717226,50,8997.39962
-5.51095,50,8998.635753
-1.299359,14,8998.992855
-3.947209,50,9000.148097
-0.021637,1,9000.179342
-1.183777,19,9000.62049
-3.719304,50,9001.897882
-4.265227,50,9003.060417
-2.890509,50,9004.20264
-5.662333,50,9005.412752
-0.002249,1,9005.447929
-0.026735,1,9005.462002
-0.023603,1,9005.477629
-3.665875,50,9006.629337
-3.487955,50,9007.740509
-0.020918,1,9007.771757
-0.019179,1,9007.787374
-3.971341,50,9009.003145
-4.202719,50,9010.112089
-4.433348,50,9011.262742
-0.042752,1,9011.275635
-4.939366,50,9012.391976
-3.431265,50,9013.51722
-5.796295,50,9014.597901
-4.909993,50,9015.742113
-0.032014,1,9015.773354
-2.950767,50,9016.938722
-4.607059,50,9018.122871
-5.465576,50,9019.221513
-4.212724,50,9020.372296
-4.797792,50,9021.544659
-3.185215,50,9022.637689
-0.048953,1,9022.668936
-0.976987,13,9022.968506
-0.916752,11,9023.233354
-3.979887,50,9024.33685
-3.2834,50,9025.479863
-0.01236,1,9025.511109
-0.026383,1,9025.53571
-6.197295,50,9026.66663
-3.672511,50,9027.916354
-3.448047,50,9029.071951
-4.720231,50,9030.18079
-3.078969,50,9031.333431
-1.258104,17,9031.728605
-5.280255,50,9032.866038
-0.861758,13,9033.169477
-3.665776,50,9034.26787
-0.023345,1,9034.283491
-5.93157,50,9035.412223
-3.600752,50,9036.567942
-0.017209,1,9036.581733
-2.114603,27,9037.230423
-3.583511,50,9038.363047
-4.45325,50,9039.456869
-0.037658,1,9039.472486
-6.224663,50,9040.760086
-0.018558,1,9040.77571
-1.17984,14,9041.105932
-3.663526,50,9042.22832
-4.971101,50,9043.39243
-4.425142,50,9044.516484
-4.177021,50,9045.657032
-3.867489,50,9046.790449
-1.070568,13,9047.080131
-4.576067,50,9048.270179
-5.432904,50,9049.373924
-7.54361,50,9050.523171
-5.6156,50,9051.602904
-3.703845,42,9052.595437
-4.932295,50,9053.718119
-3.777005,50,9054.871078
-3.346722,50,9056.027732
-4.173156,50,9057.183498
-4.004852,50,9058.336466
-6.659077,50,9059.451433
-4.874337,50,9060.566622
-3.230588,50,9061.679572
-3.24346,50,9062.808164
-3.798262,50,9063.945473
-4.698825,50,9065.186297
-0.996851,16,9065.56905
-7.024927,50,9066.674601
-5.118977,50,9067.864318
-0.025235,1,9067.880934
-4.807607,50,9068.996452
-3.664604,50,9070.162992
-5.388754,50,9071.289346
-5.202645,50,9072.428284
-4.325873,50,9073.583883
-0.033295,1,9073.599506
-0.030802,1,9073.630747
-5.776825,50,9074.783231
-4.003185,50,9075.917483
-3.960845,50,9077.039775
-5.380977,50,9078.151215
-5.254472,50,9079.264183
-0.029452,1,9079.295425
-4.884797,50,9080.422034
-5.687199,50,9081.539391
-1.086099,14,9081.873607
-1.009187,13,9082.166199
-4.566168,50,9083.292649
-3.05302,50,9084.436445
-2.609947,50,9085.595256
-2.784158,50,9086.718931
-0.039859,1,9086.750167
-4.336922,50,9087.918402
-4.578633,50,9089.042846
-3.135054,50,9090.266742
-5.087368,50,9091.386911
-0.623604,12,9091.668097
-4.768919,50,9092.915391
-5.032993,50,9094.028359
-6.259748,50,9095.161148
-3.476578,50,9096.300129
-0.03703,1,9096.315747
-0.043644,1,9096.349015
-0.049244,1,9096.381419
-2.965489,50,9097.631393
-0.032313,1,9097.666441
-5.854274,50,9098.897333
-5.386988,50,9100.012447
-3.09436,50,9101.185818
-0.721638,11,9101.426928
-7.163173,50,9102.561717
-2.979022,50,9103.688272
-0.018024,1,9103.719513
-4.031431,50,9104.844868
-4.724759,50,9106.327556
-0.034927,1,9106.360835
-5.028644,50,9107.579572
-4.988043,50,9108.721063
-3.664369,50,9109.922345
-6.329037,50,9111.02181
-5.775905,50,9112.132617
-2.875296,50,9113.233284
-4.986072,50,9114.340078
-4.253314,50,9115.552715
-3.268327,50,9116.69494
-0.036541,1,9116.727231
-4.392498,50,9117.871299
-5.999465,50,9118.981369
-4.332003,50,9120.091866
-0.028877,1,9120.123104
-1.072328,14,9120.437958
-1.338306,21,9120.902093
-1.216843,14,9121.264526
-4.762369,50,9122.852661
-5.965137,50,9124.10369
-0.802913,12,9124.368169
-3.54267,50,9125.493148
-0.013845,1,9125.50877
-4.343325,50,9126.696069
-4.902729,50,9127.883164
-0.049656,1,9127.898786
-6.080656,50,9129.010117
-6.130169,50,9130.733196
-4.688344,50,9131.88073
-2.898129,50,9133.146249
-3.789185,50,9134.276117
-0.041501,1,9134.307391
-3.339709,50,9135.425683
-5.288628,50,9136.550248
-4.788782,50,9137.66086
-0.012636,1,9137.692107
-5.553205,50,9138.811928
-0.039373,1,9138.843632
-0.042504,1,9138.860565
-4.54274,50,9139.970369
-0.03731,1,9139.98599
-4.463669,50,9141.092131
-3.486032,50,9142.237581
-3.903012,50,9143.406013
-5.635163,50,9144.537717
-3.053466,50,9145.648688
-4.122216,50,9146.839622
-3.21002,50,9148.013913
-1.261291,19,9148.451086
-3.292383,50,9149.603498
-0.04407,1,9149.619123
-0.044994,1,9149.654747
-4.520153,50,9150.765584
-2.645628,50,9151.887039
-6.107161,50,9153.011468
-0.025065,1,9153.042709
-0.047128,1,9153.05833
-4.514488,50,9154.198394
-4.430104,50,9155.335756
-0.037591,1,9155.368441
-3.306188,50,9156.515551
-2.620767,50,9157.643135
-4.250587,50,9158.77172
-4.097971,50,9159.961006
-0.049035,1,9159.982795
-4.920567,50,9161.109262
-0.026584,1,9161.12488
-10.046738,50,9162.262922
-0.021269,1,9162.284287
-1.42835,19,9162.814204
-0.033512,1,9162.85842
-3.621169,50,9164.054346
-4.139246,50,9165.224889
-3.700258,50,9166.395045
-2.82738,50,9167.566015
-0.019216,1,9167.60369
-3.920299,50,9168.724829
-3.91109,50,9169.908782
-5.244539,50,9171.048609
-0.047663,1,9171.064229
-0.013189,1,9171.095472
-4.884938,50,9172.235839
-2.827467,50,9173.430253
-2.644865,50,9174.617599
-4.745561,50,9175.729517
-2.768293,50,9176.906279
-3.645561,50,9178.046161
-4.04211,50,9179.231267
-0.046587,1,9179.265313
-5.437254,50,9180.372247
-3.916565,50,9181.497341
-4.454855,50,9182.625926
-5.258778,50,9183.78502
-4.13702,50,9184.902182
-3.75464,50,9186.026515
-0.041455,1,9186.057759
-1.559126,19,9186.510673
-3.714478,50,9187.634809
-0.04994,1,9187.650429
-1.356006,18,9188.072303
-3.687218,50,9189.292468
-5.304393,50,9190.656138
-1.416836,16,9191.061145
-3.334648,50,9192.218997
-4.71508,50,9193.365525
-0.037023,1,9193.381936
-5.215953,50,9194.493121
-0.039679,1,9194.524357
-5.142691,50,9195.647784
-4.82082,50,9196.794583
-0.37813,7,9196.958271
-1.451511,18,9197.379591
-1.129389,14,9197.697856
-0.022933,1,9197.713477
-3.758502,50,9198.845898
-0.016637,1,9198.862198
-0.630084,12,9199.14549
-5.365304,50,9200.24177
-4.100108,50,9201.409085
-2.637877,26,9202.018084
-3.943743,50,9203.173502
-4.862741,50,9204.317729
-4.990099,50,9205.42263
-5.758234,50,9206.537584
-3.084724,50,9207.664273
-5.317826,50,9208.775189
-0.042048,1,9208.790809
-6.207491,50,9209.921464
-5.524416,50,9211.061331
-3.594172,50,9212.203824
-4.164702,50,9213.338319
-3.875729,50,9214.465799
-3.821167,50,9215.582568
-4.295002,50,9216.699031
-0.019917,1,9216.730277
-3.775161,50,9217.85257
-4.164492,50,9222.029516
-4.934229,50,9223.171727
-3.505286,50,9224.365945
-4.634761,50,9225.506678
-0.438965,8,9225.69218
-0.034485,1,9225.723421
-5.1953,50,9226.978357
-3.913346,50,9228.217784
-3.441466,50,9229.346528
-3.132195,50,9230.504412
-0.039842,1,9230.520032
-5.973113,50,9231.658938
-3.874006,50,9232.844818
-4.470959,50,9234.080653
-3.719683,50,9235.207911
-1.189871,16,9235.600376
-5.688575,50,9236.818835
-4.829538,50,9238.124036
-3.498552,50,9239.437142
-3.207038,50,9240.70002
-4.626983,50,9241.873488
-2.672674,50,9243.014394
-4.521926,50,9244.141783
-1.002026,14,9244.465768
-5.088806,50,9245.568066
-4.328059,50,9246.665428
-0.965225,11,9246.936428
-3.124541,50,9248.094018
-1.225578,19,9248.532489
-3.075486,50,9249.643335
-0.043276,1,9249.674581
-0.017669,1,9249.690201
-4.091186,50,9250.805399
-0.030793,1,9250.832314
-2.147641,39,9251.708899
-3.719065,50,9252.819748
-5.330149,50,9254.031356
-3.099481,44,9255.008318
-5.279401,50,9256.139821
-0.033076,1,9256.163605
-3.4762,50,9257.281107
-0.03179,1,9257.305238
-0.030596,1,9257.331883
-3.706556,50,9258.474755
-0.031779,1,9258.490374
-3.588596,50,9259.615247
-6.698039,50,9260.755413
-0.553472,11,9261.005876
-5.050682,50,9262.150103
-3.364092,50,9263.262017
-3.355967,50,9264.393549
-3.000005,50,9265.605859
-3.145292,50,9266.773681
-0.029251,1,9266.804919
-4.128742,50,9267.985876
-0.66723,11,9268.270936
-3.483997,50,9269.381984
-4.251266,50,9270.535274
-0.035962,1,9270.550897
-2.070629,32,9271.285144
-5.571503,50,9272.406385
-5.810705,50,9273.530854
-5.534225,50,9274.675194
-5.335103,50,9275.831474
-0.047254,1,9275.855587
-4.721668,50,9276.982326
-4.462586,50,9278.09219
-4.875489,50,9279.312358
-3.847396,50,9280.469562
-0.049864,1,9280.506624
-5.804568,50,9281.615934
-5.295512,50,9282.774749
-3.127919,50,9283.931802
-2.584879,50,9285.743223
-1.02284,12,9286.040159
-4.194523,50,9287.180045
-2.964438,50,9288.333207
-5.419435,50,9289.530573
-0.047629,1,9289.561819
-2.536783,50,9290.946739
-0.042362,1,9291.003813
-5.896562,50,9292.162617
-2.721143,50,9293.324579
-4.832258,50,9294.519521
-2.713755,50,9295.844729
-5.288661,50,9296.975641
-2.853681,50,9298.087579
-1.890046,19,9298.521004
-5.670503,50,9299.65966
-1.292524,23,9300.171906
-3.241726,50,9301.300488
-0.042272,1,9301.331733
-3.321372,50,9302.437219
-3.485152,50,9303.605922
-0.033375,1,9303.637167
-4.218618,50,9304.763513
-0.042688,1,9304.794753
-3.374512,50,9305.922876
-3.355718,50,9307.052692
-4.521884,50,9308.212519
-0.03487,1,9308.223562
-5.094485,50,9309.656888
-4.577496,50,9310.782
-3.617236,50,9311.933793
-4.595372,50,9313.073857
-0.041392,1,9313.089475
-0.037082,1,9313.105096
-4.98527,50,9314.277147
-3.370028,50,9315.510848
-4.36485,50,9316.707071
-4.627524,50,9317.867352
-1.512607,16,9318.22708
-4.534568,50,9319.366482
-3.030045,50,9320.482451
-5.016256,50,9321.624663
-1.391272,17,9322.006646
-3.876255,50,9323.126836
-0.035644,1,9323.158077
-1.585096,19,9323.580801
-4.518759,50,9324.738539
-1.084106,13,9325.044228
-5.242418,50,9326.141694
-0.024399,1,9326.162733
-3.863877,50,9327.304892
-0.902123,14,9327.613234
-4.161627,50,9328.77603
-3.422284,50,9329.892782
-3.510516,50,9331.064495
-5.145752,50,9332.286163
-0.825808,11,9332.645853
-4.806036,50,9333.789845
-1.117126,13,9334.071918
-4.860986,50,9335.247398
-0.03712,1,9335.263021
-3.03028,50,9336.532543
-1.769398,20,9336.984223
-1.208193,16,9337.35685
-5.037234,50,9338.467503
-3.228605,50,9339.607938
-0.041723,1,9339.63921
-4.415946,50,9340.748744
-4.0926,50,9341.871492
-1.687597,22,9342.371314
-5.040956,50,9343.480956
-3.891655,50,9344.651808
-4.337814,50,9345.749168
-0.006016,1,9345.78041
-0.005793,1,9345.796031
-3.755131,50,9346.96356
-2.924323,50,9348.144228
-3.969165,50,9349.255234
-4.59439,50,9350.43663
-0.044037,1,9350.458368
-2.90402,50,9351.625291
-2.581122,50,9352.78222
-3.192351,50,9353.928524
-4.975376,50,9355.068676
-1.089069,16,9355.442951
-7.273311,50,9356.568955
-4.705015,50,9357.695262
-1.64876,29,9358.345999
-5.174988,50,9359.470613
-2.905262,50,9360.861364
-4.990005,50,9362.738233
-4.224668,50,9364.144081
-4.882857,50,9365.391247
-3.531407,50,9366.507434
-0.036982,1,9366.538678
-3.522156,50,9367.727595
-3.731578,50,9368.858277
-1.325544,15,9369.198852
-3.422696,50,9370.483581
-0.835066,11,9370.719477
-1.332232,16,9371.092588
-4.995731,50,9372.450886
-3.487319,50,9373.622132
-5.138336,50,9374.747679
-5.793816,50,9376.013615
-0.556057,11,9376.261242
-4.854687,50,9377.369568
-4.09247,50,9378.567468
-0.049281,1,9378.598713
-0.028676,1,9378.614336
-0.046359,1,9378.645577
-0.03371,1,9378.6612
-4.095631,50,9379.85168
-0.007893,1,9379.868744
-5.079952,50,9381.015169
-3.95406,50,9382.110631
-1.829058,22,9382.597414
-5.782664,50,9383.760064
-1.642296,17,9384.145103
-5.004429,50,9385.25597
-4.705179,50,9386.412514
-0.048135,1,9386.443759
-0.045605,1,9386.464202
-1.023572,12,9386.728292
-6.022162,50,9387.958782
-4.507312,50,9389.083144
-0.012426,1,9389.114386
-4.287639,50,9390.259294
-5.051477,50,9391.447707
-4.193875,50,9393.221612
-3.201377,50,9394.376881
-5.555247,50,9395.681515
-5.687992,50,9396.908268
-3.987162,50,9398.049718
-0.046338,1,9398.080956
-5.295162,50,9399.190912
-3.687725,50,9400.324162
-0.040851,1,9400.340642
-3.337429,50,9401.468416
-0.991744,11,9401.730738
-4.910552,50,9402.873059
-0.003733,1,9402.889434
-0.942135,12,9403.166751
-0.046865,1,9403.197987
-3.25974,50,9404.338668
-3.878415,50,9405.497055
-3.599411,50,9406.686512
-3.466241,50,9407.797035
-2.983226,50,9408.980172
-5.229885,50,9410.104647
-5.322106,50,9411.259911
-2.469966,35,9412.060449
-3.701373,50,9413.188035
-3.956302,50,9414.332738
-0.802489,12,9414.615337
-4.503758,50,9415.774136
-6.045809,50,9416.929168
-6.79565,50,9418.04717
-1.865294,24,9418.580671
-3.492533,50,9419.707273
-3.351843,50,9420.87999
-5.318715,50,9422.028126
-3.026807,50,9423.187976
-4.656735,50,9424.328237
-5.049995,50,9425.455622
-0.590892,10,9425.674322
-5.63963,50,9426.786221
-0.041783,1,9426.807941
-4.118972,50,9427.970111
-5.20682,50,9429.12761
-4.849007,50,9430.270804
-4.832469,50,9431.45276
-0.017462,1,9431.473599
-6.362104,50,9432.593175
-0.024859,1,9432.62165
-5.001872,50,9433.798084
-3.477364,50,9434.905138
-3.63158,50,9436.045066
-5.565688,50,9437.233302
-0.013492,1,9437.248924
-0.029546,1,9437.280165
-0.014312,1,9437.295789
-1.199675,19,9437.748363
-5.575042,50,9438.870801
-3.930944,50,9439.980586
-0.837603,13,9440.269365
-2.95618,31,9440.964414
-0.745507,12,9441.243161
-3.301649,50,9442.432459
-5.403301,50,9443.619285
-3.317024,50,9444.768801
-3.522145,50,9445.89997
-1.493732,25,9446.494901
-0.038745,1,9446.526145
-1.03713,20,9446.995348
-1.718612,20,9447.449782
-2.561913,50,9448.640331
-4.910125,50,9449.768923
-4.919622,50,9450.959069
-6.076142,50,9452.097042
-1.540396,21,9452.583226
-2.484916,41,9453.504834
-4.786679,50,9454.629194
-5.381791,50,9459.125452
-4.532733,50,9460.254083
-0.669086,10,9460.469941
-4.277075,50,9461.596449
-4.4697,50,9462.74671
-4.322281,42,9463.693305
-0.007854,1,9463.708927
-0.019727,1,9463.755827
-4.812468,50,9464.923251
-3.821053,50,9466.087781
-3.318285,50,9467.261274
-0.026478,1,9467.292517
-3.348121,50,9468.435483
-0.520326,10,9468.670591
-3.761552,50,9469.767837
-5.071231,50,9470.934308
-3.535993,50,9472.02733
-4.303275,50,9473.199455
-0.039826,1,9473.215078
-2.70345,50,9474.416281
-5.340597,50,9475.501189
-8.336571,50,9476.647588
-0.047568,1,9476.678827
-0.034752,1,9476.71007
-6.552288,50,9477.850351
-0.031037,1,9477.88363
-0.919782,10,9478.089892
-0.049472,1,9478.121134
-4.406105,50,9479.257837
-4.502017,50,9480.397982
-4.708555,50,9481.564953
-6.048328,50,9482.693784
-3.098368,50,9483.847398
-2.922479,50,9484.973724
-0.013038,1,9485.00497
-1.127493,13,9485.319107
-2.551756,50,9486.50422
-0.040298,1,9486.519842
-3.286408,50,9487.644343
-3.57993,50,9488.790322
-4.862968,50,9489.87739
-1.997399,27,9490.471643
-0.036932,1,9490.502887
-1.426125,16,9490.860563
-4.454627,50,9492.038532
-3.274964,50,9493.212941
-4.2339,50,9494.325949
-3.29277,50,9495.452638
-5.113625,50,9496.556174
-1.613435,17,9496.937439
-3.145742,50,9498.077502
-5.11028,50,9499.186676
-3.159396,50,9500.297278
-4.457022,50,9501.434577
-5.918288,50,9502.557372
-1.311087,15,9502.88736
-4.820905,50,9504.042959
-4.655388,50,9505.152021
-3.702584,50,9506.352189
-0.036301,1,9506.385177
-5.583193,50,9507.54128
-5.555382,50,9508.714278
-0.032097,1,9508.745521
-4.614793,50,9509.867092
-1.409127,16,9510.233311
-0.771713,12,9510.511174
-4.912301,50,9511.630372
-0.049323,1,9511.661619
-5.289906,50,9512.788147
-3.445734,50,9513.944138
-3.246404,50,9515.084022
-5.322066,50,9516.241766
-4.505389,50,9517.346247
-6.429995,50,9518.458145
-5.140064,50,9519.606441
-0.010422,1,9519.63768
-1.210043,13,9519.924939
-4.869287,50,9521.049742
-3.968177,50,9522.197057
-4.425304,50,9523.326593
-3.646502,50,9524.457286
-2.461748,27,9525.05311
-3.379321,50,9526.163831
-3.725077,50,9527.357706
-4.921078,50,9528.572907
-1.759049,32,9529.260828
-5.189889,50,9530.373048
-3.089971,50,9531.49848
-0.039648,1,9531.514102
-3.358446,50,9532.638647
-0.049679,1,9532.654265
-3.913436,50,9533.768119
-7.355512,50,9534.898516
-0.665383,10,9535.122357
-0.026816,1,9535.137977
-3.538619,50,9536.273527
-3.782159,50,9537.385727
-2.830517,50,9538.541375
-3.831016,50,9539.651019
-4.428023,50,9540.834238
-1.440151,15,9541.170465
-3.102166,50,9542.287103
-4.182765,50,9543.446659
-5.039185,50,9544.630382
-4.204528,50,9545.802547
-5.465233,50,9546.990353
-1.431325,26,9547.552169
-4.836204,50,9548.710265
-4.592679,50,9549.808428
-0.656017,10,9550.035549
-4.017578,50,9551.175688
-0.024635,1,9551.206931
-4.762042,50,9552.344775
-3.479658,50,9553.475227
-3.057708,50,9554.60383
-0.033333,1,9554.635071
-4.76589,50,9555.779284
-3.755376,50,9556.938248
-0.047765,1,9556.969488
-4.932653,50,9558.088289
-4.503658,50,9559.198647
-0.037889,1,9559.229885
-3.4654,50,9560.406323
-3.542609,50,9561.531496
-5.639853,50,9562.643439
-4.767461,50,9563.766959
-4.655225,50,9564.904081
-0.048156,1,9564.935329
-4.853644,50,9566.05964
-3.851936,50,9567.230746
-1.532647,19,9567.652577
-0.039242,1,9567.6682
-4.619121,50,9568.886447
-3.510674,50,9570.026021
-0.010313,1,9570.041644
-3.385082,50,9571.248337
-0.037941,1,9571.263958
-3.501383,50,9572.565281
-3.498731,50,9573.69388
-0.498441,8,9573.883717
-0.782541,10,9574.109928
-1.56086,18,9574.508088
-2.641487,50,9575.712511
-5.105224,50,9576.813066
-4.792028,50,9577.928465
-5.430179,50,9579.131701
-6.119848,50,9580.259446
-0.783664,11,9580.511134
-0.032488,1,9580.542376
-0.027894,1,9580.557998
-2.907827,50,9581.778689
-3.926567,50,9582.940982
-2.905326,50,9584.10563
-2.96768,50,9585.306562
-5.098218,50,9586.488307
-3.066351,50,9587.614868
-2.872458,29,9588.303217
-3.506819,50,9589.437777
-0.038007,1,9589.477694
-6.76983,50,9590.589226
-4.33513,50,9591.749059
-0.733713,11,9592.000157
-3.911233,50,9593.140331
-3.694477,50,9594.271682
-0.022867,1,9594.287306
-0.456357,8,9594.467292
-3.285945,50,9595.654288
-3.188897,50,9596.785391
-6.214805,50,9597.871352
-0.715364,10,9598.111361
-2.848508,50,9599.239964
-4.831119,50,9600.401744
-2.529571,50,9601.51053
-4.910481,50,9602.605238
-3.478824,50,9603.763031
-6.347499,50,9604.915385
-0.025563,1,9604.946614
-0.020761,1,9604.962237
-0.035702,1,9604.984053
-3.639318,50,9606.126068
-6.525039,50,9607.33093
-5.58371,50,9608.429096
-1.634332,16,9608.787819
-4.811196,50,9609.928463
-3.403504,50,9611.083701
-1.855248,21,9611.552561
-3.394052,50,9612.779636
-1.061137,12,9613.067533
-0.708949,11,9613.311851
-0.033075,1,9613.340124
-0.039405,1,9613.362134
-3.639664,50,9614.568433
-0.809315,10,9614.812696
-4.726975,50,9615.924902
-6.446026,50,9617.107685
-0.025876,1,9617.138925
-3.925773,50,9618.29773
-0.493537,9,9618.519767
-0.046635,1,9618.535388
-5.84101,50,9619.703788
-1.910667,22,9620.179568
-6.097499,50,9621.293849
-3.47636,50,9622.406277
-0.875931,12,9622.682153
-0.652964,11,9622.937989
-3.788763,50,9624.091832
-1.633856,18,9624.504872
-5.315091,50,9625.617846
-0.044831,1,9625.655729
-1.113962,15,9626.014906
-4.227431,50,9627.153505
-4.381573,50,9628.317104
-6.631626,50,9629.465804
-4.897643,50,9630.606035
-0.035639,1,9630.621659
-5.385263,50,9631.853744
-0.501001,9,9632.059668
-5.276544,50,9633.218104
-6.287112,50,9634.370164
-0.444604,8,9634.581917
-4.482719,50,9635.799264
-0.024199,1,9635.834646
-0.431092,8,9636.094223
-3.13469,50,9637.333849
-1.268741,19,9637.779211
-5.876258,50,9638.883715
-5.961228,50,9640.007657
-0.02835,1,9640.038936
-1.816152,20,9640.491343
-4.297927,50,9641.634534
-4.902587,50,9642.791679
-1.253871,16,9643.155605
-4.768433,50,9644.277211
-3.736023,50,9645.442062
-4.640086,50,9646.597883
-3.748457,50,9647.737725
-4.666028,50,9648.940645
-6.199511,50,9650.05199
-0.030505,1,9650.067611
-0.90421,13,9650.360629
-5.007373,50,9651.493514
-3.362681,50,9652.668316
-0.777594,11,9652.907004
-8.197185,50,9654.042985
-5.291496,50,9655.174216
-1.063968,21,9655.672226
-0.041858,1,9655.689867
-1.097897,15,9656.031501
-1.036841,13,9656.323794
-5.782385,50,9657.468104
-1.745934,19,9657.905414
-0.019711,1,9657.936661
-0.040163,1,9657.967904
-3.162128,50,9659.095206
-4.106799,50,9660.256763
-2.066478,22,9660.754768
-0.847259,10,9660.982064
-5.585056,50,9662.095816
-0.713979,10,9662.307076
-3.472376,50,9663.418099
-1.35022,15,9663.781296
-5.258725,50,9664.918415
-0.049785,1,9664.93404
-6.022592,50,9666.045048
-2.451676,27,9666.655001
-2.750446,50,9667.814332
-2.861265,50,9668.950279
-0.041109,1,9668.999362
-4.47925,50,9670.145005
-4.313747,50,9671.303437
-3.90461,50,9672.428748
-0.431929,8,9672.616199
-5.084742,50,9673.698831
-5.28825,50,9674.846472
-4.522414,50,9675.989557
-2.530907,50,9677.149388
-0.024114,1,9677.180627
-0.557782,8,9677.363022
-1.025911,14,9677.666101
-1.162632,16,9678.04362
-0.995752,12,9678.309187
-3.964543,50,9679.503243
-5.250224,50,9680.627539
-4.494809,50,9681.742721
-5.842521,50,9682.876719
-6.19946,50,9684.057683
-0.019142,1,9684.073303
-4.893948,50,9685.246633
-2.647293,26,9685.824204
-1.622513,19,9686.248447
-5.270207,50,9687.374546
-3.841821,50,9690.709307
-5.740926,50,9691.838615
-0.019069,1,9691.855358
-3.440686,50,9693.013237
-2.690139,50,9694.185279
-0.043725,1,9694.216521
-0.031462,1,9694.232144
-3.647119,50,9695.386624
-0.394827,8,9695.580323
-3.02587,50,9696.6933
-1.175755,13,9696.981895
-4.922615,50,9698.118326
-3.089157,50,9699.248192
-1.335728,23,9699.76563
-4.328129,50,9700.899776
-3.920656,50,9702.024031
-0.551573,10,9702.255413
-4.832162,50,9703.365189
-4.089553,50,9704.502123
-5.283031,50,9705.627168
-5.046569,50,9706.810415
-1.563897,17,9707.195084
-5.21574,50,9708.363617
-3.99495,50,9709.457696
-4.737546,50,9710.58216
-4.46681,50,9711.707401
-4.440927,50,9712.861264
-0.532962,9,9713.056626
-5.781657,50,9714.199801
-6.196672,50,9715.359929
-5.446552,50,9716.500951
-5.863763,50,9717.606501
-4.661973,50,9718.773578
-0.722149,11,9718.99967
-0.045252,1,9719.030914
-0.045192,1,9719.046532
-0.802289,12,9719.328039
-3.911426,50,9720.46943
-5.840829,50,9721.596987
-0.031726,1,9721.612605
-4.189982,50,9722.770788
-0.634226,10,9722.998672
-6.039976,50,9724.123321
-5.050505,50,9725.265883
-1.368662,21,9725.766672
-4.317188,50,9726.918533
-3.219491,50,9728.028339
-3.801459,50,9729.154619
-2.755972,50,9730.312329
-0.020546,1,9730.335523
-4.129572,50,9731.447282
-4.627043,50,9732.567083
-4.703178,50,9733.697924
-0.026662,1,9733.729165
-4.472897,50,9734.833091
-3.615636,50,9735.944987
-3.481608,50,9737.100805
-0.673278,11,9737.365481
-5.870719,50,9738.493581
-0.759778,11,9738.743522
-0.730105,11,9738.994125
-6.068227,50,9740.169604
-4.564477,50,9741.282566
-4.281447,50,9742.410399
-0.463741,9,9742.629096
-0.030091,1,9742.645221
-1.53473,16,9743.00346
-6.587646,50,9744.115729
-0.022494,1,9744.146971
-0.027278,1,9744.162592
-1.258234,22,9744.679085
-1.820772,19,9745.10277
-4.667515,50,9746.245119
-4.29058,50,9747.409414
-1.36666,17,9747.808663
-2.856878,50,9748.969405
-9.272109,50,9750.085559
-3.0774,50,9751.220062
-11.826989,50,9752.332032
-2.577629,50,9753.483376
-3.316116,50,9754.623795
-0.992625,16,9754.983167
-0.046034,1,9754.998789
-6.000179,50,9756.170663
-4.719368,50,9757.314877
-5.160317,50,9758.449982
-6.249383,50,9759.545017
-4.194354,50,9760.701564
-0.010859,1,9760.732813
-5.192093,50,9761.835646
-4.874092,50,9762.963229
-2.84884,50,9764.099082
-0.025927,1,9764.130322
-5.579518,50,9765.256914
-3.789095,50,9766.383356
-5.236095,50,9767.52297
-3.775147,50,9768.663034
-0.043694,1,9768.678679
-0.029466,1,9768.694279
-0.021486,1,9768.732318
-4.904364,50,9769.897045
-0.006309,1,9769.928283
-4.106837,50,9771.06795
-4.126061,50,9772.177175
-4.142417,50,9773.285723
-3.868382,50,9774.395754
-5.10682,50,9775.527181
-6.26508,50,9776.624522
-5.413894,50,9777.753109
-0.809322,11,9778.009356
-4.418787,50,9779.122391
-5.620855,50,9780.233781
-3.173286,50,9781.391052
-2.771673,50,9782.533958
-0.780026,10,9782.751772
-4.398756,50,9783.890778
-6.181973,50,9785.015273
-0.599818,9,9785.212771
-0.975702,11,9785.467768
-0.799441,11,9785.704202
-6.324861,50,9786.821985
-6.033628,50,9787.919964
-2.661842,50,9789.122569
-0.048987,1,9789.13819
-5.098684,50,9790.262587
-1.326898,15,9790.607222
-2.841081,50,9791.764982
-4.508812,50,9792.869555
-4.08361,50,9793.979428
-4.420035,50,9795.181504
-0.029303,1,9795.197123
-0.695718,12,9795.478437
-1.200528,14,9795.791633
-3.979058,50,9796.977876
-2.419005,27,9797.602464
-3.21079,50,9798.714584
-5.096635,50,9799.825445
-5.803908,50,9800.977405
-0.884067,13,9801.264087
-3.881872,50,9802.381055
-5.278903,50,9803.489952
-5.932013,50,9804.710917
-1.160998,13,9805.08311
-3.413594,50,9806.193064
-3.150898,50,9807.345173
-4.890615,50,9808.524884
-5.334949,50,9809.604496
-0.365116,7,9809.77633
-0.028129,1,9809.807574
-3.750753,50,9810.923585
-6.717098,50,9812.058956
-0.048545,1,9812.08432
-0.028506,1,9812.108092
-5.038127,50,9813.236708
-5.456761,50,9814.358193
-4.61138,50,9815.50034
-1.608377,18,9815.906646
-5.077739,50,9817.109052
-4.039904,50,9818.217021
-4.961696,50,9819.355436
-0.030257,1,9819.388603
-0.503427,9,9819.599006
-3.188703,50,9820.743267
-3.47179,50,9821.871294
-1.080041,14,9822.186154
-4.862306,50,9823.299141
-5.407734,50,9824.448939
-0.025252,1,9824.485115
-3.877096,50,9825.598065
-6.749803,50,9826.724868
-0.430294,8,9826.901175
-0.04843,1,9826.935253
-0.049251,1,9826.96599
-0.028319,1,9826.981608
-6.354595,50,9828.077919
-2.903978,50,9829.274557
-3.981022,50,9830.429748
-2.854742,50,9831.570169
-0.597325,9,9831.779892
-0.03128,1,9831.795512
-2.561724,50,9832.913134
-3.116163,50,9834.053133
-4.819059,47,9835.147175
-4.761357,50,9836.259126
-2.613359,50,9837.442788
-3.159164,50,9838.598883
-0.042378,1,9838.610954
-1.448895,15,9838.961066
-3.234169,50,9840.120177
-0.027029,1,9840.144228
-6.106562,50,9841.259553
-0.043964,1,9841.290798
-0.031946,1,9841.327446
-3.792894,50,9842.423786
-0.009146,1,9842.439406
-1.093349,12,9842.716478
-3.355906,50,9843.843069
-5.014655,50,9844.957637
-4.854185,50,9846.074008
-4.90893,50,9847.199214
-0.031807,1,9847.223827
-4.255276,50,9848.357074
-3.899108,35,9849.213989
-3.13543,50,9850.33941
-4.992878,50,9851.529138
-0.401705,8,9851.71659
-0.458435,8,9851.904321
-0.660823,9,9852.107401
-5.372949,50,9853.23257
-6.369272,50,9854.354057
-3.412948,41,9855.336873
-3.188421,50,9856.448697
-3.165769,50,9857.65376
-0.040506,1,9857.676216
-2.586431,50,9858.781672
-4.847112,50,9859.915919
-0.842504,11,9860.180119
-1.775017,18,9860.58696
-0.961894,13,9860.867551
-1.047265,12,9861.133971
-5.850461,50,9862.231235
-4.24155,50,9863.365116
-3.429428,50,9864.491198
-6.864159,50,9865.740565
-5.203367,50,9866.830832
-5.659995,50,9867.990416
-0.492265,9,9868.177867
-3.687154,50,9869.319151
-0.041651,1,9869.34624
-4.263046,50,9870.479038
-0.037154,1,9870.494661
-3.272325,50,9871.636598
-4.725983,50,9872.794445
-0.00425,1,9872.827751
-0.744893,10,9873.050487
-4.342822,50,9874.172612
-4.171771,50,9875.316832
-6.287821,50,9876.453602
-5.090407,50,9877.627156
-3.810579,50,9878.74156
-2.60932,50,9879.927185
-5.79993,50,9881.036734
-0.0445,1,9881.052356
-4.987554,50,9882.165675
-6.951521,50,9883.293934
-0.04655,1,9883.309556
-3.922757,50,9884.49973
-5.27895,50,9885.626309
-6.87392,50,9886.870547
-2.876556,50,9888.026901
-4.191839,50,9889.155471
-0.033628,1,9889.186708
-0.467387,8,9889.369197
-3.487017,50,9890.479619
-3.747021,50,9891.632253
-0.017643,1,9891.647878
-0.033851,1,9891.679121
-4.612734,50,9892.791051
-11.729708,50,9893.898984
-4.292535,50,9895.050595
-6.3097,50,9896.16148
-0.023723,1,9896.177104
-0.421531,7,9896.331909
-0.025504,1,9896.363103
-5.09206,50,9897.493786
-2.72102,50,9898.664248
-4.243133,50,9899.790761
-0.870317,13,9900.09555
-2.577755,50,9901.224126
-2.823204,50,9902.362558
-0.043276,1,9902.378721
-5.241309,50,9903.518749
-4.087995,50,9904.690428
-2.919844,50,9905.860917
-0.913088,11,9906.097678
-5.320973,50,9907.225503
-4.984575,50,9908.422304
-0.874939,10,9908.636944
-3.811803,50,9909.748891
-3.105018,50,9910.90576
-6.015365,50,9912.015927
-1.092106,12,9912.288167
-3.687079,50,9913.420982
-3.908085,50,9914.545348
-3.767483,50,9915.722649
-0.602009,9,9915.919948
-0.621643,11,9916.174721
-1.09582,12,9916.435196
-0.045942,1,9916.471146
-4.405229,50,9917.58641
-0.043366,1,9917.617654
-4.660938,50,9921.073452
-0.809152,16,9921.800895
-1.85963,19,9922.246733
-5.425193,50,9923.386214
-0.041323,1,9923.40783
-0.048099,1,9923.432348
-0.049459,1,9923.46359
-0.025485,1,9923.47921
-3.74928,50,9924.684867
-3.563614,50,9926.016287
-3.589179,50,9927.130415
-0.961647,13,9927.429443
-0.040534,1,9927.460685
-0.912539,11,9927.710339
-3.239545,50,9928.865273
-5.210198,50,9929.962438
-0.782127,11,9930.227997
-0.525647,10,9930.447644
-5.337094,50,9931.605494
-3.104811,50,9932.716296
-1.144073,14,9933.060937
-0.02176,1,9933.092182
-0.038138,1,9933.107801
-0.785187,14,9933.429039
-5.419755,50,9934.544239
-0.977371,12,9934.829036
-4.337646,50,9935.940641
-4.372081,50,9937.065277
-3.98543,50,9938.19326
-4.048118,50,9939.342962
-3.203919,50,9940.469601
-0.843682,10,9940.688303
-4.83987,50,9941.810112
-4.709976,50,9942.992289
-4.130518,50,9944.135097
-0.044654,1,9944.15072
-2.947036,50,9945.263713
-0.020459,1,9945.294958
-0.044056,1,9945.310578
-4.454818,50,9946.471834
-0.944757,11,9946.73794
-0.029454,1,9946.769227
-0.662162,9,9947.003878
-5.286549,50,9948.116153
-4.014095,50,9949.242162
-0.019787,1,9949.273405
-4.161879,50,9950.386901
-5.842238,50,9951.50209
-4.980366,50,9952.598393
-0.388326,7,9952.777759
-0.938399,11,9953.010967
-5.302427,50,9954.131982
-3.07578,50,9955.251554
-0.896223,16,9955.603055
-0.765952,9,9955.813723
-3.983332,50,9956.930826
-6.049733,50,9958.039707
-3.735271,50,9959.212749
-0.652612,9,9959.421459
-1.070689,13,9959.713497
-6.777656,50,9960.80983
-5.5787,50,9961.947822
-3.907167,50,9963.058885
-4.231002,50,9964.15418
-0.044699,1,9964.17968
-3.671306,50,9965.325085
-4.446178,50,9966.457012
-0.503033,8,9966.627926
-1.267576,18,9967.050937
-1.55295,26,9967.645018
-6.847463,50,9968.756331
-5.502928,50,9969.892428
-4.18347,50,9971.048399
-5.960476,50,9972.20588
-0.503958,9,9972.391575
-1.11885,14,9972.707677
-3.138609,50,9973.858492
-3.029826,50,9975.015205
-4.838975,50,9976.124977
-1.148209,15,9976.453962
-6.278741,50,9977.564563
-0.027446,1,9977.59581
-0.046998,1,9977.627048
-2.908018,50,9978.889198
-4.191986,50,9980.12048
-0.645956,10,9980.338221
-5.283752,50,9981.497142
-5.28241,50,9982.66631
-0.798581,10,9982.887089
-4.429624,50,9984.042789
-3.202205,50,9985.135924
-0.618351,9,9985.335886
-5.616793,50,9986.46115
-0.019537,1,9986.482795
-0.016295,1,9986.514038
-4.610833,50,9987.6895
-2.942185,50,9988.833273
-0.044592,1,9988.850487
-4.346306,50,9990.024082
-4.06896,50,9991.179864
-0.921651,10,9991.398356
-4.807625,50,9992.571703
-4.191948,50,9993.760589
-5.548012,50,9994.997426
-3.205404,50,9996.170772
-3.735258,50,9997.346084
-1.457386,21,9997.814438
-5.045253,50,9998.925541
-4.296463,50,10000.065654
-3.276876,50,10001.226568
-0.046933,1,10001.242191
-3.952659,50,10002.376979
-0.602111,10,10002.611304
-0.582574,10,10002.83184
-4.558451,50,10004.004923
-4.67482,50,10005.164768
-4.57166,50,10006.293372
-6.042236,50,10007.407411
-4.738952,50,10008.534135
-1.164621,16,10008.891672
-3.606657,50,10010.069079
-0.029604,1,10010.084705
-0.047105,1,10010.115947
-0.019208,1,10010.131569
-0.748975,10,10010.372872
-4.270491,50,10011.529156
-0.034191,1,10011.554252
-2.83894,50,10012.681069
-2.653076,50,10013.791715
-4.408887,50,10014.965253
-4.017946,50,10016.073967
-4.646945,50,10017.168708
-2.719196,40,10018.08855
-0.86295,12,10018.351888
-3.800949,50,10019.509581
-0.018437,1,10019.525232
-3.685985,37,10020.398481
-0.035457,1,10020.415116
-4.333018,50,10021.527073
-4.678306,50,10022.749395
-5.760485,50,10023.913867
-0.015914,1,10023.948128
-4.931246,50,10025.576693
-5.213493,50,10026.958984
-0.048862,1,10026.990226
-3.507811,50,10028.141613
-0.048628,1,10028.15724
-3.321352,50,10029.330567
-5.166828,50,10030.460916
-5.187304,50,10031.589501
-5.349303,50,10032.712315
-4.18746,50,10033.826988
-0.044848,1,10033.84402
-3.677365,50,10034.970337
-4.004961,50,10036.172509
-0.683662,11,10036.422349
-4.445788,50,10037.562675
-4.276066,50,10038.813995
-0.046159,1,10038.841076
-4.13238,50,10039.956213
-6.572945,50,10041.149117
-0.04713,1,10041.180361
-1.133687,13,10041.483169
-5.182068,50,10042.604708
-1.17778,12,10042.872711
-0.041401,1,10042.904724
-2.92415,50,10044.104656
-4.174724,50,10045.215475
-5.804265,50,10046.320197
-0.488531,8,10046.512265
-4.16796,50,10047.622843
-3.149044,50,10048.766304
-4.957802,50,10049.948071
-3.299344,50,10051.100916
-0.040976,1,10051.131305
-4.964387,50,10052.308922
-0.838676,12,10052.57124
-0.025382,1,10052.602485
-3.589319,50,10053.733038
-1.464079,17,10054.117887
-4.748176,50,10055.229604
-1.031472,12,10055.511789
-0.67231,10,10055.714865
-4.131027,50,10056.84869
-3.948095,50,10057.980664
-0.526751,9,10058.187497
-0.030212,1,10058.218739
-4.973482,50,10059.330423
-0.736748,10,10059.552277
-0.046018,1,10059.579819
-0.042186,1,10059.614962
-4.243098,50,10060.787824
-0.049889,1,10060.803445
-3.582173,50,10061.941775
-3.553404,50,10063.06578
-3.9426,50,10064.190101
-0.42218,8,10064.386438
-2.733937,50,10065.537422
-4.111463,50,10066.680606
-5.176437,50,10067.793589
-0.037621,1,10067.826569
-0.018217,1,10067.842557
-4.116984,50,10068.96927
-0.500703,9,10069.173011
-0.440867,8,10069.341897
-0.029918,1,10069.375223
-3.928861,50,10070.47154
-4.501515,50,10071.613588
-0.02141,1,10071.644829
-4.35639,50,10072.823257
-5.466874,50,10073.938243
-4.703175,50,10075.073677
-4.549713,50,10076.215972
-3.431662,50,10077.33763
-0.049043,1,10077.37134
-5.642789,50,10078.51219
-0.031517,1,10078.543434
-3.837683,50,10079.652249
-2.875808,50,10080.768286
-4.423658,50,10081.885452
-4.032098,50,10082.997065
-0.723443,11,10083.247007
-4.977368,50,10084.36754
-4.943985,50,10085.478368
-0.531415,10,10085.691525
-1.333579,21,10086.177712
-4.45202,50,10087.321933
-5.679848,50,10088.413104
-0.848739,10,10088.643551
-0.94694,11,10088.897365
-5.454634,50,10089.990555
-0.040378,1,10090.021793
-3.241521,50,10091.17441
-5.275271,50,10092.301059
-0.549337,9,10092.509818
-0.027215,1,10092.541062
-5.400779,50,10093.66384
-0.036539,1,10093.695083
-5.131531,50,10094.790313
-0.986912,11,10095.019259
-2.838729,50,10096.144251
-6.975142,50,10097.258363
-0.028063,1,10097.277328
-3.501699,50,10098.408097
-5.22287,50,10099.548313
-4.485665,50,10100.675406
-0.044764,1,10100.691028
-4.208374,50,10101.787348
-3.60445,50,10102.939336
-4.403624,50,10104.070074
-4.64436,50,10105.205261
-3.653432,50,10106.388863
-5.322284,50,10107.513763
-0.897104,10,10107.761426
-6.773093,50,10108.854705
-4.032016,50,10110.000724
-3.408959,50,10111.097033
-0.97012,11,10111.370185
-4.917566,50,10112.479836
-4.609159,50,10113.607504
-0.034423,1,10113.623125
-3.540118,50,10114.76488
-0.011592,1,10114.780501
-2.916367,50,10115.962619
-1.169878,16,10116.334176
-0.027009,1,10116.36746
-4.322394,50,10117.495137
-3.75104,50,10118.605633
-5.004891,50,10119.825868
-3.216984,50,10120.944434
-4.184338,50,10122.064381
-0.420747,8,10122.240183
-0.034306,1,10122.271423
-0.044777,1,10122.302662
-0.413929,8,10122.490262
-0.047439,1,10122.505882
-2.042436,25,10123.072916
-1.149791,13,10123.363995
-4.189545,50,10124.473289
-0.022613,1,10124.488913
-1.815336,20,10124.926545
-0.046176,1,10124.957784
-3.174844,50,10126.098054
-0.456366,8,10126.273717
-0.049128,1,10126.304957
-4.498917,50,10127.411094
-1.109333,12,10127.694681
-0.753673,11,10127.955323
-4.359707,50,10129.105339
-0.038845,1,10129.136581
-4.925525,50,10130.265341
-3.23355,50,10131.423153
-0.047381,1,10131.43877
-4.619827,50,10132.532586
-0.495285,9,10132.757553
-0.025277,1,10132.773179
-5.999955,50,10133.943137
-5.6782,50,10135.069055
-0.356033,7,10135.225266
-6.132429,50,10136.390271
-3.992046,50,10137.472686
-5.148862,50,10138.605744
-0.031822,1,10138.636989
-3.765381,50,10139.747701
-0.944363,10,10139.982341
-0.946014,13,10140.296382
-2.807903,50,10141.403371
-0.029181,1,10141.418994
-5.032087,50,10142.558627
-3.018818,50,10143.730218
-0.024289,1,10143.753289
-0.031458,1,10143.784536
-0.584075,9,10143.980267
-1.033415,16,10144.368342
-6.059798,50,10145.483242
-3.190464,50,10146.647761
-3.712267,50,10147.75607
-0.037723,1,10147.787311
-1.000623,15,10148.149309
-0.928478,11,10148.400786
-4.426541,50,10151.749952
-0.043163,1,10151.781194
-0.707082,10,10152.015387
-3.317681,50,10153.188884
-3.921431,50,10154.364547
-5.223111,50,10155.474035
-1.497696,16,10155.846872
-0.66815,11,10156.094367
-3.938015,50,10157.226307
-5.169833,50,10158.378715
-5.083052,50,10159.487664
-6.513957,50,10160.580792
-5.180191,50,10161.689447
-0.768765,11,10161.94033
-1.152157,13,10162.221506
-5.351395,50,10163.359733
-0.008187,1,10163.391867
-5.484516,50,10164.508414
-3.467795,50,10165.639387
-6.936927,50,10166.752358
-4.351821,50,10167.874113
-2.668226,50,10169.015075
-0.986533,11,10169.261254
-0.035816,1,10169.289468
-1.197575,13,10169.588732
-3.255969,50,10170.715227
-3.83542,50,10171.963455
-4.048428,50,10173.099058
-4.862806,50,10174.196408
-5.027477,50,10175.317375
-0.048355,1,10175.336679
-6.616627,50,10176.448271
-3.533155,50,10177.557408
-4.120658,50,10178.697082
-0.506095,10,10178.93168
-0.018976,1,10178.947304
-5.112737,50,10180.073586
-6.715513,50,10181.185513
-0.03117,1,10181.201134
-4.563702,50,10182.332974
-3.025315,50,10183.460489
-3.492703,50,10184.584118
-1.037004,12,10184.848378
-0.898768,11,10185.096385
-5.311667,50,10186.222754
-5.269454,50,10187.347172
-0.013386,1,10187.379237
-0.042475,1,10187.395969
-0.032761,1,10187.411592
-5.134699,50,10188.552487
-0.399314,8,10188.722761
-3.147917,50,10189.845953
-4.76839,50,10190.972347
-5.314532,50,10192.126602
-0.477755,8,10192.294487
-3.702563,50,10193.408586
-0.854849,11,10193.642902
-5.185898,50,10194.77421
-0.021065,1,10194.789833
-6.197139,50,10195.924846
-0.028131,1,10195.940468
-2.725238,50,10197.051392
-2.778594,50,10198.453549
-0.75932,11,10198.710242
-0.020503,1,10198.741478
-0.007307,1,10198.7571
-5.257462,50,10199.906167
-2.474871,21,10200.373771
-0.035229,1,10200.405931
-0.023406,1,10200.437179
-2.647132,50,10201.561466
-5.7487,50,10202.721081
-3.655842,50,10203.801804
-5.435665,50,10204.950484
-4.933775,50,10206.105858
-4.257436,50,10207.319875
-4.931027,50,10208.448559
-0.041827,1,10208.464182
-2.790238,50,10209.648749
-0.460622,8,10209.820586
-0.639908,9,10210.041566
-0.611046,10,10210.275519
-2.648967,50,10211.417917
-0.005634,1,10211.43354
-0.462956,9,10211.636618
-3.224563,50,10212.749971
-2.898786,50,10213.883276
-4.104835,50,10215.008469
-3.754402,50,10216.12808
-0.03174,1,10216.159323
-4.807832,50,10217.270176
-4.243031,50,10218.41214
-3.631675,50,10219.552057
-3.163511,50,10220.679271
-5.657718,50,10221.793328
-5.997066,50,10222.909686
-4.943362,50,10224.020448
-0.737661,10,10224.239148
-1.070087,12,10224.522243
-0.009316,1,10224.537859
-3.623434,50,10225.649821
-3.751927,50,10226.777372
-0.041601,1,10226.808611
-0.04423,1,10226.826496
-4.953914,50,10227.958122
-3.20905,50,10229.085895
-0.491124,7,10229.23958
-0.025946,1,10229.270823
-6.439103,50,10230.390336
-3.75787,50,10231.530936
-3.166011,50,10232.652656
-0.735517,9,10232.856701
-6.562136,50,10233.964307
-2.914395,50,10235.101094
-0.774892,10,10235.32991
-4.234403,50,10236.528383
-4.25844,50,10237.637496
-5.119516,50,10238.767923
-4.058032,50,10239.917748
-0.03729,1,10239.948986
-4.273823,50,10241.057507
-4.286283,50,10242.184973
-0.04349,1,10242.200595
-0.49693,9,10242.401872
-3.553134,50,10243.578986
-0.592345,9,10243.797936
-0.640766,9,10244.000457
-4.794738,50,10245.115643
-0.037869,1,10245.131267
-5.109228,50,10246.275928
-0.565963,8,10246.461147
-7.096264,50,10247.598283
-4.278802,50,10248.709107
-1.204517,12,10248.991173
-0.035218,1,10249.006796
-4.033113,50,10250.210207
-0.725572,11,10250.476405
-2.877298,50,10251.603969
-3.145612,50,10252.730927
-5.115542,50,10253.810621
-3.132251,50,10254.925037
-0.823033,11,10255.192732
-4.691788,50,10256.305686
-4.506982,50,10257.439711
-1.363685,14,10257.736517
-0.404131,8,10257.92515
-0.030053,1,10257.956394
-1.101264,11,10258.206338
-3.284469,50,10259.342948
-0.377136,7,10259.505299
-1.154622,18,10259.908595
-3.492406,50,10261.055269
-1.129744,13,10261.375206
-6.78819,50,10262.638811
-4.713975,50,10263.906201
-0.045834,1,10263.937446
-4.455532,50,10265.171178
-2.578913,50,10266.32267
-5.140302,50,10267.435522
-6.244397,50,10268.562861
-1.132029,14,10268.870317
-5.473739,50,10270.003377
-0.600666,9,10270.191199
-4.952021,50,10271.464713
-6.080212,50,10272.58882
-4.133049,50,10273.749696
-0.036707,1,10273.765319
-0.607859,9,10274.042554
-0.727392,10,10274.298357
-5.437736,50,10275.432907
-0.504889,8,10275.607323
-0.781797,9,10275.800568
-4.622517,50,10276.927352
-4.166277,50,10278.033193
-3.615644,50,10279.159606
-3.565039,50,10280.317424
-4.53964,50,10281.412693
-4.372348,50,10282.552771
-0.026631,1,10282.568392
-4.884809,50,10283.812137
-4.634903,50,10284.957671
-4.354724,50,10286.100563
-4.052243,50,10287.227104
-0.045378,1,10287.242726
-6.487717,50,10288.377784
-0.908351,11,10288.6232
-4.905407,50,10289.736152
-0.020208,1,10289.767395
-0.489018,8,10289.94132
-0.033585,1,10289.972564
-4.29141,50,10291.114906
-2.632016,50,10292.267256
-5.246465,50,10293.4687
-2.996727,50,10294.620582
-4.03457,50,10295.777959
-0.736768,9,10295.983088
-1.079783,12,10296.233182
-5.07262,50,10297.356161
-0.028734,1,10297.389666
-3.89978,50,10298.560964
-0.036037,1,10298.576585
-3.665673,50,10299.721924
-4.017474,50,10300.837713
-4.482436,50,10301.966324
-3.378912,50,10303.074033
-6.664758,50,10304.17035
-2.153418,37,10305.001106
-6.672085,50,10306.14532
-0.013154,1,10306.160943
-0.034006,1,10306.192185
-0.029394,1,10306.207806
-0.526885,10,10306.450496
-4.388898,50,10307.578318
-4.645647,50,10308.714868
-0.044066,1,10308.731441
-5.173646,50,10309.849715
-0.77588,9,10310.049791
-0.423318,8,10310.252873
-6.867145,50,10311.382576
-4.41435,50,10312.524271
-0.023323,1,10312.555513
-5.824795,50,10313.696902
-6.397615,50,10314.808016
-3.513736,50,10315.942653
-2.718473,50,10317.066639
-4.053014,50,10318.191036
-1.070946,12,10318.456989
-5.15227,50,10319.58099
-2.73904,50,10320.705782
-6.162859,50,10321.843708
-3.715352,50,10323.010857
-0.030645,1,10323.038709
-0.031099,1,10323.057318
-0.043483,1,10323.072944
-3.634245,50,10324.205661
-5.505488,50,10325.375101
-2.693289,50,10326.499647
-3.677675,50,10327.68541
-2.834616,50,10328.873511
-5.467317,50,10329.968294
-5.406718,50,10331.095857
-5.749028,50,10332.287501
-5.954233,50,10333.402971
-0.029541,1,10333.418594
-3.035141,50,10334.558896
-4.961215,50,10335.751732
-4.949666,50,10336.869336
-2.737597,50,10338.04356
-0.039974,1,10338.059182
-3.14864,50,10339.170215
-3.539615,50,10340.296655
-1.018113,10,10340.515924
-0.443445,8,10340.719007
-0.763507,9,10340.930527
-0.666535,9,10341.127067
-2.824054,50,10342.318168
-3.870974,50,10343.460505
-4.05718,50,10344.584718
-0.043714,1,10344.615956
-0.401511,8,10344.793918
-4.778918,50,10345.943747
-0.845581,11,10346.212183
-0.04946,1,10346.243426
-3.182529,50,10347.380518
-3.844637,50,10348.540982
-0.786943,11,10348.795478
-4.055051,50,10350.011721
-3.822896,50,10351.124916
-0.02747,1,10351.142665
-0.809579,10,10351.393678
-0.820557,10,10351.630407
-4.10716,50,10352.740792
-3.725678,50,10353.878421
-5.997341,50,10355.008097
-3.479041,50,10356.118696
-3.068099,50,10357.229685
-4.697115,50,10358.405359
-3.878812,50,10359.546934
-0.047588,1,10359.577098
-0.603588,11,10359.840401
-0.752642,10,10360.046847
-0.04979,1,10360.078088
-4.308088,50,10361.188459
-3.024316,50,10362.284805
-5.891629,50,10363.388592
-3.850337,50,10364.559585
-0.049711,1,10364.575207
-0.022892,1,10364.590829
-0.660419,11,10364.886624
-0.81125,11,10365.137501
-4.637187,50,10366.266123
-2.682362,50,10367.386613
-0.030945,1,10367.417857
-0.033991,1,10367.4491
-6.05556,50,10368.552226
-4.578281,50,10369.729863
-0.025985,1,10369.761105
-0.716635,10,10369.98314
-2.536666,50,10371.140949
-5.123105,50,10372.283484
-3.372067,50,10373.399158
-4.542937,50,10374.756979
-0.048223,1,10374.788221
-5.115319,50,10375.944766
-1.560427,15,10376.289368
-2.94521,50,10377.459116
-4.606098,50,10378.567919
-6.659245,50,10379.71864
-5.053892,50,10383.083344
-5.289329,50,10384.226556
-0.038028,1,10384.257801
-0.020453,1,10384.273423
-4.198162,50,10385.392825
-0.032242,1,10385.408453
-0.046168,1,10385.443697
-0.653474,9,10385.6372
-0.652699,9,10385.843558
-0.026374,1,10385.876554
-0.036244,1,10385.907799
-0.036166,1,10385.923424
-0.940695,10,10386.154635
-8.796835,50,10387.251998
-3.455762,50,10388.437717
-3.523075,50,10389.575043
-0.008207,1,10389.606287
-0.591718,10,10389.841401
-0.042795,1,10389.858431
-0.041387,1,10389.874887
-1.725661,21,10390.35809
-2.886143,50,10391.46854
-3.121413,50,10392.597116
-5.139566,50,10393.693452
-5.138469,50,10394.822155
-7.424697,50,10395.951071
-5.037114,50,10397.059859
-5.30876,50,10398.199706
-4.604357,50,10399.417473
-4.846222,50,10400.528784
-0.717493,9,10400.763108
-4.293864,50,10401.868723
-5.30305,50,10402.962894
-4.693184,50,10404.072989
-4.000284,50,10405.2124
-3.999558,50,10406.332983
-2.858564,50,10407.713996
-2.655827,50,10408.856766
-0.028838,1,10408.879365
-0.039903,1,10408.896785
-0.031638,1,10408.928029
-0.023111,1,10408.943653
-0.044249,1,10408.97489
-0.043835,1,10408.990511
-0.713605,10,10409.214788
-3.932554,50,10410.38044
-5.408969,50,10411.489717
-3.366902,50,10412.626244
-2.976536,50,10413.754864
-5.578413,50,10414.878051
-3.810099,50,10416.053294
-4.299059,50,10417.149678
-4.957158,50,10418.277793
-2.994755,50,10419.47261
-5.002683,50,10420.577557
-0.039293,1,10420.596203
-3.887776,50,10421.783352
-4.34168,50,10422.905553
-0.034004,1,10422.921178
-2.879537,50,10424.121738
-0.977396,12,10424.389775
-3.532736,50,10425.514621
-0.841687,14,10425.839277
-6.027162,50,10426.936482
-0.015876,1,10426.967723
-3.729434,50,10428.110901
-3.235711,50,10429.238465
-0.693656,12,10429.52096
-0.925894,11,10429.755893
-5.549507,50,10430.886813
-3.587721,50,10431.982959
-0.709953,10,10432.210168
-6.345384,50,10433.299849
-0.043632,1,10433.335344
-3.534079,50,10434.447376
-0.01661,1,10434.462997
-3.388181,50,10435.661585
-0.039751,1,10435.677205
-5.086011,50,10436.804024
-2.801482,50,10437.898719
-4.449592,50,10438.992073
-0.804475,10,10439.228143
-4.32906,50,10440.381365
-0.024013,1,10440.396993
-4.241119,50,10441.490601
-4.273326,50,10442.615069
-5.193967,50,10443.72387
-4.886814,50,10444.86197
-6.223684,50,10445.977595
-3.950294,50,10447.121805
-4.232643,50,10448.266031
-0.611108,8,10448.439706
-4.530806,50,10449.571905
-5.217786,50,10450.774195
-5.193523,50,10451.906982
-0.027066,1,10451.938224
-1.029859,10,10452.155357
-0.666382,9,10452.390982
-3.639191,50,10453.501817
-2.971738,50,10454.629368
-0.040578,1,10454.645
-3.175412,50,10455.784275
-5.663697,50,10456.905697
-3.385819,50,10458.030049
-0.900851,10,10458.250373
-4.403058,50,10459.372111
-0.672855,10,10459.591323
-0.008121,1,10459.622561
-5.581448,50,10460.747293
-4.869543,50,10461.887364
-0.610557,8,10462.074823
-0.02981,1,10462.090445
-2.788413,50,10463.2645
-0.016152,1,10463.280122
-0.749302,9,10463.484094
-6.539968,50,10464.613725
-1.078244,16,10464.985635
-2.889909,50,10466.195206
-0.029571,1,10466.226447
-6.167856,50,10467.3345
-4.625719,50,10468.492939
-4.369751,50,10469.650161
-0.037327,1,10469.681408
-5.688914,50,10470.807961
-0.029576,1,10470.832588
-0.564905,9,10471.039556
-5.677643,50,10472.24649
-1.050431,11,10472.496091
-4.117731,50,10473.593414
-6.737275,50,10474.722013
-4.429447,50,10475.895602
-4.839131,50,10477.051332
-0.537762,9,10477.26128
-4.596165,50,10478.39424
-3.539682,50,10479.539562
-4.510044,50,10480.744026
-5.363652,50,10481.876806
-0.881035,11,10482.138198
-3.889372,50,10483.263407
-0.036254,1,10483.294655
-5.761404,50,10484.438037
-0.024891,1,10484.469317
-2.663796,50,10485.609499
-4.968258,50,10486.740359
-5.493357,50,10487.872558
-4.240896,50,10488.984359
-2.598202,50,10490.221258
-3.598439,50,10491.323327
-4.639547,50,10492.450169
-0.930591,14,10492.777189
-0.641553,9,10492.982881
-0.03451,1,10492.9985
-4.683012,50,10494.123676
-0.01946,1,10494.159079
-2.5695,50,10495.275133
-0.044161,1,10495.28521
-3.906727,50,10496.401624
-1.876229,36,10497.237702
-0.018203,1,10497.268942
-3.271852,50,10498.400738
-3.677769,50,10499.531976
-3.361213,50,10500.681995
-5.680262,50,10501.808259
-4.550666,50,10502.929601
-0.004871,1,10502.945226
-3.764192,50,10504.296144
-0.908336,15,10504.616148
-1.486861,18,10505.022166
-4.403845,50,10506.146541
-2.545853,50,10507.289481
-4.981009,50,10508.442195
-0.524201,8,10508.62203
-3.508679,50,10509.766254
-0.02058,1,10509.797497
-3.023009,50,10510.909755
-4.908288,50,10512.120736
-2.951112,50,10513.231781
-0.026199,1,10513.260113
-0.045133,1,10513.289739
-5.982488,50,10514.470102
-4.336609,50,10515.596554
-5.602452,50,10516.735776
-0.023828,1,10516.76702
-1.818477,25,10517.3585
-5.632,50,10518.468222
-5.029272,50,10519.60938
-4.789765,50,10520.804593
-6.167443,50,10521.951947
-0.038174,1,10521.967571
-4.671733,50,10523.168391
-0.800158,11,10523.403833
-3.333791,50,10524.577268
-0.042503,1,10524.608506
-4.199131,50,10525.737115
-8.352025,50,10526.886749
-0.494729,9,10527.099885
-0.843678,10,10527.319673
-0.811543,11,10527.585567
-3.627995,50,10528.714685
-0.440108,9,10528.917038
-4.153834,50,10530.041503
-0.658796,9,10530.251754
-1.169783,13,10530.525189
-5.023203,50,10531.665735
-0.00256,1,10531.696979
-4.191105,50,10532.907449
-5.373547,50,10534.043149
-0.820571,11,10534.278889
-0.595081,9,10534.496093
-0.046253,1,10534.513736
-4.774485,50,10535.626704
-0.744586,10,10535.881957
-5.824009,50,10537.022228
-2.714966,50,10538.130653
-0.005865,1,10538.162879
-0.795514,10,10538.380279
-0.796403,10,10538.598978
-6.60275,50,10539.795334
-0.76767,10,10540.005066
-0.021094,1,10540.020685
-1.002111,12,10540.3122
-3.691864,50,10541.425776
-0.044864,1,10541.444803
-0.045392,1,10541.460425
-0.637498,9,10541.663512
-0.02424,1,10541.694742
-4.000042,50,10542.790235
-4.214778,50,10543.909032
-4.514958,50,10545.043765
-0.89447,10,10545.249833
-5.553099,50,10546.423034
-4.649884,50,10547.641661
-0.038341,1,10547.657283
-4.990052,50,10548.807305
-0.044964,1,10548.825193
-0.044874,1,10548.858681
-0.036532,1,10548.875319
-4.086995,50,10550.109056
-4.404155,50,10551.236337
-1.204278,14,10551.550694
-6.783648,50,10552.678276
-0.045758,1,10552.709515
-0.52457,8,10552.873446
-5.892567,50,10553.998717
-0.034963,1,10554.02996
-3.844546,50,10555.151135
-4.43915,50,10556.354788
-3.557093,50,10557.562277
-0.479742,8,10557.734105
-3.620547,50,10558.917982
-5.2403,50,10560.035105
-3.552045,50,10561.177222
-3.778709,50,10562.351513
-4.6674,50,10563.478153
-2.573948,50,10564.633357
-4.455137,50,10565.757065
-3.255549,50,10566.898132
-0.044448,1,10566.929378
-0.027548,1,10566.960623
-0.017294,1,10566.976244
-3.873155,50,10568.116458
-5.541576,50,10569.277137
-0.045419,1,10569.308374
-0.877877,10,10569.604842
-1.905362,20,10570.059797
-5.461614,50,10571.202981
-6.364495,50,10572.331565
-7.717201,50,10573.461417
-4.48501,50,10574.673284
-5.609551,50,10575.794086
-0.473205,7,10575.955882
-0.015406,1,10575.971503
-4.540724,50,10577.123364
-0.527522,8,10577.310818
-0.692914,9,10577.520489
-0.029104,1,10577.536111
-5.445982,50,10578.687897
-3.091691,50,10579.859069
-4.565461,50,10581.015454
-4.777707,50,10582.093395
-0.049726,1,10582.109016
-5.060095,50,10583.290007
-0.733056,10,10583.499927
-0.668408,9,10583.703004
-5.514212,50,10584.856331
-3.06842,50,10585.983787
-5.723188,50,10587.487142
-2.923203,50,10588.646987
-1.15183,14,10588.968918
-3.560586,50,10590.095524
-0.042804,1,10590.13168
-3.985046,50,10591.248732
-0.397883,7,10591.418044
-6.314202,50,10592.526631
-4.620506,50,10593.633371
-3.076145,50,10594.83461
-5.333369,50,10595.9817
-6.498862,50,10597.094639
-0.948892,11,10597.350035
-4.638673,50,10598.444849
-4.098854,50,10599.554037
-4.13094,50,10600.793763
-3.996349,50,10601.927445
-5.0379,50,10603.346468
-0.015763,1,10603.373487
-3.112253,50,10604.491838
-6.71633,50,10605.636306
-3.811116,50,10606.733402
-5.766256,50,10607.877923
-0.021034,1,10607.909168
-0.008025,1,10607.924794
-0.047514,1,10607.956038
-0.001408,1,10607.971654
-0.041925,1,10608.0029
-6.241427,50,10609.141255
-0.016655,1,10609.156879
-0.014781,1,10609.17664
-0.027156,1,10609.212824
-4.423003,50,10610.343088
-0.732415,12,10610.610893
-0.042688,1,10610.641963
-3.622459,50,10614.146225
-4.90755,50,10615.323327
-4.948966,50,10616.420937
-4.436639,50,10617.576953
-3.217055,50,10618.770835
-4.716525,50,10619.96953
-0.020083,1,10619.985147
-3.30087,50,10621.127112
-5.430572,50,10622.238082
-4.680349,50,10623.353303
-4.501666,50,10624.479517
-3.016546,50,10625.618194
-4.980999,50,10626.74793
-6.104158,50,10627.884121
-0.024739,1,10627.899742
-0.886669,10,10628.134064
-3.980707,50,10629.366918
-6.915489,50,10630.493914
-3.653232,50,10631.652704
-5.053856,50,10632.881403
-5.647143,50,10633.990368
-0.885742,11,10634.239876
-0.351434,7,10634.397456
-0.045023,1,10634.428704
-0.76464,10,10634.652789
-5.109185,50,10635.806764
-2.027148,39,10636.681609
-4.821999,50,10637.910147
-5.219233,50,10639.124358
-0.868852,12,10639.428283
-3.026279,50,10640.672233
-3.349134,50,10641.798868
-0.022663,1,10641.843356
-0.031598,1,10641.860023
-3.952424,50,10643.001046
-1.049306,17,10643.391268
-4.296298,50,10644.640952
-0.032107,1,10644.656577
-0.024627,1,10644.672203
-1.383357,15,10645.01546
-4.479307,50,10646.202399
-0.387544,7,10646.357406
-3.743723,50,10647.578035
-0.762034,9,10647.781112
-2.590335,50,10648.971763
-4.254294,50,10650.209699
-3.489651,50,10651.355169
-4.074574,50,10652.503859
-0.028934,1,10652.519484
-0.389628,7,10652.686484
-4.106255,50,10653.837149
-0.020731,1,10653.870679
-0.744172,9,10654.067401
-0.024278,1,10654.098645
-4.316587,50,10655.240751
-0.57766,8,10655.432919
-5.10335,50,10656.588676
-0.048755,1,10656.603967
-10.164478,50,10657.714411
-0.044594,1,10657.745658
-6.11219,50,10658.868027
-4.766283,50,10659.993343
-6.834186,50,10661.153215
-0.36404,7,10661.312709
-3.947947,50,10662.444807
-0.652298,10,10662.663506
-0.991096,12,10662.929453
-1.103447,16,10663.296577
-5.241663,50,10664.42679
-5.193634,50,10665.569393
-0.913744,11,10665.803713
-0.035087,1,10665.830899
-1.231324,13,10666.156969
-4.86496,50,10667.27687
-2.692272,50,10668.441799
-3.237681,50,10669.558115
-0.400464,7,10669.72243
-0.044782,1,10669.753673
-7.580089,50,10670.861783
-2.035231,25,10671.455854
-3.993732,50,10672.594031
-2.900711,50,10673.720526
-4.405044,50,10674.859676
-4.402541,50,10676.000581
-3.738341,50,10677.136251
-4.145005,50,10678.249232
-4.97232,50,10679.390461
-3.234815,50,10680.499413
-5.417508,50,10681.732922
-0.034115,1,10681.748547
-5.620013,50,10682.922056
-0.014475,1,10682.953301
-4.608635,50,10684.079523
-4.846149,50,10685.25395
-5.123486,50,10686.40236
-2.933025,50,10687.52701
-2.906246,44,10688.588523
-4.89128,50,10689.76983
-0.027931,1,10689.783841
-4.024457,50,10690.978243
-4.685834,50,10692.181609
-1.439935,25,10692.734981
-3.71855,50,10693.849485
-0.377977,7,10694.015601
-3.236584,50,10695.128947
-0.397367,7,10695.285161
-3.503488,50,10696.443825
-5.587807,50,10697.570628
-3.592087,50,10698.712756
-0.458721,8,10698.89597
-0.049822,1,10698.911595
-0.034809,1,10698.942835
-5.637972,50,10700.138491
-4.871829,50,10701.264709
-3.88207,50,10702.494394
-0.459778,7,10702.645161
-3.328535,50,10703.798727
-0.031704,1,10703.829968
-2.522919,50,10704.955452
-4.441984,50,10706.048578
-0.029135,1,10706.079823
-4.806845,50,10707.188877
-3.214963,39,10708.094404
-0.006663,1,10708.110028
-0.037722,1,10708.141267
-0.017459,1,10708.172513
-6.471106,50,10709.29303
-0.422643,8,10709.468344
-11.025477,50,10710.59798
-6.354271,50,10711.741188
-0.029789,1,10711.756811
-4.821769,50,10712.889883
-0.029554,1,10712.922025
-4.367093,50,10714.095427
-1.033138,14,10714.421568
-0.75801,11,10714.68035
-0.031204,1,10714.704149
-0.043218,1,10714.719774
-5.060113,50,10715.919443
-0.046867,1,10715.950681
-5.185414,50,10717.068937
-0.99391,11,10717.337802
-2.819161,29,10717.965349
-3.386255,50,10719.103206
-3.631497,50,10720.276577
-4.453965,50,10721.416639
-3.90467,50,10722.525083
-0.657724,10,10722.766385
-4.804199,50,10723.915224
-2.960786,50,10725.055476
-0.025059,1,10725.071096
-3.962919,50,10726.27359
-5.049639,50,10727.477703
-4.998394,50,10728.58964
-1.063116,13,10728.881519
-4.495879,50,10730.030941
-4.995579,50,10731.144556
-5.364808,50,10732.304381
-4.4139,50,10733.472769
-3.003935,50,10734.595003
-0.928366,11,10734.861729
-4.656462,50,10735.956627
-6.25369,50,10737.240839
-0.040511,1,10737.272082
-0.956047,12,10737.570382
-5.906046,50,10738.697935
-0.025804,1,10738.726215
-0.047932,1,10738.741839
-4.643456,50,10739.906788
-3.986113,50,10741.047031
-5.17311,50,10742.186759
-0.018275,1,10742.225587
-5.614291,50,10743.341875
-4.163427,50,10744.500359
-5.090872,50,10745.611345
-3.620495,50,10746.721889
-0.044174,1,10746.753137
-6.46995,50,10747.888241
-0.045088,1,10747.919487
-5.25247,50,10749.05435
-5.05621,50,10750.21793
-5.514233,50,10751.353109
-5.449097,50,10752.479534
-4.986723,50,10753.588381
-1.338976,14,10753.917694
-0.020084,1,10753.933696
-0.013983,1,10753.949323
-2.664412,50,10755.075833
-0.043939,1,10755.107073
-0.553489,8,10755.313431
-0.029933,1,10755.334304
-5.220119,50,10756.516619
-4.998608,50,10757.663003
-1.110292,17,10758.054831
-1.583635,14,10758.366707
-3.567791,50,10759.553915
-3.902041,50,10760.680478
-0.040003,1,10760.711721
-4.629972,50,10761.857687
-4.7899,50,10762.975859
-4.289095,50,10764.140008
-0.512429,8,10764.329437
-3.516486,50,10765.457232
-4.221706,50,10766.623092
-0.0256,1,10766.643746
-4.308692,50,10767.861289
-0.647382,10,10768.096195
-0.608728,8,10768.28975
-3.799293,50,10769.470563
-0.670868,10,10769.68926
-0.042926,1,10769.710107
-0.028218,1,10769.741352
-2.560868,24,10770.29266
-0.039854,1,10770.318038
-0.033907,1,10770.340785
-4.13287,50,10771.471447
-2.642423,50,10772.676089
-0.616918,9,10772.890667
-5.214979,50,10774.023993
-0.036641,1,10774.056557
-6.101803,50,10775.169518
-3.415678,44,10776.16688
-0.902231,18,10776.54827
-4.960276,50,10777.674829
-4.443878,50,10778.83532
-5.00085,50,10779.981602
-5.381276,50,10781.149087
-1.854914,18,10781.563073
-2.762047,50,10782.715287
-0.527868,9,10782.917864
-0.887243,16,10783.27707
-0.019543,1,10783.308316
-4.056249,50,10784.51078
-0.587023,10,10784.750379
-4.047995,50,10785.916443
-0.405303,8,10786.088278
-0.014835,1,10786.119521
-0.723221,10,10786.350267
-4.554484,50,10787.461867
-4.738177,50,10788.618004
-0.874558,9,10788.81806
-5.444772,50,10789.915906
-4.454903,50,10791.092484
-6.332709,50,10792.189821
-0.022289,1,10792.221068
-5.379594,50,10793.347767
-0.03779,1,10793.364713
-4.454704,50,10794.474281
-4.723225,50,10795.608095
-2.573889,50,10796.719035
-3.029688,50,10797.814417
-4.248764,50,10798.960211
-0.036835,1,10798.99146
-5.389432,50,10800.135703
-0.03989,1,10800.151325
-2.991667,35,10800.939731
-0.041619,1,10800.97097
-4.887754,50,10802.079273
-4.55233,50,10803.239236
-0.048384,1,10803.25486
-4.250499,50,10804.358796
-1.704887,16,10804.712798
-0.607901,9,10804.92192
-0.53716,8,10805.093757
-0.048415,1,10805.124995
-0.65769,9,10805.326094
-4.313925,50,10806.484812
-0.510792,10,10806.719128
-5.453531,50,10807.856828
-3.030247,39,10808.740587
-3.309554,50,10809.839039
-1.409744,14,10810.150248
-3.190801,50,10811.654493
-0.033264,1,10811.688398
-0.041546,1,10811.703561
-4.833088,50,10812.798862
-0.854831,11,10813.043926
-1.000053,13,10813.353875
-0.569235,9,10813.54343
-0.046072,1,10813.574671
-3.948308,50,10814.801345
-5.18463,50,10815.950313
-4.798651,50,10817.218464
-5.420289,50,10818.315827
-0.040327,1,10818.33476
-0.044438,1,10818.368202
-0.581261,8,10818.559513
-5.395273,50,10819.710168
-0.483022,8,10819.88419
-4.711168,50,10820.997007
-0.021414,1,10821.028249
-4.925859,50,10822.283927
-3.107709,50,10823.428676
-0.014515,1,10823.444295
-3.376304,50,10824.580926
-1.390723,14,10824.948972
-6.029973,50,10826.167941
-0.048196,1,10826.204634
-0.040412,1,10826.249844
-0.991288,13,10826.611433
-4.558672,50,10827.798366
-0.04507,1,10827.813987
-5.149644,50,10829.113626
-4.589221,50,10830.739468
-3.799323,50,10831.877751
-4.436858,50,10833.017543
-2.77619,50,10834.224192
-3.66069,50,10835.359288
-0.776919,10,10835.60362
-2.054362,21,10836.088781
-2.246724,30,10836.844879
-3.500499,50,10838.000308
-0.005324,1,10838.01593
-4.196051,50,10839.173909
-0.04275,1,10839.206787
-4.10054,50,10840.497664
-5.394735,50,10841.78935
-3.118962,50,10843.237029
-3.157754,50,10844.617498
-6.316558,50,10845.870201
-0.039412,1,10845.907213
-0.021435,1,10845.932038
-4.563486,50,10850.777449
-4.747936,50,10852.082023
-4.283297,50,10853.35747
-0.030287,1,10853.387308
-0.040159,1,10853.412479
-5.247115,50,10854.672403
-1.877138,16,10855.131993
-5.278291,50,10856.477992
-4.192676,50,10857.660148
-0.016837,1,10857.675771
-0.817511,11,10857.929664
-3.651406,50,10859.07934
-4.248229,50,10860.234673
-0.603908,9,10860.432044
-2.982032,50,10861.637033
-0.035816,1,10861.652654
-5.368187,50,10862.764508
-5.535557,50,10863.908497
-1.232914,14,10864.222032
-2.754783,50,10865.658716
-0.857986,10,10865.892623
-5.053397,50,10867.048009
-0.91088,10,10867.271848
-4.659856,50,10868.390679
-5.629923,50,10869.519277
-0.554473,8,10869.70673
-0.040567,1,10869.737977
-4.26165,50,10870.906339
-3.371962,50,10872.030772
-1.963331,23,10872.561651
-4.895662,50,10873.695452
-1.165266,12,10873.96825
-2.887058,25,10874.51567
-0.729747,9,10874.748853
-3.72015,50,10875.854678
-0.042562,1,10875.888037
-4.748636,50,10877.097873
-4.595622,50,10878.208778
-4.593728,50,10879.352822
-4.005609,50,10880.479391
-0.033811,1,10880.510633
-3.159481,50,10881.649264
-2.750655,50,10882.851077
-0.04162,1,10882.867857
-3.500153,50,10883.993268
-1.445914,15,10884.333508
-4.947312,50,10885.784095
-0.540846,10,10886.007949
-0.858773,11,10886.271468
-4.952467,50,10887.381999
-2.858417,50,10888.545811
-4.269475,50,10889.674397
-5.254219,50,10890.787382
-0.020655,1,10890.818628
-0.726978,9,10891.039474
-0.674162,8,10891.226695
-2.709133,50,10892.426167
-0.529241,9,10892.621014
-0.041516,1,10892.652255
-1.623839,19,10893.191337
-3.594097,50,10894.312869
-1.103074,13,10894.612751
-3.59682,50,10895.77131
-6.107816,50,10896.909563
-0.971297,15,10897.25902
-5.269329,50,10898.422845
-7.187647,50,10899.569923
-0.01689,1,10899.585544
-0.044747,1,10899.616789
-3.819171,50,10900.755079
-0.667847,9,10900.953109
-4.104238,50,10902.089092
-1.210353,13,10902.390618
-4.470231,50,10903.56233
-4.526211,50,10904.750794
-2.882636,50,10905.889251
-0.004026,1,10905.920495
-3.04295,50,10907.087176
-0.037926,1,10907.123632
-1.203749,14,10907.450777
-4.678536,50,10908.575323
-3.289138,50,10911.406023
-4.089587,50,10913.92533
-0.674014,10,10914.22842
-0.695406,9,10914.471193
-0.655946,9,10914.710999
-3.919768,50,10915.985192
-3.315837,50,10917.285418
-5.015452,50,10918.497264
-0.049197,1,10918.520203
-4.520521,50,10919.633225
-0.019855,1,10919.653171
-3.631849,50,10920.768192
-4.697249,50,10921.871242
-5.137916,50,10922.972297
-0.044144,1,10922.992243
-4.638501,50,10924.188046
-4.975466,50,10925.303065
-4.747809,50,10926.484905
-3.369346,50,10927.583965
-2.916283,50,10929.578963
-4.439568,50,10934.690205
-3.16557,50,10938.611047
-4.912149,50,10942.704281
-0.458775,9,10943.377368
-3.858719,50,10946.879235
-5.473283,50,10949.895616
-3.868755,50,10952.562366
-0.025315,1,10952.610504
-3.486276,50,10955.067629
-4.78275,50,10957.673666
-5.94565,50,10960.292845
-5.31221,50,10962.955108
-4.30905,50,10965.515652
-4.314541,50,10968.22973
-0.724288,11,10968.800972
-3.625496,50,10971.465428
-1.642705,18,10972.351863
-0.030377,1,10972.402543
-4.539227,50,10974.914349
-1.131276,17,10975.749013
-3.318649,50,10978.239285
-0.993338,14,10978.931671
-0.419199,8,10979.375928
-6.532378,50,10981.935825
-3.042231,50,10984.526123
-2.910121,50,10987.072655
-2.976264,50,10989.627773
-1.757227,24,10990.88304
-4.840394,50,10993.645621
-4.542548,50,10996.525169
-3.178576,50,10998.989232
-1.714022,29,11000.465291
-0.411308,8,11000.846941
-3.499064,50,11003.527828
-0.020381,1,11003.590744
-0.7947,9,11004.033977
-0.516389,9,11004.475294
-4.335634,50,11007.162095
-0.048198,1,11007.208956
-0.025733,1,11007.25582
-1.470379,20,11008.27545
-6.557308,50,11010.718794
-1.036554,11,11011.300441
-4.028728,50,11013.862266
-1.05632,13,11014.505729
-1.062966,12,11015.155678
-3.219507,50,11017.923401
-4.918775,50,11020.495261
-0.04772,1,11020.542127
-4.713442,50,11022.974937
-0.039744,1,11023.024042
-2.597084,29,11024.516838
-3.231033,50,11027.171496
-1.146117,13,11027.8537
-4.462426,50,11030.366664
-0.02098,1,11030.413495
-0.009526,1,11030.461706
-0.046631,1,11030.530458
-3.903947,50,11032.966203
-3.214097,50,11035.552654
-4.168077,50,11038.070358
-1.015084,13,11038.743424
-5.240029,50,11041.216635
-4.309688,50,11043.781581
-0.048678,1,11043.81282
-0.043938,1,11043.884618
-0.008957,1,11043.931451
-0.038206,1,11043.993936
-3.937877,50,11046.561062
-0.78563,13,11047.261216
-4.25645,50,11049.800463
-0.047461,1,11049.831708
-5.776255,50,11052.353934
-0.620974,10,11052.909977
-0.038335,1,11052.972513
-3.785362,50,11055.42179
-4.02014,50,11058.092803
-3.956117,50,11060.540699
-2.666509,35,11062.32757
-4.578874,50,11064.772312
-0.03805,1,11064.829485
-1.194883,15,11065.593485
-0.313352,6,11065.890291
-0.576645,10,11066.381549
-0.027472,1,11066.428376
-4.281927,50,11069.058566
-5.065699,50,11071.586485
-2.984581,50,11074.341407
-0.704714,8,11074.749034
-1.969515,19,11075.680293
-4.089172,50,11078.170427
-5.403167,50,11080.719136
-3.81158,50,11083.228907
-5.582862,50,11086.197223
-0.013826,1,11086.255544
-0.56533,10,11086.838479
-5.229859,50,11089.53837
-5.508103,50,11092.081918
-0.920526,11,11092.582742
-5.716366,50,11095.053876
-0.695273,8,11095.44873
-1.480532,15,11096.285281
-5.144361,50,11099.017979
-4.66494,50,11101.503637
-2.794542,50,11104.10247
-6.137147,50,11106.613322
-0.030121,1,11106.691419
-5.617505,50,11109.31068
-4.111271,50,11111.903414
-3.731016,50,11114.392819
-3.637231,50,11117.021661
-3.193785,50,11120.415274
-3.8346,50,11123.008469
-24.539192,50,11125.552361
-2.55339,50,11128.11726
-0.032449,1,11128.164157
-5.957745,50,11130.701545
-4.170026,50,11133.223444
-4.688123,50,11135.925242
-2.87835,50,11138.559146
-3.786132,50,11141.040168
-0.013346,1,11141.10959
-4.675838,50,11143.724835
-0.042231,1,11143.772907
-6.14668,50,11146.203588
-0.526119,8,11146.627806
-4.824926,50,11149.115609
-2.644593,50,11151.483752
-0.538273,9,11151.992637
-4.336207,50,11154.480358
-4.398345,50,11156.927854
-0.029923,1,11156.97589
-3.050298,50,11159.499426
-0.03747,1,11159.564173
-4.688487,50,11162.083708
-0.049573,1,11162.131414
-0.650875,9,11162.594608
-0.023127,1,11162.640882
-1.108657,13,11163.327939
-3.065823,50,11165.725319
-0.498618,10,11166.230124
-0.724564,10,11166.724619
-3.851825,50,11169.511287
-0.499397,9,11170.025093
-0.625534,9,11170.571834
-5.453326,50,11173.271198
-0.744693,12,11173.837501
-2.811555,50,11176.321308
-4.392053,50,11178.830673
-5.896893,50,11181.421117
-0.04721,1,11181.487361
-0.040994,1,11181.549889
-5.137271,50,11184.186428
-0.034261,1,11184.233052
-0.366498,7,11184.584736
-1.02617,12,11185.167364
-2.670335,50,11187.697462
-0.024372,1,11187.767858
-6.805081,50,11190.31413
-0.643995,8,11190.684979
-5.621404,50,11193.173067
-6.832135,50,11195.857833
-3.459308,50,11198.379977
-0.764101,10,11198.851428
-0.878448,10,11199.386165
-4.365061,50,11201.906035
-3.774238,50,11204.578621
-3.968448,50,11206.968221
-3.452081,50,11209.481996
-3.55024,50,11211.94821
-5.996333,50,11214.329642
-4.015922,50,11216.810225
-7.181074,50,11219.356681
-6.01894,50,11221.863844
-0.042523,1,11221.910707
-4.394212,50,11224.588227
-3.48004,50,11227.096029
-1.785178,21,11228.169623
-5.288751,50,11230.725987
-0.021373,1,11230.788476
-4.669769,50,11233.548402
-5.910623,50,11236.056494
-2.086955,24,11237.278075
-0.518707,8,11237.678267
-0.032365,1,11237.72513
-0.025705,1,11237.774974
-5.848888,50,11240.263568
-4.407084,50,11242.680638
-4.677833,50,11245.092667
-0.85639,10,11245.62782
-3.412169,50,11248.045714
-4.598363,50,11250.628623
-6.005834,50,11253.195861
-0.956081,12,11253.828079
-0.018914,1,11253.874911
-1.674835,22,11255.059552
-4.231479,50,11257.757201
-0.60508,12,11258.38822
-3.173075,50,11260.941532
-0.697538,10,11261.395841
-4.976953,50,11263.996973
-0.010783,1,11264.040972
-4.958819,50,11266.667994
-0.515721,8,11267.085166
-0.86773,10,11267.651685
-0.007837,1,11267.724829
-0.640461,9,11268.181698
-3.180909,50,11270.773063
-0.830315,14,11271.482996
-1.281376,12,11272.045879
-0.387604,7,11272.409783
-3.803205,50,11274.88106
-4.990446,50,11277.539732
-3.405833,50,11280.102118
-0.615474,9,11280.614672
-0.040948,1,11280.661534
-0.029628,1,11280.708398
-4.220763,50,11283.130705
-5.203068,50,11290.718538
-0.031373,1,11290.765488
-0.893216,12,11291.415638
-2.533001,50,11293.965911
-0.028147,1,11293.997126
-4.188109,50,11296.567197
-0.389059,8,11296.983845
-5.664585,50,11299.39728
-3.704143,50,11302.057431
-0.477066,8,11302.536086
-1.435108,17,11303.602818
-0.671436,9,11304.02863
-4.450901,50,11306.549209
-0.037861,1,11306.596078
-6.099392,50,11309.21336
-0.017424,1,11309.274875
-3.944817,44,11311.532348
-4.198055,50,11314.10009
-5.636594,50,11316.606787
-0.046113,1,11316.679939
-3.742024,50,11319.203097
-0.012854,1,11319.234336
-4.948369,50,11321.684142
-0.042811,1,11321.75612
-3.821295,50,11324.310836
-0.030196,1,11324.357699
-4.633773,50,11326.78502
-3.23138,50,11329.406005
-1.222081,23,11330.64066
-0.042049,1,11330.704318
-5.059711,50,11333.307215
-5.476238,50,11335.685652
-3.439486,50,11338.123756
-4.333404,50,11340.601742
-4.59467,50,11343.119033
-3.852183,50,11345.633156
-0.037216,1,11345.695649
-5.287487,50,11348.246922
-3.894197,50,11350.724236
-4.730952,50,11353.22913
-4.275028,50,11355.669267
-0.017614,1,11355.700473
-3.834464,50,11358.250573
-5.634674,50,11360.994388
-0.038368,1,11361.025598
-4.788327,50,11363.367088
-0.944421,10,11363.937654
-0.606003,9,11364.338744
-2.623863,50,11366.966002
-5.321443,50,11369.472646
-1.784772,19,11370.416003
-3.4069,50,11372.93264
-0.937186,11,11373.462087
-6.496492,50,11375.989784
-0.524464,10,11376.512452
-0.012995,1,11376.586668
-3.002543,50,11379.061063
-5.845417,50,11381.526464
-4.815799,50,11384.115806
-4.668877,50,11386.57069
-4.686105,50,11389.082017
-0.766561,10,11389.592636
-2.870403,50,11392.065124
-0.605012,9,11392.493964
-2.864194,50,11395.028847
-6.371887,50,11397.645838
-0.72568,12,11398.245806
-3.881475,50,11400.679097
-2.856184,50,11403.317014
-3.643788,50,11405.798563
-0.859011,10,11406.3062
-0.846874,11,11406.840044
-0.04544,1,11406.886907
-0.046683,1,11406.93377
-2.833995,50,11409.350102
-6.433013,50,11411.821017
-0.610629,9,11412.306705
-0.661878,10,11412.804805
-0.638424,9,11413.204136
-0.827274,10,11413.669612
-0.532929,9,11414.05806
-4.340113,50,11416.451218
-0.474889,8,11416.866269
-4.634008,50,11419.399182
-4.897293,50,11421.991576
-0.852799,10,11422.511967
-5.830026,50,11425.032099
-3.267328,50,11427.720319
-5.466401,50,11430.119451
-3.609827,50,11432.696933
-3.396797,50,11435.281263
-4.611472,50,11438.101643
-4.11334,50,11440.831412
-0.885757,11,11441.303371
-3.878262,50,11443.870207
-2.88733,27,11445.220286
-4.302765,50,11447.742105
-4.485617,50,11450.359535
-6.444814,50,11452.813187
-7.128634,50,11455.159505
-5.084695,50,11457.798534
-0.001464,1,11457.8602
-0.855757,11,11458.410931
-1.958987,17,11459.319583
-1.286404,14,11459.950109
-1.781151,21,11461.004706
-4.822702,50,11463.295953
-0.026576,1,11463.338117
-0.539894,9,11463.79456
-0.02547,1,11463.825805
-0.026252,1,11463.872667
-0.0319,1,11463.938143
-0.721328,10,11464.407977
-0.04482,1,11464.471656
-5.241612,50,11466.998078
-0.029168,1,11467.060043
-4.301615,50,11469.545036
-3.995825,50,11472.013253
-2.848829,50,11474.581129
-2.75875,50,11477.210834
-4.607067,50,11479.573156
-0.038477,1,11479.604399
-0.451718,8,11479.948069
-6.13844,50,11482.706509
-0.049033,1,11482.768998
-0.045176,1,11482.815828
-0.043367,1,11482.847073
-2.685892,50,11485.488268
-0.031695,1,11485.552033
-0.01802,1,11485.598868
-2.675966,50,11488.185314
-0.827342,11,11488.760365
-1.744967,19,11489.706821
-4.994411,50,11492.414536
-3.206966,50,11494.95523
-3.640615,50,11497.479883
-4.227021,50,11500.01138
-3.788921,50,11502.580488
-0.017121,1,11502.643014
-0.971302,14,11503.392003
-4.806815,50,11505.85007
-1.182915,12,11506.436045
-4.02315,50,11509.116447
-0.026369,1,11509.188141
-2.910461,50,11511.739159
-3.415569,50,11514.323492
-4.329184,50,11516.8981
-0.649283,9,11517.308679
-0.016898,1,11517.355574
-5.012352,50,11519.948907
-4.229746,50,11522.509421
-0.521851,10,11522.968039
-6.022203,50,11525.517645
-2.158412,31,11527.274626
-0.608694,11,11527.782974
-5.070312,50,11530.397698
-0.801507,11,11530.986828
-1.015547,12,11531.616376
-3.253145,50,11534.139501
-4.909938,50,11536.596383
-1.240514,13,11537.305319
-0.83913,11,11537.875069
-3.08155,50,11540.406481
-0.039795,1,11540.452209
-0.818721,11,11540.957083
-4.378134,50,11543.323322
-4.079678,50,11545.779499
-4.930886,50,11548.260009
-0.595698,11,11548.807151
-0.047493,1,11548.854066
-0.017305,1,11548.900923
-2.524356,50,11551.421918
-4.257981,50,11553.94647
-0.042539,1,11554.008976
-0.738627,10,11554.479963
-4.720636,50,11557.084844
-6.847064,50,11559.813029
-2.798197,50,11562.29598
-4.647882,50,11564.951529
-4.620874,50,11567.526855
-3.351878,50,11569.868197
-0.445819,8,11570.230628
-4.98185,50,11572.714315
-5.518471,50,11575.185065
-0.431032,7,11575.59203
-0.004147,1,11575.623233
-4.630077,50,11578.206674
-4.882981,50,11580.71194
-2.272292,32,11582.307044
-4.777669,50,11584.777196
-4.008967,50,11587.145703
-5.502989,50,11589.619831
-0.038614,1,11589.68353
-5.015821,50,11592.15898
-0.3995,8,11592.618129
-5.968344,50,11595.181086
-3.341605,50,11597.629441
-4.545592,50,11600.163754
-0.387422,8,11600.568757
-1.23159,13,11601.187486
-4.993275,50,11603.570663
-0.800571,12,11604.220515
-3.763466,50,11606.759332
-0.041484,1,11606.828323
-4.711542,50,11609.426492
-0.829528,12,11610.03419
-1.206584,14,11610.767416
-0.416118,8,11611.166458
-5.569015,50,11613.733861
-0.549806,8,11614.080153
-4.05163,50,11616.566519
-1.11378,12,11617.16613
-5.960793,50,11619.665506
-2.591124,30,11621.161848
-3.534165,50,11623.802938
-3.381401,50,11626.316404
-0.582791,8,11626.775086
-0.492088,9,11627.255901
-0.686783,10,11627.748125
-0.041949,1,11627.800866
-0.039835,1,11627.864515
-1.702171,22,11628.998092
-1.037229,11,11629.521569
-6.386883,50,11632.172605
-2.58856,34,11633.922359
-3.714943,50,11636.379056
-0.854007,10,11636.881566
-3.57898,50,11639.486173
-1.607035,25,11640.825437
-2.400303,28,11642.103479
-10.068548,50,11644.627208
-4.961477,50,11647.126971
-5.17709,50,11649.51674
-0.531409,9,11649.960532
-3.423866,50,11652.421981
-0.042461,1,11652.480624
-6.267973,50,11654.890651
-1.369493,19,11655.825428
-3.687361,50,11658.161488
-5.069222,50,11660.749669
-0.4388,9,11661.240516
-0.036105,1,11661.287384
-2.817141,50,11663.712663
-3.337747,36,11665.583043
-0.708635,9,11666.009885
-0.02502,1,11666.087993
-0.7025,10,11666.561058
-0.042565,1,11666.622032
-3.873372,50,11668.990118
-0.749199,9,11669.368849
-3.852918,50,11671.829807
-2.59359,50,11674.514812
-0.758537,14,11675.283898
-0.047477,1,11675.330765
-4.384885,50,11677.90468
-2.844692,50,11680.398188
-5.019813,50,11682.863586
-0.049199,1,11682.894829
-5.699603,50,11685.286388
-4.249474,50,11688.089136
-3.504377,50,11690.576748
-1.159996,18,11691.454329
-0.0436,1,11691.501193
-3.500703,50,11694.084098
-4.421816,50,11696.618101
-0.704647,10,11697.055498
-0.033541,1,11697.102357
-0.022531,1,11697.161605
-0.960503,11,11697.710788
-1.821609,23,11698.822255
-1.003729,11,11699.34014
-4.246244,50,11701.844012
-1.533181,23,11702.951431
-4.911164,50,11705.533506
-4.816536,50,11708.003037
-2.849062,50,11710.681645
-3.576177,50,11713.224177
-0.481348,8,11713.58024
-0.675956,11,11714.133794
-0.020793,1,11714.204966
-4.282124,50,11716.619399
-0.511514,8,11717.012519
-0.639314,9,11717.440265
-5.384425,50,11719.902432
-5.031254,50,11722.327246
-1.113415,17,11723.153136
-4.081423,50,11725.672654
-5.031572,50,11728.159313
-0.041036,1,11728.221845
-3.735912,50,11730.668136
-4.466119,50,11733.187161
-0.031483,1,11733.254766
-2.797351,50,11735.610638
-1.476653,18,11736.515041
-5.185095,50,11739.267676
-0.038334,1,11739.329149
-0.799977,13,11739.993918
-2.840667,50,11742.34166
-4.158755,50,11745.002543
-0.04486,1,11745.049038
-5.221145,50,11747.561446
-0.684643,9,11747.949504
-1.548253,20,11749.002754
-0.512515,8,11749.435295
-0.722487,10,11749.9177
-0.372992,7,11750.301268
-3.154013,50,11752.782161
-6.009768,50,11755.275486
-0.554785,8,11755.654921
-5.394819,50,11758.127058
-1.122305,15,11758.923611
-1.166428,12,11759.623933
-3.890565,50,11762.141218
-0.78231,11,11762.69425
-1.386482,12,11763.29046
-1.314193,16,11764.089509
-1.116897,16,11764.920038
-4.519038,50,11767.370368
-0.048642,1,11767.420468
-3.545045,50,11770.124018
-0.347765,7,11770.485646
-0.04235,1,11770.532511
-1.227874,12,11771.144917
-0.040258,1,11771.197664
-0.837799,10,11771.68974
-4.041988,50,11774.053006
-4.199419,50,11776.557216
-0.371634,7,11776.957755
-5.462952,50,11779.437734
-1.993002,31,11781.161619
-4.805417,50,11783.68836
-5.221781,50,11786.186519
-5.467606,50,11788.677831
-0.912734,10,11789.120846
-5.8931,50,11791.78326
-6.677823,50,11794.289476
-5.486596,50,11803.07281
-1.417921,15,11803.824463
-4.948035,50,11806.170373
-0.679626,9,11806.614919
-0.351649,7,11807.024469
-4.188614,50,11809.522533
-0.343506,7,11809.867404
-0.044298,1,11809.93691
-0.040317,1,11809.999445
-3.830934,50,11812.432148
-4.83616,50,11815.329663
-2.554854,50,11818.044087
-1.128781,13,11818.802606
-3.436521,50,11821.237658
-1.429998,13,11821.910248
-4.025312,50,11824.634833
-4.390641,50,11827.217813
-3.163495,32,11828.852631
-4.574609,50,11831.355994
-0.026521,1,11831.425541
-4.912361,50,11834.001954
-4.511139,50,11836.950859
-0.044693,1,11836.997721
-0.446392,8,11837.430128
-0.031997,1,11837.448242
-3.367704,50,11840.239437
-2.968048,50,11842.880423
-0.041015,1,11842.943363
-3.458786,50,11845.448698
-5.279885,50,11848.177127
-4.191228,50,11850.745236
-0.022587,1,11850.807037
-0.025374,1,11850.838244
-3.34854,50,11853.378312
-0.672161,13,11854.014372
-4.632746,50,11856.520055
-0.689434,9,11856.927449
-0.014651,1,11856.974314
-4.061671,50,11859.513288
-0.037948,1,11859.5893
-5.309488,50,11862.149671
-4.290307,50,11864.622476
-4.414327,50,11867.410517
-1.399121,14,11868.14471
-2.502277,50,11870.74398
-4.91375,50,11873.302546
-0.429692,8,11873.773417
-1.068042,18,11874.663942
-10.114955,50,11877.232606
-5.61707,50,11879.857596
-0.606151,9,11880.380184
-2.883318,50,11882.936676
-4.282778,50,11885.378988
-0.51461,10,11885.851789
-4.217957,50,11888.35993
-5.321753,50,11890.999892
-4.303269,50,11893.475888
-2.6514,50,11896.218544
-3.093975,50,11898.799174
-4.195707,50,11901.36799
-2.762177,50,11904.027961
-2.657221,50,11906.610694
-4.469304,50,11909.062297
-2.824113,50,11911.670333
-0.592371,9,11912.135259
-4.650843,50,11914.738486
-0.5335,9,11915.17677
-4.206105,50,11917.819304
-4.478671,50,11920.377394
-3.227757,50,11922.977492
-8.514528,50,11925.547859
-5.484984,50,11928.0945
-2.507707,50,11930.677466
-0.830868,10,11931.218047
-3.307699,50,11933.71779
-3.940965,50,11936.150504
-0.733662,12,11936.798593
-0.029499,1,11936.847678
-3.114391,50,11939.512475
-0.039044,1,11939.574777
-0.034073,1,11939.621638
-4.291772,50,11942.086965
-4.126351,50,11944.667052
-0.040072,1,11944.711905
-0.62789,9,11945.185513
-4.665315,50,11947.67174
-0.045706,1,11947.721813
-3.752416,50,11950.145428
-3.4101,50,11952.699147
-3.312088,50,11955.228511
-3.151422,50,11957.718173
-0.034431,1,11957.792743
-3.855479,50,11960.245222
-0.024871,1,11960.292086
-3.352435,50,11962.964521
-0.04382,1,11963.020998
-0.653316,8,11963.642163
-4.017661,50,11966.239695
-5.542204,50,11968.765761
-4.169656,50,11971.485936
-4.404229,50,11973.99555
-0.03737,1,11974.058035
-0.806602,11,11974.637031
-0.762543,11,11975.139139
-3.760149,50,11977.656167
-4.928083,50,11980.102812
-5.730254,50,11982.744699
-3.224427,50,11985.435616
-5.183322,50,11987.950765
-2.688241,50,11990.45596
-3.808842,50,11992.984189
-0.042122,1,11993.041354
-0.030181,1,11993.104986
-2.55962,32,11994.797246
-1.429782,17,11995.58859
-1.114154,11,11996.09069
-0.64929,10,11996.531353
-0.015259,1,11996.578215
-0.025945,1,11996.628272
-0.926748,15,11997.411683
-3.726189,50,11999.991089
-4.882411,50,12002.41035
-3.811974,50,12004.87199
-0.046374,1,12004.944387
-3.919453,50,12007.293051
-0.047741,1,12007.343786
-3.874048,50,12009.858896
-4.915164,50,12012.341753
-0.036828,1,12012.405401
-4.280305,50,12014.967714
-3.072677,50,12017.534208
-3.139856,50,12020.144101
-3.410326,50,12022.632332
-3.835505,50,12025.051491
-5.111353,50,12027.700036
-2.836063,50,12030.223501
-5.499825,50,12032.818352
-4.43077,50,12035.185557
-4.021193,50,12037.648024
-0.04748,1,12037.714825
-4.062034,50,12040.228509
-3.933048,50,12042.907732
-0.042173,1,12042.954595
-1.352415,21,12044.043145
-3.744374,50,12046.503508
-1.045977,18,12047.410264
-0.500038,8,12047.865659
-0.047528,1,12047.93025
-0.854533,16,12048.789655
-0.910319,12,12049.357546
-0.809996,10,12049.928814
-7.891548,50,12052.525803
-4.781885,50,12054.994809
-4.167686,50,12057.567048
-0.04588,1,12057.613912
-0.489327,8,12058.015517
-0.036318,1,12058.046721
-0.030158,1,12058.110403
-0.020147,1,12058.178061
-3.602604,50,12060.530378
-0.014523,1,12060.562711
-5.093104,50,12063.099031
-0.650384,9,12063.570242
-4.075249,50,12066.081465
-1.324076,17,12066.933913
-0.765556,10,12067.437943
-0.460278,8,12067.82848
-4.810843,50,12070.402547
-4.88699,50,12073.046469
-0.876305,15,12073.890023
-1.617606,17,12074.848027
-0.539744,10,12075.385451
-0.044723,1,12075.447937
-4.567044,50,12077.870088
-0.048435,1,12077.933804
-0.353799,7,12078.302732
-3.848559,50,12080.717387
-0.046154,1,12080.779871
-0.006458,1,12080.826735
-5.419946,50,12083.527004
-0.715989,9,12083.91971
-4.448688,50,12086.458976
-0.530958,8,12086.822494
-3.541295,50,12089.293546
-5.233678,50,12091.693199
-3.872877,50,12094.105035
-4.030221,50,12096.702808
-4.058559,50,12099.181677
-0.391833,7,12099.543201
-0.036607,1,12099.57445
-0.598621,8,12099.985624
-4.20007,50,12102.609645
-4.746325,50,12105.215031
-6.544716,50,12107.900603
-5.168506,50,12110.570184
-4.703184,50,12113.196823
-5.412234,50,12115.759469
-0.706881,9,12116.182548
-0.044085,1,12116.246219
-0.048443,1,12116.291752
-4.159933,50,12118.781789
-7.013424,50,12121.337751
-5.85599,50,12123.835847
-2.618477,50,12126.396117
-4.380411,50,12129.004932
-4.823505,50,12131.552099
-0.554834,8,12131.959114
-0.017014,1,12132.015897
-5.074274,50,12134.531052
-3.103143,50,12136.955059
-4.325344,50,12139.427537
-1.293819,16,12140.228765
-1.272119,17,12141.052871
-5.383059,50,12143.477466
-4.203651,50,12145.999315
-4.127209,50,12148.462092
-3.990493,50,12151.033732
-4.357934,50,12153.46407
-2.94351,50,12155.920676
-4.410799,50,12158.371157
-0.512975,9,12158.81348
-0.678853,9,12159.20901
-0.61261,9,12159.602939
-0.699209,10,12160.18374
-0.526194,10,12160.676764
-5.686855,50,12163.365696
-2.104087,18,12164.243057
-1.751171,26,12165.626455
-5.033815,50,12168.088079
-3.254773,50,12170.557603
-1.751635,23,12171.675952
-4.514927,50,12174.118186
-0.683962,10,12174.688535
-0.029489,1,12174.752738
-0.617378,12,12175.419791
-0.700777,11,12175.930434
-0.020412,1,12175.977267
-5.083289,50,12178.434548
-0.587082,8,12178.81377
-1.407194,17,12179.671911
-5.125316,50,12182.064409
-0.047081,1,12182.113491
-0.042603,1,12182.160323
-0.01378,1,12182.224198
-1.619044,19,12183.229985
-0.570086,9,12183.716876
-3.32867,50,12186.14736
-5.843369,50,12188.578083
-0.955257,11,12189.169563
-1.641626,17,12189.93833
-0.541388,9,12190.399368
-0.53108,8,12190.747741
-0.400751,8,12191.145369
-0.451418,7,12191.47982
-0.028308,1,12191.526699
-0.679542,8,12191.926027
-0.039041,1,12191.976048
-0.709762,9,12192.448092
-0.96431,11,12192.974717
-5.93971,50,12195.555397
-0.413644,8,12196.01301
-4.763049,50,12198.676298
-0.021182,1,12198.738786
-3.097215,50,12201.24518
-0.020813,1,12201.292009
-0.463706,8,12201.744465
-0.016267,1,12201.793625
-0.702461,11,12202.381502
-0.698222,9,12202.824566
-4.60155,50,12205.507561
-0.009726,1,12205.570079
-0.930586,13,12206.236796
-4.011923,50,12208.838162
-0.557549,8,12209.250046
-4.037362,50,12211.998426
-3.22284,50,12214.482656
-5.050737,50,12216.870766
-0.047507,1,12216.917622
-0.004945,1,12216.96843
-4.660841,50,12219.406479
-5.035203,50,12221.902662
-0.638587,9,12222.424731
-2.767623,50,12224.860342
-0.504879,8,12225.268594
-0.02542,1,12225.315457
-0.039971,1,12225.346702
-0.785112,10,12225.897097
-2.12166,29,12227.452118
-0.038268,1,12227.51461
-0.534723,9,12227.977333
-0.041516,1,12228.04108
-3.089088,50,12230.552166
-0.695983,11,12231.114468
-0.030048,1,12231.16315
-0.84107,10,12231.700251
-0.794212,11,12232.228569
-4.927852,50,12234.760366
-0.0243,1,12234.807231
-0.43885,7,12235.203778
-0.045882,1,12235.278104
-1.192127,17,12236.179408
-4.618344,50,12238.717134
-0.045316,1,12238.763968
-5.550318,50,12241.26676
-0.046814,1,12241.313622
-4.882478,50,12243.794709
-0.036802,1,12243.825952
-5.261224,50,12246.255127
-4.216952,49,12248.513291
-1.452805,15,12249.299425
-0.701853,11,12249.818006
-3.155688,50,12252.38587
-10.529604,50,12254.904634
-6.938173,50,12257.261921
-0.420819,8,12257.700469
-1.267375,22,12258.824694
-2.778805,36,12260.518127
-8.021011,50,12263.090422
-0.032212,1,12263.152902
-4.068529,50,12265.77756
-3.108305,50,12268.284757
-0.943316,11,12268.916436
-0.017123,1,12268.978967
-1.640172,20,12269.980006
-4.621168,50,12272.483147
-3.820178,50,12274.984089
-5.338886,50,12277.542297
-5.125588,50,12280.009159
-4.623233,50,12282.802601
-0.037054,1,12282.849463
-0.425703,7,12283.183942
-0.048057,1,12283.239889
-0.03968,1,12283.286752
-5.894842,50,12285.697463
-2.925708,28,12287.201909
-2.655924,28,12288.660927
-0.812436,10,12289.119387
-6.520661,50,12291.513049
-0.043577,1,12291.57685
-0.025502,1,12291.646163
-4.85739,50,12293.962806
-4.277901,50,12296.539881
-0.037215,1,12296.58671
-4.351778,50,12299.14909
-6.071915,50,12301.487404
-0.039259,1,12301.534301
-3.748314,50,12304.004328
-15.923527,50,12306.600668
-3.723545,50,12309.246298
-4.367748,50,12316.578476
-1.971135,20,12317.517524
-0.630825,9,12318.013836
-0.828623,11,12318.547284
-2.845198,50,12321.162595
-5.997797,50,12323.521386
-4.717186,50,12326.189597
-4.308799,50,12328.780481
-3.388659,50,12331.248309
-2.000233,26,12332.641187
-0.044407,1,12332.710395
-3.245666,50,12335.149556
-3.262172,50,12337.771691
-4.377923,50,12340.263938
-3.090341,50,12342.769569
-1.672904,26,12344.254337
-0.02758,1,12344.301203
-3.283429,50,12346.767237
-0.687314,8,12347.148505
-0.035815,1,12347.21221
-0.696537,10,12347.723976
-4.313246,50,12350.166938
-1.281169,25,12351.428166
-3.563606,50,12354.085727
-4.832368,50,12356.539446
-4.107437,50,12359.274494
-0.773345,10,12359.7494
-3.649902,50,12362.338859
-3.589035,50,12365.208522
-1.730807,25,12366.527104
-1.247976,16,12367.307117
-0.017189,1,12367.369605
-0.585795,9,12367.845616
-0.607292,9,12368.289268
-0.694227,9,12368.76526
-4.287136,50,12371.086866
-0.033037,1,12371.150542
-2.813239,31,12372.765534
-3.174662,50,12375.167481
-0.009011,1,12375.214342
-5.657904,50,12377.624711
-3.035489,50,12380.042236
-0.026694,1,12380.100568
-4.206328,50,12382.700474
-3.538818,50,12385.257098
-0.751209,9,12385.772802
-0.907092,10,12386.29812
-4.423869,50,12388.639894
-7.000845,50,12391.147173
-3.751681,50,12393.725636
-4.503273,50,12396.255363
-3.447087,50,12398.8664
-0.032179,1,12398.930163
-2.920853,50,12401.632896
-3.535052,50,12404.177981
-3.943788,50,12406.587346
-0.616553,8,12406.955729
-3.053624,50,12409.544414
-1.050207,11,12410.075021
-0.551064,8,12410.52251
-3.721162,50,12412.987641
-0.68298,9,12413.439295
-0.032717,1,12413.503949
-0.559281,8,12413.915653
-3.102056,50,12416.51995
-0.83523,10,12417.047533
-0.902589,10,12417.592491
-4.489343,50,12419.972904
-5.270878,50,12422.673786
-0.905898,12,12423.27668
-0.84955,10,12423.810984
-0.033975,1,12423.87347
-5.19592,50,12426.334874
-0.033469,1,12426.383018
-3.531106,50,12428.86512
-0.025102,1,12428.912888
-4.66128,50,12431.285571
-0.013932,1,12431.332435
-5.69319,50,12433.933916
-4.687839,50,12436.396585
-0.90162,11,12437.048964
-0.980948,11,12437.602389
-1.236209,11,12438.146069
-4.794144,50,12440.628306
-3.66526,50,12443.271665
-3.715192,50,12445.785209
-4.313753,50,12448.312847
-0.951102,10,12448.78832
-3.466478,50,12451.407994
-0.581941,8,12451.805096
-4.048198,50,12454.25781
-0.03139,1,12454.323709
-0.045251,1,12454.386194
-0.412652,8,12454.781331
-0.493641,8,12455.14193
-9.040461,50,12457.876066
-1.372371,22,12458.98918
-0.551142,9,12459.416519
-5.023181,50,12461.827401
-0.019307,1,12461.858645
-0.03738,1,12461.906705
-4.982645,50,12464.541162
-0.047148,1,12464.605366
-0.688342,9,12465.001493
-3.77039,50,12467.654126
-3.481908,50,12470.116735
-0.78318,9,12470.595836
-0.386412,7,12470.959427
-3.511757,50,12473.539467
-0.460237,8,12473.963668
-5.349544,50,12476.342199
-3.063935,50,12478.811182
-4.869648,50,12481.408752
-2.674107,50,12483.953587
-0.046041,1,12484.01217
-0.348522,7,12484.308975
-0.045877,1,12484.355839
-4.56404,50,12486.740777
-0.92159,10,12487.184743
-3.2267,50,12489.738293
-0.667833,9,12490.19469
-2.207261,24,12491.485508
-0.575926,9,12491.964613
-3.772919,50,12494.593538
-2.476768,23,12495.8525
-2.280755,26,12497.053774
-0.692947,9,12497.509536
-0.561551,9,12498.023509
-3.82155,50,12500.546964
-5.494283,50,12502.848831
-0.75631,10,12503.321404
-0.012287,1,12503.370596
-1.324259,15,12504.148081
-0.451088,9,12504.601105
-3.965593,50,12507.249404
-3.358056,50,12509.692852
-3.479375,50,12512.279775
-4.820057,50,12514.698474
-2.650499,50,12517.222208
-4.964665,50,12519.558021
-0.024629,1,12519.604883
-1.084562,11,12520.139741
-2.75175,50,12522.767929
-3.761656,50,12525.124921
-0.654767,9,12525.547882
-4.54956,50,12528.158161
-0.811927,10,12528.671532
-0.044714,1,12528.718398
-1.408554,12,12529.30128
-3.250688,50,12531.701468
-0.048672,1,12531.762965
-2.643592,50,12534.323946
-3.622476,50,12536.839989
-3.057944,50,12539.226547
-0.388207,7,12539.609612
-0.040205,1,12539.656441
-3.690079,50,12542.091151
-3.89958,50,12544.628262
-0.576482,9,12545.157885
-3.710754,50,12547.660623
-0.044109,1,12547.707487
-0.641716,8,12548.106174
-0.045227,1,12548.179589
-5.09388,50,12550.627251
-6.598426,50,12553.015065
-4.429851,50,12555.44821
-0.522391,8,12555.832604
-0.362741,7,12556.194886
-0.029711,1,12556.241754
-2.927203,50,12558.702748
-0.042023,1,12558.768114
-3.81269,50,12561.23135
-0.833759,14,12561.939425
-0.02552,1,12561.986329
-4.401012,50,12564.481343
-0.790121,9,12564.920295
-0.490481,9,12565.315848
-0.521999,8,12565.708819
-4.138709,50,12568.245927
-3.439533,50,12570.784154
-4.258579,50,12573.283117
-0.400872,7,12573.664078
-0.474271,8,12574.033732
-2.570107,50,12576.706284
-0.034221,1,12576.753115
-6.110053,50,12579.393553
-0.923995,12,12580.009139
-4.753009,50,12582.520295
-0.479773,8,12582.983655
-4.122932,50,12585.530221
-5.4101,50,12588.039773
-3.961412,50,12590.402903
-1.194537,13,12590.965275
-0.035791,1,12591.017367
-0.583232,10,12591.486046
-3.015713,50,12593.906849
-0.369414,7,12594.219326
-5.3706,50,12596.738473
-4.811865,50,12599.418353
-0.399555,7,12599.762053
-0.042411,1,12599.824538
-5.845491,50,12602.205124
-0.045712,1,12602.247656
-0.016582,1,12602.294518
-0.775378,9,12602.818405
-5.388632,50,12605.217387
-2.880055,50,12607.645572
-0.991561,11,12608.194865
-4.36753,46,12610.581767
-5.381757,50,12613.0941
-0.426267,7,12613.425642
-1.007295,13,12614.039685
-0.019324,1,12614.086548
-4.205334,50,12616.779328
-8.390762,50,12619.244322
-0.855495,13,12619.874013
-0.032002,1,12619.920884
-0.945568,11,12620.392552
-0.84617,11,12620.934868
-0.555176,8,12621.407132
-0.683728,9,12621.848236
-3.814179,50,12624.267359
-3.695251,50,12626.807904
-3.084468,50,12629.521111
-0.389499,7,12629.851542
-1.942835,24,12631.315046
-0.039217,1,12631.383421
-0.669809,9,12631.960835
-2.773333,50,12634.659707
-3.553696,50,12637.122996
-2.255301,24,12638.341037
-6.113689,50,12640.910065
-2.679233,50,12643.524942
-0.573083,8,12643.855427
-0.929163,11,12644.433906
-0.406872,8,12644.780115
-0.023026,1,12644.81136
-6.913319,50,12647.432529
-0.049934,1,12647.506274
-0.70655,10,12648.028521
-1.201885,13,12648.690782
-4.931216,50,12651.037547
-3.447111,50,12653.690445
-1.999166,21,12654.790527
-5.13008,50,12657.362704
-0.026451,1,12657.393947
-0.739394,9,12657.830074
-0.011333,1,12657.861321
-0.788933,9,12658.31713
-3.35575,50,12660.964334
-0.013642,1,12661.025986
-0.023499,1,12661.072849
-0.840404,11,12661.578361
-3.787297,50,12664.012268
-5.397122,50,12666.606992
-0.024279,1,12666.670716
-4.291304,50,12669.104164
-4.880194,50,12671.678565
-4.08501,50,12674.132966
-3.708664,50,12676.53853
-0.628014,9,12676.98827
-2.888819,50,12679.4517
-5.302538,50,12682.074509
-4.305785,50,12684.535021
-3.746438,50,12687.04507
-0.038638,1,12687.091964
-3.991002,50,12689.726402
-0.706989,9,12690.111055
-4.585372,50,12692.89376
-0.046283,1,12692.925003
-3.309004,50,12695.582135
-4.281195,50,12698.226276
-2.695458,50,12700.839264
-0.408002,8,12701.28128
-5.487309,50,12703.876195
-0.683391,11,12704.493397
-0.049492,1,12704.541465
-6.224138,50,12706.978342
-4.383516,50,12709.449749
-3.015634,50,12712.089652
-2.943179,50,12714.697558
-3.944355,50,12717.23402
-3.026647,50,12719.674793
-4.161041,50,12722.240192
-0.538576,8,12722.669821
-4.96462,50,12725.027961
-4.433304,50,12727.533874
-0.022932,1,12727.580736
-5.592387,50,12730.090801
-3.239746,50,12732.495357
-4.367814,50,12734.960979
-0.60989,9,12735.421692
-3.740302,50,12737.969314
-8.468517,50,12740.309813
-0.609984,9,12740.751437
-0.041183,1,12740.80664
-3.303509,50,12743.475947
-3.67136,50,12746.002484
-0.75667,10,12746.511036
-4.90899,50,12749.059253
-4.170984,50,12751.757717
-0.016532,1,12751.821117
-0.039301,1,12751.866287
-0.710359,10,12752.369807
-0.021373,1,12752.416711
-3.936641,50,12754.957441
-1.997935,19,12756.067125
-4.620913,50,12758.608718
-3.715955,50,12761.197226
-3.982687,50,12763.759277
-5.625121,50,12766.340462
-3.887457,50,12768.902184
-0.027986,1,12768.949048
-1.646821,18,12769.872997
-0.04221,1,12769.953705
-5.804234,50,12772.421993
-0.039885,1,12772.468856
-0.716033,9,12772.91836
-4.009447,50,12775.390811
-0.539059,8,12775.816267
-3.254792,50,12778.267213
-0.662171,9,12778.708017
-0.037162,1,12778.755544
-3.900453,50,12781.239775
-4.530326,50,12783.597289
-0.00822,1,12783.644154
-0.030386,1,12783.707515
-0.023675,1,12783.769998
-4.08228,50,12786.305836
-3.399562,50,12788.829098
-4.645865,50,12791.557463
-4.974741,50,12794.124183
-2.937575,50,12796.818582
-0.029741,1,12796.865478
-0.020806,1,12796.935646
-4.674284,50,12799.478181
-0.789523,10,12799.918989
-0.035217,1,12799.965847
-5.926078,50,12802.285098
-0.010471,1,12802.363206
-0.028724,1,12802.394453
-0.020555,1,12802.458189
-0.675935,9,12802.9585
-0.677191,10,12803.428712
-3.881449,50,12805.90521
-5.850051,50,12808.6604
-0.039294,1,12808.732182
-3.95549,50,12811.418093
-4.950287,50,12814.136846
-0.526879,7,12814.536234
-3.830135,50,12817.047015
-0.024104,1,12817.093881
-0.788174,9,12817.509038
-6.2576,50,12819.890162
-4.41493,50,12827.608067
-3.42078,50,12829.91555
-2.629587,50,12832.409523
-1.194794,13,12833.016006
-0.545678,8,12833.412636
-4.017667,50,12836.027363
-0.01159,1,12836.074226
-4.426438,50,12838.438854
-0.659336,10,12838.948957
-0.646208,12,12839.618615
-3.608822,50,12842.235801
-4.295118,50,12844.721791
-4.154121,50,12847.101532
-3.31965,50,12849.612738
-6.448677,50,12852.426122
-0.614187,11,12853.028496
-2.527704,50,12855.630708
-0.017404,1,12855.693196
-4.037781,50,12858.260615
-4.341089,50,12860.743373
-5.30888,50,12863.146707
-0.561992,8,12863.532871
-5.978939,50,12866.180396
-5.231199,50,12868.777147
-0.706511,8,12869.262106
-2.870567,50,12871.938041
-3.450694,48,12874.530895
-0.025806,1,12874.577788
-6.358582,50,12876.967587
-4.289002,50,12879.581751
-4.090864,50,12882.228453
-2.921707,50,12884.734619
-4.403095,50,12887.510695
-0.04507,1,12887.557561
-0.021628,1,12887.635668
-5.031208,50,12890.002276
-13.26973,50,12892.696418
-8.886365,50,12895.140127
-0.032007,1,12895.189999
-2.661452,50,12897.573302
-3.55832,50,12900.042616
-4.403722,50,12902.455659
-0.908616,11,12903.026256
-4.832278,50,12905.457874
-4.229906,50,12908.008525
-0.999479,11,12908.557704
-0.66347,9,12908.965078
-0.880466,10,12909.510198
-4.824202,50,12912.269678
-1.437778,14,12912.980187
-0.049334,1,12913.027048
-0.023548,1,12913.089536
-0.840496,10,12913.606398
-5.298037,50,12916.139987
-0.531831,7,12916.53294
-0.698481,9,12916.9343
-1.021927,12,12917.573448
-0.520186,8,12917.965294
-3.468047,50,12920.406029
-4.09278,38,12922.31691
-0.034755,1,12922.361467
-0.709537,11,12922.873219
-0.027298,1,12922.922287
-0.04883,1,12922.969105
-4.213838,50,12925.265886
-5.530887,50,12927.807497
-0.669736,9,12928.279819
-0.02957,1,12928.342349
-0.00573,1,12928.390954
-5.37296,50,12930.811456
-0.02316,1,12930.85832
-1.039235,18,12931.806118
-5.106842,50,12934.322063
-0.811832,9,12934.840006
-0.652943,8,12935.26811
-0.006698,1,12935.335667
-0.385898,7,12935.677218
-3.070107,50,12938.316007
-2.627173,50,12940.69742
-3.873867,50,12943.335262
-3.367568,50,12945.906439
-6.405572,50,12948.537202
-0.049107,1,12948.585354
-4.564346,50,12951.034174
-6.501166,50,12953.385689
-0.48431,8,12953.778998
-0.850295,9,12954.205101
-4.393153,50,12956.65038
-0.036763,1,12956.699838
-1.179327,14,12957.424595
-1.876263,20,12958.520957
-4.079003,50,12961.06878
-4.346274,50,12963.71681
-10.743976,50,12966.141486
-3.302334,50,12968.826644
-0.48582,8,12969.236662
-4.585198,50,12971.709456
-3.17026,50,12974.256859
-0.434231,8,12974.633087
-4.53416,50,12977.551312
-0.049284,1,12977.626261
-0.009821,1,12977.688745
-3.414965,50,12980.34441
-0.009865,1,12980.391273
-0.049785,1,12980.470052
-0.041865,1,12980.532537
-3.318439,50,12983.335011
-5.919302,50,12985.929512
-2.927488,50,12988.535125
-0.898291,10,12989.059964
-0.529346,8,12989.453791
-0.432689,7,12989.788571
-1.620398,25,12990.910253
-4.285623,50,12993.435549
-2.690305,34,12995.129585
-4.008776,50,12997.657217
-4.783365,50,13000.106767
-0.771134,10,13000.583927
-2.909456,50,13003.11462
-4.393488,50,13005.613523
-0.0412,1,13005.684325
-0.035295,1,13005.7636
-2.657525,50,13008.190893
-1.150423,14,13008.93242
-0.426526,8,13009.317827
-0.614842,12,13009.948922
-5.869049,50,13012.394113
-3.161791,50,13015.155051
-3.482647,50,13017.688846
-0.411276,7,13017.986824
-4.80861,50,13020.393845
-0.836684,10,13020.920113
-0.536884,9,13021.434471
-0.504672,8,13021.871999
-1.050672,12,13022.501773
-4.907369,50,13024.980316
-0.033673,1,13025.04759
-0.352757,7,13025.393785
-0.569186,7,13025.76989
-1.248886,15,13026.54275
-0.863223,11,13027.063764
-4.91272,50,13029.600443
-0.928939,10,13030.090044
-0.037461,1,13030.13916
-0.045888,1,13030.199652
-0.013304,1,13030.263928
-18.497142,50,13032.757373
-0.039361,1,13032.804241
-1.040898,12,13033.442855
-1.04563,13,13034.071806
-4.062128,50,13036.600025
-2.547509,50,13039.058312
-0.625093,9,13039.472207
-4.659807,50,13042.017348
-0.657437,11,13042.65925
-0.780664,12,13043.29482
-4.655627,50,13045.879966
-3.317786,50,13048.339473
-0.748545,8,13048.715631
-4.131113,50,13051.207597
-0.009674,1,13051.254678
-3.82491,50,13053.886532
-2.916655,50,13056.293253
-2.997543,32,13057.854245
-2.00719,22,13059.016943
-0.498783,7,13059.379886
-2.608649,50,13062.116273
-3.276142,50,13064.740524
-4.685897,50,13067.348144
-0.034354,1,13067.395006
-0.046744,1,13067.446042
-6.007477,50,13070.032681
-4.485201,50,13072.52926
-0.047349,1,13072.576123
-0.041913,1,13072.622985
-0.043116,1,13072.671319
-0.035144,1,13072.742792
-3.961857,50,13075.284719
-0.047841,1,13075.331591
-2.950457,50,13077.709819
-4.149759,50,13080.107963
-4.282672,50,13082.662272
-4.609755,50,13085.135607
-4.696869,50,13087.834011
-5.256971,50,13090.150947
-0.033461,1,13090.18219
-1.712662,25,13091.358924
-0.043309,1,13091.405791
-0.039139,1,13091.46978
-2.750154,50,13094.021365
-0.720757,9,13094.54096
-0.665578,10,13095.092461
-0.585282,8,13095.562222
-3.737437,50,13098.175885
-0.650647,9,13098.655406
-4.039661,50,13101.256682
-1.271479,16,13102.072816
-0.049553,1,13102.135354
-0.029196,1,13102.182179
-0.559871,10,13102.661885
-4.296337,50,13105.005939
-3.868911,50,13107.666027
-0.033912,1,13107.697236
-2.005378,25,13108.851093
-1.576021,21,13109.877457
-0.999698,15,13110.606395
-5.152402,50,13113.033812
-4.701694,50,13115.792031
-0.949146,11,13116.391445
-0.027947,1,13116.47074
-4.930766,50,13118.981827
-0.037267,1,13119.013072
-4.311751,50,13121.630406
-1.421171,17,13122.460661
-0.793464,11,13123.00385
-0.045614,1,13123.050717
-4.91216,50,13125.511616
-0.045002,1,13125.558481
-0.565063,11,13126.066933
-4.715548,50,13128.521759
-0.705844,8,13128.904745
-4.667482,50,13131.494544
-0.876229,11,13132.001902
-3.714693,50,13134.68891
-4.3017,50,13137.195071
-4.187785,50,13139.760647
-5.261723,50,13142.334908
-3.432393,50,13144.796081
-4.415456,50,13147.168616
-3.225816,50,13149.760416
-4.819309,50,13152.298956
-0.030059,1,13152.345821
-0.798031,10,13152.859423
-1.649254,25,13154.044957
-0.469676,8,13154.495499
-0.89178,11,13155.109383
-0.008893,1,13155.188332
-4.624494,50,13157.655521
-0.030939,1,13157.686775
-0.921272,14,13158.422015
-0.504405,7,13158.79099
-0.802322,9,13159.235361
-0.038271,1,13159.282223
-0.031355,1,13159.330287
-3.460978,50,13161.896477
-0.983596,14,13162.533169
-0.575932,8,13162.935749
-4.70174,50,13165.319088
-0.893555,10,13165.884571
-4.906841,50,13168.450557
-2.274196,29,13169.872076
-0.043001,1,13169.921111
-4.22939,50,13172.408294
-3.507386,50,13174.963778
-4.472347,50,13177.513678
-0.515342,8,13177.895949
-0.434757,7,13178.269923
-0.033542,1,13178.316806
-0.753674,9,13178.766103
-7.875822,50,13181.343632
-1.389181,18,13182.239487
-0.00995,1,13182.286348
-0.408165,7,13182.615657
-0.041502,1,13182.663762
-0.048516,1,13182.716395
-3.359417,36,13184.414038
-0.417087,7,13184.791457
-0.042928,1,13184.853972
-5.615085,50,13187.450475
-1.692947,19,13188.40081
-0.009665,1,13188.447671
-0.01618,1,13188.512433
-0.033523,1,13188.584913
-5.218197,50,13191.068383
-3.643589,50,13193.551151
-0.040851,1,13193.613672
-0.425359,7,13193.956294
-3.57845,50,13196.623578
-4.660355,50,13199.188883
-0.683699,8,13199.55572
-2.796702,50,13202.092105
-3.252521,50,13204.633705
-0.776302,9,13205.017438
-0.505669,8,13205.492396
-4.565954,50,13207.80333
-0.040267,1,13207.850193
-0.838637,10,13208.326445
-0.997717,10,13208.801472
-3.926709,50,13211.296115
-0.026955,1,13211.343178
-1.652835,17,13212.27717
-0.027086,1,13212.308412
-1.645954,18,13213.203004
-0.032654,1,13213.254723
-3.357372,50,13215.78262
-2.963634,50,13218.490358
-0.047344,1,13218.549721
-5.687358,50,13221.160211
-3.32584,50,13223.558018
-0.030444,1,13223.621721
-0.909554,11,13224.213252
-0.482003,8,13224.591308
-4.645745,50,13227.336772
-0.004464,1,13227.414917
-4.090729,50,13229.8888
-0.791105,9,13230.332659
-1.444178,21,13231.323063
-1.245004,13,13231.944762
-0.845351,9,13232.412692
-3.786713,50,13234.820302
-4.864609,50,13237.380517
-0.021626,1,13237.411766
-0.97176,10,13237.926662
-0.626542,8,13238.357146
-1.14999,13,13239.019338
-0.608149,8,13239.433267
-2.897816,50,13241.93761
-4.99655,50,13244.436417
-0.411238,7,13244.783066
-7.392335,50,13247.335231
-0.009937,1,13247.40674
-6.487556,50,13249.888459
-0.641291,8,13250.252974
-0.987639,14,13250.948913
-0.59973,8,13251.376254
-0.541312,8,13251.785813
-0.035363,1,13251.864169
-2.426517,25,13253.119874
-5.370948,50,13255.59229
-4.644358,50,13257.898116
-0.666557,8,13258.248839
-3.788105,50,13260.68242
-5.587298,50,13263.022444
-0.633646,11,13263.557068
-2.96478,50,13266.091257
-0.046445,1,13266.138121
-3.088565,50,13268.773927
-3.65844,50,13271.231603
-0.351458,7,13271.617368
-0.357678,7,13271.953205
-3.171483,50,13274.369164
-2.638642,50,13276.913452
-0.008632,1,13276.975966
-2.406813,26,13278.359288
-4.085852,50,13280.890913
-0.047509,1,13280.937782
-1.496199,18,13281.939453
-0.903487,9,13282.396046
-1.616417,18,13283.37618
-4.411831,50,13285.829567
-3.751531,50,13288.274856
-1.035701,11,13288.793354
-0.852039,10,13289.310896
-2.330479,29,13290.679624
-0.024332,1,13290.727777
-0.046195,1,13290.774609
-0.409091,7,13291.156698
-0.043883,1,13291.220391
-0.787484,9,13291.689404
-0.427398,9,13292.176955
-0.819943,16,13293.012704
-1.312387,17,13293.86338
-0.830532,9,13294.309527
-0.760726,9,13294.736103
-0.957893,11,13295.256032
-0.043485,1,13295.302891
-0.980132,11,13295.888613
-5.505146,50,13298.388091
-0.027976,1,13298.430857
-1.692801,32,13300.127678
-5.407369,50,13302.68043
-0.545236,8,13303.078745
-0.693231,9,13303.53245
-3.207439,50,13306.031448
-0.278268,6,13306.334934
-0.613021,8,13306.769621
-9.043577,50,13309.397763
-3.503527,50,13311.815691
-0.038517,1,13311.879451
-0.548914,9,13312.337738
-0.553665,8,13312.76403
-6.098253,50,13315.161152
-0.025401,1,13315.209188
-2.304215,22,13316.434436
-0.018276,1,13316.503555
-0.039849,1,13316.550416
-11.587035,50,13319.130342
-0.048874,1,13319.192874
-4.744823,50,13321.648974
-3.331708,50,13324.21294
-0.00931,1,13324.291074
-0.040442,1,13324.35356
-1.208034,15,13325.193705
-3.357418,50,13327.760296
-0.004661,1,13327.811517
-0.574344,8,13328.207297
-1.465987,17,13328.991862
-0.048284,1,13329.036916
-5.468634,50,13331.370273
-1.505519,16,13337.26308
-0.722945,10,13337.775534
-0.716071,10,13338.22978
-0.707588,9,13338.69034
-4.299475,50,13341.111296
-1.513463,16,13341.909092
-4.97537,50,13344.654238
-1.293075,16,13345.646617
-6.625117,50,13348.081823
-3.512869,50,13350.671835
-0.494225,7,13351.019793
-0.56873,8,13351.428311
-0.042416,1,13351.492957
-2.014283,27,13352.951648
-0.430689,7,13353.327763
-0.041152,1,13353.390247
-0.957283,13,13354.071721
-4.437691,50,13356.704279
-0.394413,6,13356.987962
-4.966939,50,13359.573027
-0.899103,10,13360.046601
-0.546689,9,13360.538582
-0.034378,1,13360.569791
-5.944698,50,13363.160341
-0.040112,1,13363.207203
-0.441176,7,13363.562013
-1.449111,19,13364.461002
-5.942475,50,13367.069326
-0.673455,9,13367.577005
-4.964226,50,13369.994208
-4.091738,50,13372.429257
-5.176221,50,13374.920748
-3.460477,50,13377.286692
-0.596009,10,13377.797769
-0.958569,12,13378.406467
-0.047993,1,13378.453345
-0.481458,7,13378.830632
-0.790337,11,13379.412229
-0.533699,8,13379.809295
-0.750995,10,13380.285546
-0.777688,9,13380.757227
-3.535746,50,13383.173677
-3.455359,50,13385.797064
-0.046187,1,13385.843922
-0.77767,10,13386.333137
-3.444815,50,13388.853528
-4.861905,50,13391.325046
-2.715672,50,13393.8226
-0.041053,1,13393.869456
-3.541633,50,13396.381645
-0.754782,9,13396.852779
-0.007702,1,13396.915259
-0.928428,11,13397.484225
-1.022172,11,13398.045301
-0.015352,1,13398.077767
-4.649409,50,13400.595971
-0.494745,8,13400.978114
-0.325411,6,13401.272007
-3.470285,50,13403.886121
-0.033216,1,13403.952784
-4.657463,50,13406.544208
-5.946099,50,13409.038395
-1.121725,18,13409.979154
-3.223866,50,13412.302543
-0.52724,9,13412.726497
-0.03906,1,13412.793642
-0.485072,8,13413.190042
-0.467305,8,13413.568683
-5.395372,50,13416.271709
-3.325438,50,13418.858297
-3.56716,50,13421.623109
-4.183427,50,13424.101977
-0.719437,9,13424.56322
-4.864222,50,13427.019848
-0.02114,1,13427.086
-5.123223,50,13429.527258
-0.025016,1,13429.589744
-0.32207,6,13429.886461
-3.830297,50,13432.480399
-0.040697,1,13432.527291
-3.656927,35,13434.359039
-0.838498,12,13435.045454
-2.857956,50,13437.641959
-1.270021,14,13438.348501
-0.004625,1,13438.396513
-0.738582,9,13438.838853
-1.314855,14,13439.518898
-5.594983,50,13442.085978
-0.049112,1,13442.149688
-0.721826,9,13442.622285
-1.303558,14,13443.304452
-1.481674,16,13444.078994
-0.034515,1,13444.130071
-0.628288,8,13444.634812
-0.298067,6,13444.932868
-4.929582,50,13447.46448
-5.84859,50,13449.905669
-0.436654,8,13450.376118
-3.696342,50,13452.945056
-0.047273,1,13452.991922
-0.045791,1,13453.056817
-2.925706,50,13455.676759
-1.29594,19,13456.619003
-1.176989,11,13457.170227
-3.210616,50,13459.795547
-3.448331,50,13462.117098
-1.71395,19,13463.065011
-0.743108,8,13463.507559
-4.984865,50,13466.17428
-3.697079,50,13468.555137
-0.02757,1,13468.592422
-0.787451,9,13469.056643
-0.719987,8,13469.473249
-4.127805,50,13471.999326
-0.710544,9,13472.426171
-0.359453,6,13472.757937
-0.760161,10,13473.375297
-3.433192,50,13475.983781
-1.971768,23,13477.194414
-4.150688,50,13479.91271
-3.449095,50,13482.511481
-3.465237,50,13485.194983
-3.191739,50,13487.669965
-0.047174,1,13487.733698
-1.716515,19,13488.708109
-0.534748,8,13489.126873
-0.373246,7,13489.488679
-5.495916,50,13492.015126
-5.908185,50,13494.452357
-0.848345,10,13494.968303
-4.113879,50,13497.634094
-0.04773,1,13497.665336
-0.699324,10,13498.137513
-3.963205,50,13500.911654
-0.496747,7,13501.288914
-0.008688,1,13501.351365
-0.033126,1,13501.399492
-5.444554,50,13504.032835
-0.556712,7,13504.427919
-0.031626,1,13504.476364
-0.048846,1,13504.523234
-0.541254,9,13504.964514
-1.570806,16,13505.907262
-0.485158,8,13506.339635
-0.637677,9,13506.899325
-0.041442,1,13506.949924
-0.019056,1,13506.996783
-0.618638,9,13507.519954
-0.977607,11,13508.064034
-3.24414,50,13510.485415
-2.952896,50,13513.152131
-5.773864,50,13515.537889
-1.227777,13,13516.174424
-0.708763,9,13516.607175
-0.745852,10,13517.115015
-0.904258,17,13517.992823
-2.638221,50,13520.39803
-1.508152,24,13521.605406
-0.030093,1,13521.669093
-0.769458,9,13522.216044
-3.733578,50,13524.783396
-0.020557,1,13524.857878
-3.86167,50,13527.481369
-2.628451,50,13530.052788
-0.405563,7,13530.370851
-0.017163,1,13530.435705
-0.749294,10,13530.961112
-4.060032,50,13533.336014
-0.642981,9,13533.902258
-2.771539,50,13536.505756
-3.012677,50,13539.119324
-5.1041,50,13541.516768
-3.99395,50,13543.943866
-4.966107,50,13546.48563
-0.034769,1,13546.549612
-0.556302,8,13547.05592
-0.648075,9,13547.605898
-3.652399,50,13550.044126
-0.043007,1,13550.107833
-0.031282,1,13550.154659
-0.680304,8,13550.594613
-1.157555,11,13551.113465
-0.036719,1,13551.175954
-1.294339,12,13551.743522
-0.539201,8,13552.1543
-0.547559,8,13552.580174
-4.221946,50,13555.03274
-2.780806,50,13557.597961
-2.915203,50,13560.213551
-4.080378,50,13562.88028
-1.004151,16,13563.672845
-0.025623,1,13563.723637
-2.991403,50,13566.251289
-14.225995,50,13568.701577
-0.048016,1,13568.748446
-0.31587,6,13569.058133
-5.144079,50,13571.640488
-9.839306,50,13574.109336
-0.601135,9,13574.549187
-3.359544,50,13577.098221
-0.454005,7,13577.493267
-0.622817,8,13577.879525
-5.57355,50,13580.381159
-6.253572,50,13583.01778
-0.024619,1,13583.081409
-3.604394,50,13585.785261
-5.106199,50,13588.419434
-0.67456,10,13588.963138
-1.935381,19,13589.941157
-4.253319,50,13592.476294
-0.726717,9,13592.97077
-0.823594,9,13593.428242
-4.726131,50,13596.094715
-0.831282,9,13596.556036
-3.597995,50,13599.135111
-6.200957,50,13601.664897
-5.240665,50,13604.322824
-3.08816,50,13607.073914
-2.887243,50,13609.520855
-5.520232,50,13612.197864
-3.846438,50,13614.591677
-4.676645,50,13616.9288
-0.040674,1,13616.960037
-5.931886,50,13619.434802
-1.728686,16,13620.228232
-0.015455,1,13620.283454
-0.603442,8,13620.728637
-2.709517,39,13622.735102
-4.279412,50,13625.365483
-0.445545,7,13625.747007
-1.628861,17,13626.515952
-3.798173,50,13629.054131
-2.807885,50,13631.573235
-1.063388,14,13632.323109
-0.478048,7,13632.686137
-4.236691,50,13635.331713
-5.716045,50,13637.79592
-0.495026,8,13638.195146
-3.994538,50,13640.670222
-3.371985,50,13643.207273
-0.300085,6,13643.527674
-4.598569,50,13646.042038
-0.027558,1,13646.088938
-4.620126,50,13648.584503
-0.827208,12,13649.150073
-0.013277,1,13649.198555
-3.228778,50,13651.642755
-5.137594,50,13654.120192
-0.388709,7,13654.448241
-0.049031,1,13654.512607
-3.036991,50,13657.272759
-0.78153,9,13657.727213
-0.772957,11,13658.24829
-0.423193,8,13658.673959
-0.037266,1,13658.721925
-0.048565,1,13658.784428
-3.098265,50,13661.290209
-4.033783,50,13663.932267
-6.478946,50,13666.346175
-0.028343,1,13666.39304
-0.036204,1,13666.42428
-0.019368,1,13666.497711
-0.485326,7,13666.828449
-0.346826,6,13667.110759
-0.499416,8,13667.519358
-0.037095,1,13667.568218
-2.570011,50,13670.095092
-0.028256,1,13670.144569
-0.040821,1,13670.179842
-3.695669,50,13672.768789
-0.895409,13,13673.40047
-3.496165,50,13676.194066
-5.293264,50,13678.641721
-3.585252,50,13681.172542
-2.589818,50,13683.612922
-0.023512,1,13683.659791
-4.830652,50,13686.087584
-5.757187,50,13688.650314
-4.581512,50,13691.127549
-0.500628,8,13691.602846
-0.474928,8,13692.087103
-2.56887,50,13694.595566
-4.400463,50,13697.215473
-0.633855,8,13697.632509
-0.438108,8,13697.993017
-1.170938,16,13698.829633
-0.62466,8,13699.271552
-3.53614,50,13701.62709
-4.045154,50,13704.332766
-0.747474,9,13704.774303
-0.354924,7,13705.107348
-6.467146,50,13707.603577
-0.397384,8,13708.034663
-4.977263,50,13710.471913
-0.730814,8,13710.885365
-3.832845,50,13713.259846
-3.795789,50,13715.77722
-5.108445,50,13718.299647
-0.583455,7,13718.644536
-0.784786,10,13719.133009
-3.440585,50,13721.781281
-1.357484,17,13722.641818
-0.868327,17,13723.461892
-0.04521,1,13723.50046
-4.541117,50,13725.928746
-3.306865,50,13728.580139
-5.84462,50,13731.05944
-0.303811,6,13731.388665
-1.062517,12,13732.013532
-4.127998,50,13734.563396
-5.422849,50,13737.267015
-0.451389,8,13737.659881
-3.262773,50,13740.018412
-0.691471,8,13740.391985
-1.115329,17,13741.263628
-0.816716,13,13741.915231
-4.669465,50,13744.427673
-0.55684,9,13744.891298
-0.881822,12,13745.524804
-0.410886,8,13745.949084
-1.278659,19,13746.960356
-3.405235,50,13749.470583
-2.56591,50,13752.049005
-3.791733,50,13754.650986
-0.608336,11,13755.187229
-4.652019,50,13757.633469
-3.167099,50,13760.112001
-0.01305,1,13760.171844
-6.18084,50,13762.829461
-0.421626,7,13763.200338
-0.016673,1,13763.262826
-1.019596,10,13763.752448
-0.048286,1,13763.799311
-0.02254,1,13763.867239
-0.565948,8,13764.352125
-0.034292,1,13764.41461
-0.471912,8,13764.888134
-3.287093,50,13767.440752
-4.600939,50,13769.994864
-0.443379,7,13770.402199
-0.390938,8,13770.827457
-0.35766,7,13771.213183
-2.492909,25,13772.472247
-0.627092,8,13772.900123
-0.032057,1,13772.946963
-0.405257,7,13773.347282
-1.260508,24,13774.613545
-2.009942,35,13776.338392
-0.712197,8,13776.755348
-2.001554,22,13777.80224
-0.473766,7,13778.131404
-0.704981,8,13778.479595
-4.812326,50,13781.041487
-3.89388,50,13783.446232
-0.446013,8,13783.870407
-3.031379,50,13786.569521
-4.840394,50,13789.031689
-5.003675,50,13791.559015
-0.54389,9,13791.987928
-4.014804,50,13794.551058
-0.043344,1,13794.597921
-0.419912,8,13795.060048
-3.695569,50,13797.448474
-0.566192,9,13797.908102
-0.638087,9,13798.35639
-0.02972,1,13798.428138
-0.531506,7,13798.773048
-0.696934,9,13799.200817
-2.090292,23,13800.312238
-4.16793,50,13802.769311
-0.587976,8,13803.155474
-2.812904,50,13805.49069
-0.666749,8,13805.930494
-0.008971,1,13805.996751
-0.387313,7,13806.326061
-7.656153,50,13808.876272
-4.825772,50,13811.254366
-1.012311,13,13811.89634
-0.818854,10,13812.437447
-6.54948,50,13815.039945
-1.680116,20,13816.073783
-6.395215,50,13818.619905
-0.047648,1,13818.666767
-0.387337,7,13818.997572
-4.434357,50,13821.671532
-1.440334,18,13822.60969
-0.675792,9,13823.050828
-0.446922,7,13823.412464
-2.796661,40,13825.565856
-0.71686,8,13825.936198
-0.478058,7,13826.297949
-0.011093,1,13826.344813
-2.586872,50,13828.86647
-5.304514,50,13831.29745
-4.595138,50,13833.709469
-9.435657,50,13836.246332
-0.560934,8,13836.632604
-0.601903,8,13837.030381
-4.453348,50,13839.332135
-0.846214,10,13839.824215
-1.345164,14,13840.531733
-4.732476,50,13843.27973
-2.677056,28,13844.673987
-3.841214,50,13850.591313
-2.517039,29,13852.030886
-0.499428,7,13852.380697
-0.036677,1,13852.427557
-5.57584,50,13854.913802
-4.976808,50,13857.50538
-0.326789,6,13857.822797
-2.982863,50,13860.265558
-6.503303,50,13862.682989
-0.470958,7,13863.012798
-0.573942,8,13863.365741
-0.670321,8,13863.781868
-0.522165,7,13864.143893
-3.313632,50,13866.792034
-4.485602,50,13869.311081
-4.017769,50,13871.773439
-0.046014,1,13871.83719
-5.355316,50,13874.459149
-1.279533,18,13875.376729
-0.026478,1,13875.407973
-17.648213,50,13877.950047
-1.721522,18,13878.801157
-4.352037,50,13881.615952
-4.18096,50,13884.124935
-0.401508,6,13884.406088
-0.032408,1,13884.45298
-0.037208,1,13884.522717
-4.212892,50,13886.932561
-2.686931,50,13889.366233
-3.076922,50,13891.99967
-0.024157,1,13892.054957
-4.841819,50,13894.498096
-3.137562,50,13896.93792
-1.065709,15,13897.693485
-3.12589,50,13900.372832
-0.024962,1,13900.420888
-4.298537,50,13902.968933
-1.27214,15,13903.749285
-4.135587,50,13906.330089
-0.013544,1,13906.37692
-1.158474,13,13907.030588
-5.429852,50,13909.406314
-3.282833,31,13910.946972
-4.975456,50,13913.462029
-0.048166,1,13913.52448
-4.93738,50,13916.064563
-0.601507,8,13916.467587
-8.483923,50,13918.887037
-0.384633,7,13919.251222
-3.745129,50,13921.677597
-3.323613,50,13924.208687
-0.393915,6,13924.459845
-1.857513,18,13925.416476
-5.38507,50,13927.863814
-4.993724,50,13930.451841
-3.559172,50,13932.934291
-4.722093,50,13935.591862
-0.684954,11,13936.194656
-0.031593,1,13936.254594
-2.892303,30,13937.902056
-4.749995,50,13940.55299
-5.213575,50,13943.106085
-0.045469,1,13943.157632
-2.99731,30,13944.74291
-2.301074,22,13945.798861
-0.449569,9,13946.210252
-0.042443,1,13946.274232
-4.613363,50,13948.664929
-0.943866,12,13949.295817
-1.371875,23,13950.410098
-0.869898,14,13951.160526
-5.071868,50,13953.531036
-0.035735,1,13953.594663
-0.371965,7,13954.027591
-4.393735,50,13956.614307
-0.499789,8,13957.037489
-0.951721,10,13957.551732
-4.062907,50,13960.07604
-4.498257,50,13962.594836
-0.767148,9,13963.020806
-0.29178,6,13963.290339
-0.67529,8,13963.700788
-0.898666,9,13964.157318
-3.950941,50,13966.746977
-3.319096,50,13969.369039
-0.675329,9,13969.809877
-0.704969,9,13970.225893
-5.347615,50,13972.685338
-0.431566,7,13973.064296
-0.361867,7,13973.434131
-0.03578,1,13973.504884
-4.89067,50,13976.478913
-3.047877,50,13979.176481
-0.39333,6,13979.443297
-0.049657,1,13979.490757
-0.900957,12,13980.11201
-5.188279,50,13982.597836
-0.61271,8,13983.023286
-1.017439,15,13983.803791
-0.632008,9,13984.278433
-0.744677,12,13984.886061
-0.661214,8,13985.246687
-2.895014,50,13987.705001
-5.065198,50,13990.222543
-0.446975,7,13990.618578
-3.893185,50,13993.108742
-3.524262,50,13995.791873
-3.961399,50,13998.230672
-4.737,50,14000.644993
-5.469483,50,14003.112004
-4.347128,50,14005.623756
-0.604054,8,14006.018131
-5.35698,50,14008.58609
-2.023489,29,14009.944546
-0.991784,12,14010.553547
-0.390814,6,14010.869541
-0.456646,8,14011.272862
-0.025051,1,14011.320874
-0.400371,6,14011.628752
-5.216991,50,14014.114392
-0.041504,1,14014.161254
-4.797699,50,14016.822489
-4.414393,50,14019.438245
-0.021387,1,14019.517628
-3.146909,50,14022.100178
-0.513299,8,14022.5246
-3.297507,50,14025.32487
-3.301471,50,14027.904189
-0.524926,7,14028.224045
-4.532022,50,14030.887537
-1.117123,14,14031.621129
-0.043526,1,14031.652374
-6.350343,50,14034.147581
-5.149083,50,14036.629191
-4.299125,50,14039.149553
-3.173387,50,14041.663636
-3.361586,50,14044.279678
-4.800311,50,14046.89395
-0.811975,14,14047.64993
-1.206633,11,14048.17257
-3.598161,50,14050.620098
-0.041488,1,14050.68259
-4.947177,50,14053.207879
-0.045504,1,14053.272677
-0.562102,8,14053.664418
-0.587941,8,14054.031643
-0.707718,9,14054.435313
-4.445173,50,14056.779114
-1.207469,15,14057.526735
-0.019106,1,14057.590524
-3.776584,50,14060.264244
-0.043533,1,14060.32673
-0.023862,1,14060.357974
-0.419408,7,14060.732549
-0.038008,1,14060.812679
-0.443402,7,14061.126342
-0.047666,1,14061.157586
-0.900891,14,14061.85306
-4.729979,50,14064.483883
-0.426045,7,14064.849327
-2.867862,50,14067.359052
-0.696891,8,14067.737846
-0.288003,6,14068.061316
-3.733651,50,14070.623405
-0.549291,8,14071.055302
-2.516614,50,14073.600721
-4.659202,50,14076.251304
-0.701125,8,14076.647476
-0.520005,7,14076.977689
-5.065604,50,14079.507652
-4.978453,50,14082.104947
-4.894261,50,14084.63117
-3.636005,50,14087.051991
-0.008603,1,14087.098854
-0.009251,1,14087.152119
-0.646186,9,14087.693664
-0.541235,9,14088.178378
-0.017923,1,14088.225247
-6.553402,50,14090.638491
-0.772688,9,14091.128678
-3.637838,42,14093.247691
-0.045053,1,14093.310171
-0.98995,12,14093.992915
-0.030659,1,14094.03978
-3.023328,50,14096.63826
-3.777384,50,14099.239466
-0.042067,1,14099.28594
-4.602303,50,14101.7242
-0.896156,9,14102.170012
-4.563459,50,14104.716585
-0.742557,11,14105.309519
-6.066403,50,14107.957024
-0.713188,9,14108.448528
-5.782439,50,14111.058748
-0.018357,1,14111.127476
-3.8277,50,14113.707164
-0.047535,1,14113.757034
-0.449431,7,14114.104065
-5.302075,50,14116.850157
-0.643229,9,14117.345638
-0.399715,6,14117.612713
-0.454871,8,14117.972036
-6.059312,50,14120.575141
-3.264788,50,14123.02953
-0.806243,9,14123.535349
-0.025192,1,14123.597833
-0.498781,9,14124.121305
-6.622241,50,14126.863745
-0.712816,9,14127.321824
-0.747869,10,14127.829025
-0.041883,1,14127.880985
-4.091497,50,14130.349028
-4.331713,50,14132.906501
-2.080848,26,14134.239615
-0.820713,13,14134.913378
-3.311455,50,14137.407353
-0.048426,1,14137.438559
-3.690384,50,14140.013947
-0.905603,11,14140.530045
-0.017199,1,14140.576901
-5.618166,50,14143.155806
-0.041616,1,14143.202671
-1.71112,18,14144.199349
-0.012861,1,14144.230597
-4.155089,50,14146.75975
-4.85151,50,14149.291797
-4.231643,50,14151.875852
-3.890312,50,14154.33645
-0.808838,9,14154.743806
-0.961901,10,14155.217204
-0.375501,7,14155.591912
-0.460043,7,14155.937919
-1.327776,15,14156.735924
-4.875378,50,14159.187364
-0.046735,1,14159.255163
-5.227413,50,14161.69829
-0.482583,8,14162.044986
-5.46033,50,14164.594773
-0.043479,1,14164.656163
-0.881557,9,14165.08384
-5.197966,50,14167.502134
-5.125133,50,14169.978686
-0.707758,10,14170.479333
-4.93515,50,14173.087463
-0.552923,9,14173.561007
-0.036998,1,14173.607867
-3.681448,50,14176.184485
-0.765762,9,14176.630689
-1.00276,13,14177.295395
-3.437788,50,14179.882589
-0.03342,1,14179.95558
-0.591986,7,14180.317322
-0.877997,9,14180.775355
-6.508988,50,14183.300319
-0.654972,12,14184.006778
-0.842661,11,14184.573041
-0.042698,1,14184.635527
-4.65821,50,14187.092929
-0.044511,1,14187.159208
-0.489061,7,14187.553524
-4.995012,50,14190.105336
-0.393474,7,14190.467117
-0.633788,9,14190.965605
-2.421637,28,14192.378469
-0.041876,1,14192.40971
-4.675478,50,14194.888129
-0.553888,8,14195.2765
-0.788557,9,14195.733064
-5.937866,50,14198.171431
-0.741341,11,14198.792845
-0.612488,8,14199.260247
-1.436288,14,14200.044801
-4.185909,50,14202.4363
-4.055653,50,14205.003633
-0.916726,10,14205.5077
-0.359697,6,14205.838006
-0.799126,10,14206.340331
-0.50369,10,14206.801386
-6.348341,50,14209.149799
-0.035638,1,14209.196659
-0.028837,1,14209.259181
-1.066083,14,14209.97678
-4.70193,50,14212.438682
-4.475984,50,14214.968487
-4.736394,50,14217.36674
-6.474228,50,14219.786756
-4.535371,50,14222.508086
-0.67537,8,14222.932285
-0.644088,9,14223.376664
-1.159197,12,14223.961912
-1.714792,25,14225.117676
-4.02487,50,14227.853481
-5.191062,50,14230.345823
-4.347522,50,14232.806192
-4.689317,50,14235.172872
-4.291553,50,14237.651918
-6.62786,50,14240.162678
-0.049122,1,14240.225129
-0.574033,9,14240.740513
-4.626961,50,14243.316111
-0.514892,7,14243.701223
-0.788663,9,14244.138645
-4.000963,50,14246.788137
-4.38463,50,14249.362901
-3.286412,41,14251.472214
-3.535345,49,14253.926958
-3.701834,50,14256.372816
-2.2536,25,14257.706121
-0.349325,7,14258.072447
-5.544613,50,14260.500733
-4.99115,50,14263.255138
-0.640087,10,14263.730733
-3.590538,50,14266.425091
-1.033945,12,14267.055515
-0.028293,1,14267.105465
-0.346843,6,14267.389714
-4.408738,50,14269.941792
-0.370862,7,14270.32217
-3.703352,50,14272.765046
-1.163744,13,14273.466431
-0.048374,1,14273.514584
-0.690932,12,14274.168213
-3.918826,50,14276.965501
-3.509284,50,14279.302042
-0.469242,8,14279.696131
-1.173435,17,14280.544465
-3.842011,50,14283.048746
-0.582319,9,14283.504177
-0.016255,1,14283.551041
-0.335368,6,14283.882977
-0.046952,1,14283.949501
-0.045719,1,14284.011987
-0.974385,12,14284.715761
-0.423242,7,14285.082938
-0.048563,1,14285.143971
-4.518791,50,14287.649598
-3.274852,50,14290.416734
-0.02733,1,14290.480357
-2.636199,50,14293.079548
-0.044786,1,14293.126406
-4.71214,50,14295.761402
-0.329383,6,14296.05038
-5.884963,50,14298.806933
-3.392169,50,14301.298512
-0.779679,9,14301.721505
-0.776168,10,14302.213001
-1.674833,22,14303.41543
-2.020065,23,14304.666085
-0.019591,1,14304.697329
-2.595096,50,14307.221892
-5.507958,50,14309.849698
-0.045764,1,14309.89658
-5.273972,50,14312.437153
-0.566282,8,14312.891453
-0.397073,6,14313.246836
-10.504824,50,14315.7504
-0.048837,1,14315.797263
-0.022275,1,14315.828506
-0.650055,10,14316.34111
-0.660012,9,14316.88753
-0.635376,8,14317.317991
-5.089039,50,14319.755893
-0.736962,9,14320.150094
-3.592144,50,14322.729322
-0.027232,1,14322.776191
-3.854388,50,14325.243076
-0.824408,9,14325.679879
-5.297027,50,14328.061954
-0.029824,1,14328.113061
-0.590894,8,14328.522886
-0.34843,6,14328.814806
-5.820877,50,14331.419863
-0.303445,6,14331.733806
-4.499153,50,14334.400486
-0.412091,7,14334.759894
-3.656114,50,14337.367328
-0.558282,8,14337.760962
-0.928576,10,14338.20757
-5.609381,50,14340.710346
-0.028941,1,14340.774504
-0.029255,1,14340.839251
-4.912004,50,14343.407232
-0.843781,10,14343.925575
-3.151458,50,14346.424755
-0.527231,8,14346.825467
-0.573197,7,14347.190094
-0.306222,6,14347.538006
-5.202739,50,14350.042435
-0.748293,11,14350.560354
-0.416212,6,14350.87398
-0.016925,1,14350.934509
-5.233231,50,14353.37394
-3.287726,50,14355.885933
-0.402481,7,14356.220191
