#{"t_start": 1779724689.290449, "env_id": "PandaPush-v3"}
r,l,t
-2.678545,50,2.499409
-5.76134,50,2.640002
-0.592406,12,2.671245
-6.6574,50,2.827493
-5.875681,50,2.968085
-4.866447,50,3.10864
-0.042935,1,3.10864
-4.379946,50,3.249233
-0.032779,1,3.249233
-5.153183,50,3.389865
-0.043758,1,3.389865
-0.044587,1,3.405483
-3.870627,50,3.561696
-0.031827,1,3.561696
-0.037506,1,3.561696
-3.41861,50,3.702253
-5.325781,50,3.842845
-4.579255,50,3.983435
-4.128235,50,4.13965
-5.779875,50,4.280242
-1.737717,27,4.373968
-0.043348,1,4.373968
-5.345934,50,4.514603
-4.150577,50,4.639533
-5.913165,50,4.795744
-0.028314,1,4.795744
-4.506455,50,4.936373
-0.005885,1,4.936373
-0.049905,1,4.951965
-5.787929,50,5.092587
-6.33673,50,5.217558
-6.030822,50,6.264156
-5.8885,50,7.373271
-3.230631,50,8.529248
-4.869034,50,9.653984
-0.013846,1,9.669606
-6.786001,50,10.794337
-5.200998,50,11.825347
-2.584483,50,12.887629
-5.520979,50,13.934226
-0.034116,1,13.965467
-0.049808,1,13.981089
-4.751343,50,15.074583
-0.045703,1,15.105824
-3.157443,50,16.136834
-3.297779,50,17.183461
-4.775389,50,18.245713
-3.606649,50,19.542283
-4.202938,50,21.010693
-3.336238,50,22.08856
-10.113618,50,23.166432
-2.728475,50,24.244305
-5.798345,50,25.369039
-4.562687,50,26.446915
-4.765243,50,27.58727
-2.992657,50,28.665142
-3.816443,50,29.789879
-5.282799,50,30.867749
-4.918949,50,31.89876
-6.255184,50,33.039113
-4.405801,50,34.195138
-2.739731,50,35.272967
-4.232896,50,36.382081
-3.157513,50,37.444362
-4.116992,50,38.569064
-4.987403,50,39.615694
-4.866633,50,40.724806
-3.568833,50,41.833922
-0.02568,1,41.849546
-8.661413,50,42.943037
-3.415607,50,44.005287
-4.700972,50,45.067542
-3.745256,50,46.145412
-4.9316,50,47.254526
-6.053577,50,48.36364
-0.026826,1,48.394881
-2.516228,50,49.441511
-0.008066,1,49.472753
-4.147306,50,50.597492
-3.082228,50,51.706615
-5.611533,50,52.8001
-4.810424,50,53.862351
-4.417117,50,54.955845
-3.5748,50,56.049385
-6.763193,50,57.127207
-3.853198,50,58.251942
-3.564536,50,59.28295
-9.892423,50,60.345201
-0.032099,1,60.376446
-3.984979,50,61.469935
-5.169607,50,62.54781
-3.802245,50,63.625683
-3.521713,50,64.719172
-4.739673,50,65.828287
-4.147169,50,66.890543
-2.882622,50,67.968412
-18.30445,50,69.046284
-4.269284,50,70.077292
-0.023033,1,70.108531
-4.710648,50,71.170783
-4.054437,50,72.373624
-0.044491,1,72.389246
-3.772496,50,73.435876
-3.613146,50,74.498128
-2.603643,50,75.685348
-4.35907,50,76.747597
-4.768838,50,77.809852
-3.989673,50,78.93464
-2.608958,50,80.012458
-0.04444,1,80.043697
-5.360384,50,81.105948
-5.830764,50,82.261926
-2.94906,50,83.386666
-6.523585,50,84.417671
-2.609436,50,85.558028
-4.961679,50,86.651522
-5.032233,50,87.760639
-3.59306,50,88.869756
-4.089082,50,89.916383
-4.311941,50,91.025497
-7.203728,50,92.092003
-4.804324,50,93.154254
-3.189981,50,94.227245
-15.767507,50,95.273875
-4.119014,50,96.398613
-4.744146,50,97.460863
-0.015184,1,97.476484
-1.486774,15,97.820153
-4.771995,50,98.866781
-3.256088,50,99.944657
-4.2403,50,101.085047
-5.241998,50,102.162879
-4.821196,50,103.256378
-3.152849,50,104.334247
-6.39841,50,105.380879
-5.441897,50,106.458751
-3.379209,50,107.53662
-5.294736,50,108.614491
-4.885197,50,109.661122
-4.103312,50,110.707752
-2.750094,50,111.863727
-3.38641,50,112.9416
-3.120108,50,114.050713
-0.030349,1,114.066334
-0.042397,1,114.1132
-0.008449,1,114.144445
-3.336577,50,115.222313
-5.637104,50,116.315811
-3.425742,50,117.424924
-0.048584,1,117.456167
-4.039842,50,118.534035
-0.030288,1,118.549659
-3.22771,50,119.64315
-5.457946,50,120.752265
-3.310886,50,121.814519
-3.26394,50,122.939251
-3.170449,50,124.095232
-4.279414,50,125.173106
-5.115882,50,126.250978
-0.045932,1,126.266596
-0.031776,1,126.297838
-0.039898,1,126.32908
-0.025376,1,126.344702
-0.036858,1,126.375949
-0.024255,1,126.391571
-0.026872,1,126.422811
-3.505088,50,127.453816
-5.942498,50,128.594173
-4.882128,50,129.656428
-8.248272,50,130.812404
-0.020995,1,130.843648
-2.940214,50,131.921516
-15.433521,50,132.983802
-3.768242,50,134.0304
-10.948002,50,135.061407
-2.860105,50,136.186141
-0.043569,1,136.217384
-4.307136,50,137.310877
-4.756731,50,138.388747
-3.057195,50,139.482243
-4.11787,50,140.544492
-0.048315,1,140.560111
-3.180319,50,141.606745
-4.032925,50,142.809586
-4.967223,50,143.918699
-4.319601,50,144.949707
-0.037256,1,144.980952
-5.150505,50,146.058821
-5.678082,50,147.167935
-4.54005,50,148.230187
-0.025634,1,148.26143
-3.124095,50,149.448649
-6.478618,50,150.713981
-0.039657,1,150.729606
-4.232828,50,151.823092
-3.558394,50,152.900964
-4.634059,50,153.963215
-3.97386,50,155.072333
-3.216109,50,156.150205
-4.306675,50,157.212452
-5.410672,50,158.321571
-0.048878,1,158.352808
-4.202588,50,159.399441
-3.267774,50,160.461689
-3.881107,50,161.586424
-0.048358,1,161.602046
-4.342378,50,162.648679
-3.70097,50,163.710928
-6.101192,50,164.866902
-4.394564,50,165.976018
-4.927281,50,167.02265
-17.846417,50,168.13176
-0.00884,1,168.163006
-8.056113,50,169.240877
-3.101753,50,170.34999
-3.068663,50,171.396621
-0.044261,1,171.427864
-3.236624,50,172.474495
-5.242676,50,173.614851
-5.326115,50,174.645856
-10.091814,50,175.770592
-3.708286,50,176.848464
-2.827792,50,177.926337
-4.679031,50,179.019831
-6.504371,50,180.0977
-5.003943,50,181.191196
-3.050241,50,182.284691
-3.395431,50,183.331319
-5.416203,50,184.409193
-5.313045,50,185.487062
-4.419887,50,186.56493
-3.824853,50,187.627182
-0.569049,11,187.892746
-3.447308,50,188.970617
-0.048136,1,188.986239
-5.245746,50,190.095357
-0.02303,1,190.14222
-3.315486,50,191.142002
-8.846012,50,192.282339
-5.356883,50,193.422702
-3.928982,50,194.438082
-3.458771,50,195.484712
-4.964452,50,196.578207
-3.083935,50,197.640455
-0.048017,1,197.671702
-4.941964,50,198.687088
-4.242874,50,199.749335
-0.032023,1,199.780578
-6.737902,50,200.858459
-5.125432,50,205.123073
-3.716842,50,206.185322
-4.605466,50,207.294439
-0.03534,1,207.341301
-5.065374,50,208.46604
-6.460853,50,209.57515
-11.522296,50,210.731131
-4.090464,50,211.855872
-0.034616,1,211.887114
-3.071318,50,212.94936
-12.52162,50,214.011614
-5.095838,50,215.120731
-3.469015,50,216.21422
-9.733838,50,217.448305
-5.170824,50,218.800755
-4.453107,50,221.161171
-5.90123,50,224.132694
-4.989802,50,225.541275
-3.291017,50,227.039621
-4.97376,50,231.116322
-0.037376,1,231.151563
-3.200242,50,233.103242
-5.010512,50,235.116126
-3.811509,50,237.449705
-3.903773,50,239.25902
-4.0752,50,241.146281
-4.686643,50,242.994348
-7.760517,50,245.005805
-6.485361,50,246.839255
-4.203783,50,248.687846
-3.153434,50,250.518746
-0.010647,1,250.582786
-4.562829,50,252.553502
-7.076766,50,255.478873
-10.234548,50,257.893876
-3.341096,50,259.646809
-5.169866,50,262.713774
-3.370109,50,265.751546
-0.02525,1,265.798563
-5.436328,50,268.346369
-0.04235,1,268.41177
-4.257261,50,271.505992
-5.012228,50,273.528949
-9.699918,50,275.445956
-0.049146,1,275.491571
-3.878318,50,277.762159
-0.004662,1,277.800715
-3.670159,50,279.729107
-4.178303,50,281.842411
-4.710677,50,283.706675
-0.017226,1,283.735862
-4.764747,50,285.659605
-3.107117,50,287.553012
-3.302458,50,289.467724
-3.857394,50,291.306183
-14.069953,50,293.343249
-0.032026,1,293.372284
-4.792048,50,295.209704
-5.001837,50,296.949476
-12.65449,50,298.700229
-3.585766,50,300.493199
-3.035768,50,302.330229
-0.033506,1,302.370352
-3.9554,50,304.108784
-2.742319,50,305.979076
-5.540875,50,307.811629
-0.03172,1,307.844971
-4.416578,50,309.657588
-2.680006,33,310.837516
-0.034375,1,310.868784
-8.937646,50,313.108175
-0.048832,1,313.153779
-3.826748,50,314.989532
-4.601192,50,316.887589
-4.583494,50,318.737219
-2.77587,50,320.516564
-0.044274,1,320.551438
-0.045511,1,320.587236
-4.832165,50,322.350398
-3.576968,50,324.218343
-5.138443,50,326.046305
-0.04204,1,326.08176
-4.826118,50,327.895605
-4.378684,50,329.818133
-12.158097,50,331.597712
-0.012837,1,331.629848
-4.074989,50,333.407549
-5.074012,50,335.213731
-4.594959,50,337.023992
-5.956656,50,338.787508
-6.9258,50,341.040263
-0.046885,1,341.09343
-3.515403,50,342.844417
-6.004705,50,344.691136
-0.014247,1,344.727405
-3.778577,50,346.483644
-1.912137,31,347.688432
-3.012621,50,349.555598
-5.197527,50,351.496716
-0.041106,1,351.540078
-3.10401,50,353.40308
-0.002267,1,353.436093
-3.319858,50,355.220491
-5.658882,50,357.219366
-5.501835,50,359.010727
-3.996954,50,360.776111
-5.238611,50,363.064816
-3.609006,50,364.779427
-4.733692,50,366.478276
-3.670469,50,368.231765
-1.336335,19,368.922266
-3.663154,50,370.680345
-3.605057,50,372.424951
-5.326049,50,374.256659
-4.860661,50,376.244426
-3.483766,50,378.191763
-8.814005,50,380.01038
-0.035651,1,380.058126
-4.587978,50,381.886109
-3.951542,50,383.83716
-3.681293,50,385.769466
-3.461454,50,387.66311
-2.690528,37,388.997334
-3.285595,50,390.816008
-3.333067,50,392.627317
-2.786049,50,394.366596
-3.289756,50,396.082211
-4.961212,50,397.911869
-5.246257,50,399.725724
-6.342021,50,401.54323
-5.485149,50,403.72625
-5.928805,50,405.625553
-5.168158,50,407.410264
-0.020407,1,407.444159
-3.067107,50,409.366802
-0.027653,1,409.408813
-6.856845,50,411.277273
-4.320551,50,413.154997
-4.023171,50,414.975255
-4.539339,50,416.767366
-4.92485,50,418.568569
-2.93725,50,420.421776
-5.048635,50,422.269894
-5.389163,50,424.082386
-3.183714,50,425.866677
-2.657615,50,427.670476
-6.325638,50,429.482565
-4.510664,50,431.264418
-13.958501,50,433.163889
-4.066846,50,434.926825
-3.230895,50,436.739149
-0.045996,1,436.789582
-0.037107,1,436.824968
-14.774999,50,438.62592
-17.829976,50,440.480199
-0.038115,1,440.535343
-0.033822,1,440.585124
-5.694407,50,442.353594
-0.048306,1,442.407873
-2.834648,50,444.270266
-3.782456,50,446.052693
-4.301491,50,447.763257
-4.802422,50,449.53617
-3.04171,50,451.39728
-4.646725,50,453.182342
-0.032326,1,453.216413
-4.824754,50,454.960057
-6.36969,50,456.617822
-4.680324,50,459.04514
-5.123984,50,460.827533
-3.868085,50,462.662446
-3.301497,50,464.428684
-3.454761,50,466.162685
-0.032728,1,466.197222
-3.662202,50,468.011581
-5.686795,50,469.889333
-4.057277,50,471.708407
-2.602843,50,473.487849
-3.606728,50,475.310538
-0.03833,1,475.367383
-5.196692,50,477.180331
-4.773156,50,478.969326
-6.331385,50,480.804295
-2.835397,50,482.681669
-4.454018,50,484.41488
-3.234762,50,486.17733
-4.204859,50,487.998375
-4.965425,50,489.799626
-4.175827,50,491.574558
-0.042327,1,491.601988
-2.937503,50,493.339404
-5.268512,50,495.065503
-5.125212,50,496.780388
-5.60556,50,498.539121
-5.525962,50,500.264377
-0.027233,1,500.312628
-4.953949,50,502.043441
-0.025086,1,502.091191
-3.445177,50,503.840567
-6.049524,50,505.716303
-0.035585,1,505.758927
-4.750397,50,507.907458
-0.011457,1,507.938911
-2.834929,50,509.732279
-0.026185,1,509.763287
-4.307288,50,511.718876
-5.283559,50,513.510891
-5.243878,50,515.253552
-7.025192,50,517.176446
-0.046635,1,517.243524
-5.523803,50,518.817803
-6.601284,50,520.229763
-5.499895,50,521.443131
-0.022106,1,521.467319
-4.461914,50,522.685469
-4.146604,50,523.919346
-8.630471,50,525.144132
-5.640655,50,526.324723
-0.048059,1,526.348997
-5.834869,50,527.546783
-4.546133,50,528.619568
-4.564484,50,529.65236
-5.995511,50,530.749755
-5.759301,50,531.838292
-0.03151,1,531.85837
-5.436261,50,532.929776
-4.697155,50,533.968815
-4.640316,50,535.002464
-5.114531,50,536.065765
-4.775457,50,537.0977
-5.07441,50,538.152772
-6.049736,50,539.229478
-4.812345,50,540.287672
-5.036066,50,541.356294
-0.036739,1,541.378532
-4.825858,50,542.468663
-0.0388,1,542.497696
-4.711753,50,543.548157
-5.24611,50,544.614373
-4.506528,50,545.683369
-4.677057,50,546.693643
-3.718487,50,547.738753
-0.039919,1,547.768737
-5.78883,50,548.862121
-2.927787,50,549.894914
-4.480098,50,550.973386
-4.246928,50,552.025666
-0.025829,1,552.057943
-3.092998,50,556.521208
-3.037837,50,557.564136
-4.993229,50,558.673104
-4.780012,50,559.718731
-6.540843,50,560.7895
-5.205749,50,561.868105
-4.172606,50,562.928542
-4.325562,50,564.030965
-2.732533,50,565.062891
-4.735376,50,566.106686
-4.171466,50,567.155237
-6.68588,50,568.240579
-4.778475,50,569.318969
-3.437067,50,570.393106
-3.076665,50,571.456836
-4.586928,50,572.511737
-5.254045,50,573.526109
-6.624849,50,574.569419
-3.369469,50,575.624918
-4.002868,50,576.694871
-0.044718,1,576.72103
-6.389918,50,577.820575
-4.419477,50,578.893623
-2.532935,50,579.932157
-4.027571,50,580.982416
-2.706268,50,582.01335
-4.372206,50,583.114879
-0.023175,1,583.145051
-2.82599,50,584.244978
-2.548573,50,585.31865
-4.787621,50,586.399561
-3.407553,50,587.450905
-4.87858,50,588.490762
-4.469785,50,589.5467
-5.637335,50,590.60571
-4.949132,50,591.65526
-3.177424,50,592.704819
-0.009196,1,592.726997
-0.02817,1,592.757164
-5.308625,50,593.792848
-3.178436,50,594.81936
-3.865786,50,595.862992
-3.693184,50,596.904576
-6.073449,50,597.981271
-2.873317,50,599.035561
-3.630663,50,600.069281
-0.015018,1,600.089991
-4.186514,50,601.143986
-5.085294,50,602.166299
-3.725353,50,603.200746
-4.766639,50,604.268619
-4.722145,50,605.350678
-2.858651,50,606.398804
-0.039357,1,606.418963
-2.579174,50,607.480438
-4.987129,50,608.590104
-4.70024,50,609.736927
-6.063158,50,610.800136
-5.330696,50,611.836756
-6.625694,50,612.886319
-4.322487,50,613.917825
-0.047526,1,613.938634
-5.141512,50,615.009869
-0.028356,1,615.042535
-6.503575,50,616.083031
-4.291663,50,617.13176
-4.524942,50,618.201431
-4.75007,50,619.26873
-2.745303,50,620.319405
-4.781739,50,621.357768
-4.214936,50,622.408472
-0.0313,1,622.449174
-0.047197,1,622.471325
-3.935386,50,623.535773
-4.085381,50,624.58598
-3.600768,50,625.726166
-3.636448,50,626.83608
-3.577223,50,627.844936
-5.728318,50,628.889663
-3.618382,50,629.971347
-3.959903,50,631.034204
-3.843678,50,632.083383
-0.034519,1,632.103639
-3.86066,50,633.186483
-4.181872,50,634.438132
-3.965982,50,635.47425
-3.155025,50,636.51075
-5.018726,50,637.560286
-0.045245,1,637.580504
-3.245555,50,638.672152
-4.604015,50,639.668765
-4.555085,50,640.739467
-3.801974,50,641.772436
-0.034647,1,641.792492
-4.727463,50,642.834451
-5.600302,50,643.913362
-6.212532,50,644.955647
-3.971153,50,646.031587
-2.507816,50,647.10391
-5.036874,50,648.159276
-2.873155,50,649.197675
-4.609722,50,650.285576
-4.24074,50,651.368581
-4.414492,50,652.451378
-0.022186,1,652.47056
-4.269788,50,653.541717
-2.666841,50,654.576315
-6.569638,50,655.603069
-4.964772,50,656.632551
-5.062807,50,657.710599
-6.374086,50,658.790752
-4.695261,50,659.868035
-3.565185,50,660.921729
-3.485561,50,661.99462
-4.696314,50,663.081375
-3.34399,50,664.144767
-6.428814,50,665.188392
-4.45432,50,666.245909
-4.548616,50,667.277437
-5.397421,50,668.312909
-3.759574,50,669.365183
-0.022317,1,669.38537
-3.923819,50,670.434367
-0.040331,1,670.462674
-4.36816,50,671.536588
-4.705617,50,672.571215
-5.45803,50,673.856052
-3.395229,50,674.919027
-0.047379,1,674.938975
-4.943015,50,675.967445
-3.584461,50,676.983281
-3.58309,50,678.037497
-3.198871,50,679.061065
-3.048624,50,680.118827
-0.047462,1,680.145839
-3.107863,50,681.190506
-2.942442,50,682.235777
-4.030204,50,683.358642
-4.308028,50,684.499652
-5.377085,50,685.566291
-5.573873,50,686.573221
-4.736954,50,687.611399
-4.448411,50,688.657552
-6.854145,50,689.74005
-0.011988,1,689.760347
-5.293349,50,690.857242
-6.030205,50,691.915284
-3.334596,50,692.96613
-4.813988,50,694.026891
-3.096793,50,695.10461
-4.366249,50,696.148254
-4.942244,50,697.206503
-2.648465,50,698.252144
-3.17478,50,699.333297
-0.029345,1,699.353623
-3.595496,50,700.396037
-3.67358,50,701.499972
-4.635972,50,702.531964
-6.426173,50,703.571399
-3.44868,50,704.661963
-2.503982,50,705.693825
-0.041861,1,705.713773
-5.604744,50,706.768944
-0.015408,1,706.807163
-0.015762,1,706.832345
-0.044382,1,706.853538
-5.169528,50,707.892406
-3.949292,50,708.968666
-6.61549,50,710.0627
-4.549045,50,711.12463
-6.067667,50,712.166911
-4.400959,50,713.23771
-0.040671,1,713.257859
-4.718474,50,714.318928
-3.6954,50,715.362485
-4.989973,50,716.413654
-4.235512,50,717.443574
-6.382931,50,718.466038
-3.258914,50,719.481162
-3.558569,50,720.544051
-6.057562,50,721.600651
-3.552886,50,722.650834
-0.034678,1,722.66894
-3.364622,50,723.701597
-0.028748,1,723.718684
-2.848032,50,724.789053
-5.84533,50,725.839641
-5.543459,50,726.898956
-4.743908,50,727.94359
-0.04411,1,727.963461
-3.389739,50,729.006321
-4.967056,50,730.076118
-3.296499,50,731.11643
-0.049489,1,731.136507
-5.38436,50,732.139411
-4.348487,50,733.184131
-2.81414,50,734.251249
-6.716834,50,735.320686
-0.014732,1,735.341753
-4.204969,50,736.407539
-5.804229,50,737.460316
-5.203548,50,738.468841
-4.002474,50,739.541043
-4.839228,50,740.651675
-6.149472,50,741.726135
-0.016077,1,741.746341
-4.096534,50,742.762965
-4.778436,50,743.812677
-4.533474,50,744.890238
-3.25313,50,745.953181
-0.049671,1,745.973358
-3.960836,50,747.041954
-4.144094,50,748.066334
-4.703404,50,749.09736
-4.175353,50,750.178325
-0.021292,1,750.21256
-5.301866,50,751.24414
-0.04404,1,751.267064
-6.653958,50,752.314831
-4.506446,50,753.390642
-5.638558,50,754.436888
-3.594352,50,755.487387
-4.930868,50,756.542722
-3.180894,50,757.73951
-4.706434,50,758.823847
-4.514779,50,759.868744
-0.029844,1,759.90071
-4.603697,50,760.959937
-6.010972,50,762.020575
-4.404955,50,763.063813
-4.78281,50,764.097146
-5.476971,50,765.173214
-3.6097,50,766.206704
-0.026043,1,766.227867
-4.140394,50,767.283519
-3.789252,50,771.048321
-3.725477,50,772.108898
-4.716399,50,773.146696
-0.04263,1,773.168834
-6.412754,50,774.219483
-0.045359,1,774.241524
-5.719405,50,775.275507
-3.850704,50,776.318742
-2.946424,50,777.435967
-2.820051,50,778.475009
-4.499384,50,779.519039
-0.017977,1,779.538985
-0.02924,1,779.571473
-3.11939,50,780.656056
-4.966245,50,781.69843
-3.524939,50,782.745265
-3.768293,50,783.791188
-0.028843,1,783.815296
-5.878194,50,784.869308
-3.311558,50,785.915506
-5.005572,50,786.943764
-5.74611,50,787.994535
-3.827646,50,789.035389
-0.029405,1,789.055568
-3.87502,50,790.137939
-4.881003,50,791.186143
-3.37558,50,792.259311
-3.509842,50,793.317552
-2.794546,50,794.367732
-5.027726,50,795.402668
-0.048751,1,795.423864
-4.598572,50,796.483591
-0.047438,1,796.512877
-6.05844,50,797.616814
-0.028486,1,797.635889
-4.816612,50,798.670368
-5.026031,50,799.715958
-0.024371,1,799.737027
-4.502197,50,800.774159
-0.02911,1,800.794438
-0.032788,1,800.821764
-4.587007,50,801.868048
-2.839583,50,802.935498
-3.856762,50,803.991729
-3.563655,50,805.065162
-4.393768,50,806.114724
-5.132202,50,807.143835
-4.581738,50,808.196064
-3.960877,50,809.243336
-3.590035,50,810.366413
-5.233273,50,811.430818
-5.714252,50,812.468984
-4.543439,50,813.518937
-5.289902,50,814.554764
-0.035986,1,814.575077
-5.176075,50,815.628737
-4.858839,50,816.712506
-4.313074,50,817.77845
-3.551019,50,818.804809
-6.478086,50,819.90836
-4.562832,50,820.953267
-5.136188,50,822.014307
-4.867273,50,823.0842
-3.685821,50,824.156893
-4.690795,50,825.244109
-2.970995,50,826.294226
-3.463202,50,827.354406
-3.725004,50,828.40761
-3.684749,50,829.458493
-4.971244,50,830.518892
-0.042465,1,830.538841
-5.365544,50,831.589439
-4.566031,50,832.644227
-0.047515,1,832.664175
-4.256813,50,833.709481
-3.214386,50,834.795866
-5.799641,50,835.889849
-3.521123,50,836.900501
-4.83097,50,837.925174
-4.207182,50,838.978588
-3.664121,50,840.062798
-0.044025,1,840.090761
-3.953574,50,841.128781
-4.153544,50,842.312645
-5.44928,50,843.350864
-3.932385,50,844.404839
-5.273807,50,845.474228
-3.921205,50,846.71515
-2.999883,50,848.201797
-4.671379,50,849.231923
-3.01906,50,850.288085
-6.353487,50,851.321977
-3.817656,50,852.41349
-0.049723,1,852.434673
-0.044149,1,852.453842
-5.489695,50,853.48456
-4.372696,50,854.515668
-4.233143,50,855.573586
-4.557487,50,856.613434
-6.055461,50,857.64782
-0.049616,1,857.686
-4.717733,50,858.696658
-4.453677,50,859.719586
-6.060817,50,860.761881
-6.362056,50,861.826646
-4.109655,50,862.866271
-3.911536,50,863.967514
-4.973841,50,865.018291
-5.187074,50,866.062082
-4.361826,50,867.100113
-6.259972,50,868.211906
-4.391952,50,869.302649
-4.285374,50,870.355775
-6.167995,50,871.414717
-0.025936,1,871.437877
-4.985542,50,872.510245
-4.183006,50,873.551893
-3.737065,50,874.590467
-2.978459,50,875.685024
-4.648871,50,876.743043
-3.902955,50,877.797433
-0.042325,1,877.81848
-5.374146,50,878.875896
-3.77295,50,879.944856
-3.559813,50,881.015847
-4.906897,50,882.053381
-3.081579,50,883.099764
-4.173393,50,884.142466
-4.625223,50,885.226587
-6.403126,50,886.238883
-0.012688,1,886.259071
-0.042963,1,886.283259
-5.051619,50,887.347584
-5.560079,50,888.388113
-5.288924,50,889.428072
-5.354067,50,890.466751
-4.48405,50,891.565651
-0.026731,1,891.585488
-3.577119,50,892.617453
-5.215979,50,893.704307
-5.025463,50,894.771442
-0.044661,1,894.790507
-2.791879,50,895.814689
-0.042987,1,895.834858
-3.985305,50,896.86883
-4.770065,50,897.925959
-4.133183,50,898.967953
-2.718944,50,900.038412
-5.565008,50,901.069155
-4.465329,50,902.108572
-7.062748,50,903.182194
-0.918691,13,903.464722
-0.034385,1,903.493272
-3.239416,50,904.540033
-0.049211,1,904.5592
-6.061151,50,905.626377
-3.437417,50,906.666969
-0.048122,1,906.686806
-4.982908,50,907.740726
-4.74616,50,908.792734
-0.029587,1,908.825032
-4.542113,50,909.886406
-0.042327,1,909.906741
-5.101683,50,910.96382
-0.031605,1,910.993187
-4.621855,50,912.030734
-3.047776,50,913.077116
-3.091539,50,914.127884
-6.111794,50,915.226928
-0.013018,1,915.248436
-6.08803,50,916.257898
-4.034039,50,917.314925
-3.1429,50,918.347048
-0.008099,1,918.367111
-4.145987,50,919.396709
-0.048814,1,919.416766
-4.091251,50,920.500301
-5.206182,50,921.565041
-3.677826,50,922.593754
-3.769274,50,923.637038
-4.156723,50,924.718514
-0.041362,1,924.738552
-3.910629,50,925.827616
-4.91992,50,926.867893
-0.016101,1,926.893813
-0.043792,1,926.931822
-6.338635,50,927.988472
-5.254818,50,929.033561
-5.23634,50,930.097648
-5.372584,50,931.155673
-0.014029,1,931.16883
-5.299497,50,932.218864
-0.037337,1,932.266455
-4.786229,50,933.305528
-5.32916,50,934.331873
-3.880713,50,935.383518
-2.708369,50,936.443646
-3.200531,50,937.625895
-3.262334,50,938.904814
-2.629152,50,939.950148
-3.610233,50,941.031776
-0.039833,1,941.050983
-0.028507,1,941.068089
-4.292125,50,942.125788
-0.032307,1,942.166986
-5.421756,50,943.237033
-0.041823,1,943.257185
-5.44608,50,944.294649
-0.026466,1,944.325839
-6.31432,50,945.370188
-5.0077,50,946.434079
-4.40822,50,947.468846
-3.085287,50,948.545546
-5.283158,50,949.630297
-3.497517,50,950.715611
-0.047369,1,950.748628
-3.148425,50,951.842275
-5.209325,50,952.893707
-3.178279,50,953.949624
-13.508174,50,954.9979
-4.396549,50,956.063968
-0.045991,1,956.083155
-5.761572,50,957.153449
-0.033947,1,957.174612
-0.030216,1,957.202872
-0.040959,1,957.226075
-3.188828,50,958.247707
-3.116008,50,959.318648
-3.521247,50,960.391611
-0.021978,1,960.411813
-0.042256,1,960.432023
-4.057627,50,961.500746
-0.024593,1,961.530924
-6.371838,50,962.568315
-4.455423,50,963.670182
-0.7197,11,963.902777
-0.049187,1,963.918895
-3.406684,50,965.028726
-4.17045,50,966.107715
-3.469267,50,967.151011
-4.823742,50,968.248232
-3.244434,50,969.295643
-3.234341,50,970.376404
-3.219047,50,971.441992
-3.62794,50,972.496711
-0.049202,1,972.519904
-4.029653,50,973.553748
-6.418038,50,974.599747
-3.391557,50,975.709718
-4.138547,50,976.768762
-3.904696,50,977.808565
-5.290237,50,978.857838
-5.49337,50,979.925749
-4.187522,50,980.988373
-0.032221,1,981.008749
-0.019144,1,981.028931
-0.049959,1,981.063082
-6.118772,50,982.103498
-0.047067,1,982.122658
-6.349773,50,983.161534
-4.540479,50,987.388475
-3.500034,50,988.401659
-3.802131,50,989.447252
-6.345512,50,990.54426
-6.486037,50,991.66895
-4.118596,50,992.785452
-5.85518,50,993.822503
-5.579199,50,994.847198
-4.46821,50,995.918264
-3.727012,50,996.960942
-4.824754,50,998.018612
-0.02937,1,998.051742
-6.357668,50,999.102718
-2.787854,50,1000.192554
-3.71753,50,1001.344741
-0.032723,1,1001.365804
-4.872212,50,1002.468017
-2.853917,50,1003.519501
-3.576808,50,1004.556791
-5.227455,50,1005.650177
-6.075567,50,1006.71847
-3.114335,50,1007.771108
-4.224129,50,1008.84514
-5.013612,50,1009.905396
-8.119786,50,1011.028216
-3.726609,50,1012.090473
-4.54876,50,1013.164182
-3.826416,50,1014.277164
-3.412256,50,1015.338777
-3.025048,36,1016.094246
-4.065239,50,1017.164032
-4.990454,50,1018.239312
-2.505515,50,1019.293933
-4.993252,50,1020.319065
-5.661906,50,1021.364595
-3.73541,50,1022.409381
-2.659745,50,1023.468836
-3.251185,50,1024.547757
-2.968036,50,1025.618651
-0.025144,1,1025.637602
-0.035183,1,1025.665882
-5.259713,50,1026.704239
-0.04425,1,1026.724514
-5.603757,50,1027.818064
-5.076885,50,1028.935438
-4.094478,50,1029.964837
-5.163442,50,1031.059846
-3.041124,50,1032.133368
-0.020054,1,1032.168643
-5.720729,50,1033.217942
-4.206143,50,1034.264081
-3.602861,50,1035.354994
-3.531856,50,1036.435723
-6.035181,50,1037.455405
-0.033458,1,1037.475599
-3.824067,50,1038.534787
-0.023016,1,1038.566021
-2.986971,50,1039.616706
-5.060811,50,1040.751081
-3.018386,50,1041.787602
-5.234888,50,1042.928873
-4.72891,50,1044.038706
-5.337704,50,1045.068856
-3.94198,50,1046.176162
-0.04588,1,1046.204423
-5.220224,50,1047.257929
-3.098348,50,1048.323781
-4.270738,50,1049.358056
-0.042456,1,1049.391217
-0.029682,1,1049.41258
-5.13017,50,1050.806504
-3.443291,50,1051.868855
-3.504741,50,1052.963911
-4.828354,50,1054.017961
-3.634393,50,1055.068875
-0.020478,1,1055.094888
-0.018465,1,1055.124076
-4.143055,50,1056.188555
-3.238111,50,1057.267326
-0.028637,1,1057.291485
-5.013904,50,1058.396452
-4.496673,50,1059.42354
-4.34519,50,1060.531763
-0.007639,1,1060.551953
-0.039262,1,1060.581227
-4.88096,50,1061.658746
-0.040773,1,1061.668875
-5.550222,50,1062.718672
-3.269223,50,1063.768962
-2.817296,50,1064.853517
-4.720003,50,1065.8794
-0.013734,1,1065.89963
-6.333985,50,1066.967116
-3.914756,50,1068.002745
-3.391761,50,1069.051687
-3.957465,50,1070.139433
-2.883422,50,1071.426657
-4.446536,50,1072.458825
-4.112432,50,1073.543069
-6.785638,50,1074.603575
-5.51947,50,1075.768641
-0.04058,1,1075.796666
-4.507161,50,1077.116786
-5.107449,50,1078.450167
-4.298571,50,1079.521669
-4.927469,50,1080.565806
-4.569719,50,1081.620072
-0.040662,1,1081.640012
-3.409104,50,1082.676337
-5.108268,50,1083.84447
-2.599166,50,1085.391728
-5.663735,50,1086.868595
-4.588,50,1088.16267
-0.036366,1,1088.168783
-4.034276,50,1089.503875
-4.516631,50,1090.54134
-5.353229,50,1091.629885
-4.839432,50,1092.681472
-3.924805,50,1093.739316
-0.035345,1,1093.760497
-0.04582,1,1093.788481
-0.037295,1,1093.809746
-6.077476,50,1094.869118
-6.542604,50,1095.915015
-6.352785,50,1096.95323
-5.102716,50,1097.987559
-4.547928,50,1099.042096
-4.697327,50,1100.068794
-5.251403,50,1101.144143
-3.119273,50,1102.192164
-0.044991,1,1102.214198
-5.669476,50,1103.273359
-4.307643,50,1104.316725
-6.292035,50,1105.393508
-0.033472,1,1105.413706
-5.357895,50,1106.457199
-4.927904,50,1107.555491
-7.38294,50,1108.644593
-6.292582,50,1109.710401
-0.031669,1,1109.730673
-3.088328,50,1110.830537
-4.055942,50,1111.909449
-0.016215,1,1111.92961
-4.354986,50,1112.987164
-3.950948,50,1114.048872
-5.166219,50,1115.234933
-0.046015,1,1115.25515
-4.452974,50,1116.552267
-4.758617,50,1117.619791
-6.917302,50,1118.685732
-3.579258,50,1119.736587
-2.990636,50,1120.819847
-5.47505,50,1121.967789
-4.062777,50,1123.023757
-5.747372,50,1124.125318
-0.043692,1,1124.145497
-3.791166,50,1125.326946
-0.048233,1,1125.34405
-2.874861,50,1126.424768
-4.337829,50,1127.480095
-5.526758,50,1128.517988
-2.92147,50,1129.704525
-4.004963,50,1131.036257
-4.88595,50,1132.120935
-4.69965,50,1133.210693
-0.040973,1,1133.218808
-4.117174,50,1134.288754
-5.780661,50,1135.342678
-5.493992,50,1136.41065
-3.946479,50,1137.491297
-5.669379,50,1138.541363
-3.878419,50,1139.579092
-3.903989,50,1140.673532
-5.661589,50,1141.790082
-3.935995,50,1142.8531
-6.474356,50,1143.889274
-4.853587,50,1144.942414
-2.669627,50,1146.010736
-4.801735,50,1147.06778
-4.463908,50,1148.123417
-2.72234,50,1149.193426
-0.040722,1,1149.213519
-0.019697,1,1149.234449
-0.025626,1,1149.254705
-2.586841,50,1150.416759
-4.601444,50,1151.490337
-4.70333,50,1152.514762
-4.635725,50,1153.544867
-6.122249,50,1154.629922
-0.049513,1,1154.649093
-3.971277,50,1155.693276
-5.119283,50,1156.76263
-0.038418,1,1156.793054
-12.145775,50,1157.888169
-2.667837,50,1158.93888
-0.041707,1,1158.958039
-0.037733,1,1158.989951
-3.681887,50,1160.050553
-4.931845,50,1161.10755
-3.609099,50,1162.233627
-3.139755,50,1163.326139
-0.031768,1,1163.347301
-5.593879,50,1164.41275
-2.950404,50,1165.447118
-3.356559,50,1166.528677
-4.952801,50,1167.596644
-4.579308,50,1168.759769
-0.04981,1,1168.768893
-3.77549,50,1169.868913
-4.812713,50,1170.941898
-5.01011,50,1172.043092
-4.284334,50,1173.104644
-3.483256,50,1174.169299
-3.35857,50,1175.204949
-5.28507,50,1176.262531
-4.786073,50,1177.313346
-3.888593,50,1178.384101
-4.420524,50,1179.423336
-4.450811,50,1180.496836
-0.04549,1,1180.516929
-3.067089,50,1181.592627
-5.445743,50,1182.638836
-4.880296,50,1183.720846
-2.588991,50,1184.782151
-3.590117,50,1185.876123
-0.049036,1,1185.896379
-3.938788,50,1187.178091
-0.041829,1,1187.198355
-5.156837,50,1188.31862
-0.033183,1,1188.344499
-3.385368,50,1189.385401
-4.03092,50,1190.48402
-4.618156,50,1191.586633
-2.776425,50,1192.664288
-0.029773,1,1192.685489
-4.204541,50,1193.76458
-0.014395,1,1193.793596
-3.974047,50,1194.835345
-2.887587,50,1195.884581
-0.047732,1,1195.893691
-6.72273,50,1196.968721
-0.026333,1,1197.005694
-3.871379,50,1198.0953
-4.364753,50,1199.144024
-3.411452,50,1200.210536
-3.048925,50,1201.251994
-4.455348,50,1202.306848
-5.223024,50,1203.354194
-0.033024,1,1203.385111
-6.630316,50,1207.33933
-5.716113,50,1208.45887
-3.843744,50,1209.511549
-4.688584,50,1210.599054
-5.5729,50,1211.669585
-4.603185,50,1212.715863
-5.347782,50,1213.809758
-5.733389,50,1214.89089
-3.623271,50,1215.944958
-0.028353,1,1215.964906
-5.13135,50,1216.994128
-3.130573,50,1218.078485
-2.556907,50,1219.149729
-0.048514,1,1219.168839
-0.038681,1,1219.192774
-4.510197,50,1220.251153
-1.380579,21,1220.704279
-4.254541,50,1221.753896
-2.765287,50,1222.80258
-0.044893,1,1222.835752
-3.78231,50,1223.86294
-3.519443,50,1224.917387
-5.5476,50,1225.957719
-2.744453,50,1227.032914
-3.310883,50,1228.107629
-0.019212,1,1228.129862
-5.697492,50,1229.194224
-5.722364,50,1230.292615
-4.207897,50,1231.362736
-4.132116,50,1232.396623
-3.622509,50,1233.45383
-4.878339,50,1234.502267
-5.726669,50,1235.547297
-4.777439,50,1236.623698
-0.038017,1,1236.643846
-3.8079,50,1237.728987
-0.04461,1,1237.750152
-6.912855,50,1238.826783
-0.039158,1,1238.846937
-3.846845,50,1239.910706
-4.846325,50,1241.009077
-4.986127,50,1242.085514
-0.045695,1,1242.110651
-3.428259,50,1243.178322
-4.616073,50,1244.224796
-4.167012,50,1245.294317
-4.999976,50,1246.347124
-2.655266,50,1247.407011
-0.04897,1,1247.427292
-4.074122,50,1248.493454
-3.636818,50,1249.564999
-5.057471,50,1250.599054
-3.91473,50,1251.649037
-3.520897,50,1252.703591
-4.569539,50,1253.778494
-5.10098,50,1254.816781
-5.445855,50,1255.863841
-6.419804,50,1256.928513
-2.636616,50,1257.953564
-4.97078,50,1259.036458
-4.452514,50,1260.666966
-4.756833,50,1261.887905
-3.349255,50,1263.059706
-5.733411,50,1264.228048
-3.496459,50,1265.441048
-4.330456,50,1266.633864
-5.633634,50,1267.797741
-3.751875,50,1269.06178
-5.511762,50,1270.261619
-5.31687,50,1271.469062
-4.353533,50,1272.645902
-0.046037,1,1272.680132
-4.194018,50,1273.776143
-0.038167,1,1273.802262
-3.244041,50,1274.870636
-4.338364,50,1275.959186
-0.047732,1,1275.986421
-0.044317,1,1276.013706
-4.657039,50,1277.093777
-0.026992,1,1277.126021
-0.015054,1,1277.157352
-3.552248,50,1278.220741
-5.447631,50,1279.255424
-4.858176,50,1280.304774
-0.033783,1,1280.32593
-6.470067,50,1281.369044
-5.25925,50,1282.409218
-3.880607,50,1283.469661
-4.398369,50,1284.513548
-3.557987,50,1285.549747
-5.027368,50,1286.611752
-5.570587,50,1287.667924
-3.252708,50,1288.718586
-3.713202,50,1289.782344
-2.849053,50,1290.916122
-3.163443,50,1291.999498
-4.229933,50,1293.052759
-4.16821,50,1294.107456
-5.170929,50,1295.176389
-0.032203,1,1295.215664
-2.746035,50,1296.353136
-4.55232,50,1297.419899
-4.166831,50,1298.485667
-3.493199,50,1299.5489
-2.832242,50,1300.693653
-4.561862,50,1301.758888
-6.431674,50,1302.822923
-3.921531,50,1303.897031
-3.352756,50,1304.921427
-0.029063,1,1304.94148
-3.119038,50,1305.955903
-3.398553,50,1307.001187
-0.036798,1,1307.021044
-5.612475,50,1308.213972
-4.48972,50,1309.266609
-4.255643,50,1310.326885
-0.030614,1,1310.347047
-2.874444,50,1311.405122
-5.816999,50,1312.482077
-3.612631,50,1313.535568
-2.967236,50,1314.581444
-3.750753,50,1315.610735
-0.032607,1,1315.630918
-4.164081,50,1316.69054
-3.630251,50,1317.726781
-0.048693,1,1317.747942
-4.441556,50,1318.78004
-5.516381,50,1319.843216
-0.03405,1,1319.869343
-4.334975,50,1320.937548
-5.462856,50,1321.988441
-4.01005,50,1323.06063
-3.765261,50,1324.099584
-3.577067,50,1325.148343
-3.04657,50,1326.190093
-3.975753,50,1327.238434
-2.925165,50,1328.359957
-4.621726,50,1329.388017
-4.738972,50,1330.427594
-0.040665,1,1330.459762
-4.372158,50,1331.516845
-4.115318,50,1332.568681
-3.553988,50,1333.626926
-4.566209,50,1334.678319
-4.200888,50,1335.720072
-5.360548,50,1336.740874
-3.245733,50,1337.768716
-4.483629,50,1338.824819
-4.406728,50,1339.866658
-4.755135,50,1340.895965
-4.831247,50,1341.922059
-0.049767,1,1341.951326
-0.022529,1,1341.972495
-4.546479,50,1343.00879
-2.538557,50,1344.071069
-3.18956,50,1345.143687
-3.380335,50,1346.220845
-3.491093,50,1347.315849
-3.247909,50,1348.384627
-0.04969,1,1348.416052
-4.785712,50,1349.464386
-6.058675,50,1350.550087
-4.583415,50,1351.648808
-6.492107,50,1352.714602
-3.324661,50,1353.765007
-4.267831,50,1354.812348
-5.061785,50,1355.853963
-4.292274,50,1356.921715
-4.928549,50,1357.968914
-3.854375,50,1359.055327
-4.767928,50,1360.111878
-5.595588,50,1361.180428
-3.332101,50,1362.246875
-4.579904,50,1363.583383
-5.190263,50,1364.959705
-3.877211,50,1366.020966
-3.09581,50,1367.076606
-4.871197,50,1368.112904
-4.037395,50,1369.141176
-4.40377,50,1370.185638
-5.503979,50,1371.280715
-5.579181,50,1372.318701
-4.531018,50,1373.391207
-6.314312,50,1374.435998
-5.937895,50,1375.468038
-5.845974,50,1376.525695
-0.044912,1,1376.545869
-4.394279,50,1377.60771
-4.841806,50,1378.643509
-5.389686,50,1379.668886
-0.013511,1,1379.703867
-4.812915,50,1380.791652
-5.240409,50,1381.845564
-4.352516,50,1382.893839
-5.371316,50,1383.91787
-5.353011,50,1384.98439
-4.95109,50,1385.993097
-4.933115,50,1387.016438
-3.448738,50,1388.067148
-4.20715,50,1389.088024
-2.710615,50,1390.1545
-4.445817,50,1391.200802
-5.226372,50,1392.247214
-2.751513,50,1393.363656
-6.175166,50,1394.405498
-5.461488,50,1395.49005
-3.325247,50,1396.588222
-5.12823,50,1397.642798
-0.049236,1,1397.662806
-0.03757,1,1397.668951
-3.603987,50,1398.71256
-4.556249,50,1399.761013
-0.049256,1,1399.78124
-4.345704,50,1400.850805
-4.907625,50,1401.891173
-5.821253,50,1402.967701
-3.881507,50,1404.025818
-3.735961,50,1405.087475
-2.635353,50,1406.131865
-3.787759,50,1407.187524
-2.730822,50,1408.229569
-5.172675,50,1409.263589
-0.034642,1,1409.268715
-5.675478,50,1410.350007
-5.345164,50,1411.418928
-5.473152,50,1412.467052
-4.664199,50,1413.496774
-9.378377,50,1414.554878
-4.839646,50,1415.612615
-0.03346,1,1415.632767
-4.109063,50,1416.66586
-5.063062,50,1417.74009
-6.420654,50,1418.768741
-0.031039,1,1418.791589
-3.565976,50,1419.868846
-5.025677,50,1420.94489
-4.046715,50,1425.048144
-4.698625,50,1426.11031
-4.093614,50,1427.124012
-3.528171,50,1428.193359
-0.039641,1,1428.213624
-0.037189,1,1428.234551
-5.405137,50,1429.310778
-3.239289,50,1430.379414
-0.040577,1,1430.400653
-4.635692,50,1431.456818
-3.691017,50,1432.540618
-4.075798,50,1433.599691
-2.810687,50,1434.693748
-5.233372,50,1435.751254
-6.758541,50,1436.816501
-3.722238,50,1437.86789
-0.026311,1,1437.908927
-4.421279,50,1438.932812
-0.041903,1,1438.953003
-0.04955,1,1438.987092
-3.156328,50,1440.030012
-5.48815,50,1441.066769
-0.045374,1,1441.0926
-5.62843,50,1442.143179
-3.757626,50,1443.198394
-4.981669,50,1444.218601
-5.247697,50,1445.284554
-3.62001,50,1446.350925
-3.919904,50,1447.424261
-0.032892,1,1447.444441
-4.600698,50,1448.46818
-0.037576,1,1448.502694
-5.722889,50,1449.559954
-4.412855,50,1450.599009
-5.386865,50,1451.666337
-4.698686,50,1452.738698
-5.850687,50,1453.764454
-5.479817,50,1454.806793
-2.730283,50,1455.864701
-2.621856,50,1456.950656
-0.031591,1,1456.968773
-2.637193,50,1458.090308
-5.246078,50,1459.138412
-4.321131,50,1460.181148
-6.175754,50,1461.218997
-4.749211,50,1462.266062
-0.031446,1,1462.286197
-5.367083,50,1463.387158
-5.884625,50,1464.442062
-4.221606,50,1465.510318
-4.162882,50,1466.54395
-5.75267,50,1467.636217
-5.202546,50,1468.72186
-4.26033,50,1469.786394
-4.914603,50,1470.840534
-3.107718,50,1471.920907
-5.507765,50,1472.968331
-4.501024,50,1474.016544
-5.343061,50,1475.068898
-3.551402,50,1476.143611
-4.043116,50,1477.207728
-3.098949,50,1478.225779
-3.166629,50,1479.286509
-4.69895,50,1480.327176
-6.351926,50,1481.3936
-3.743343,50,1482.442725
-2.882399,50,1483.510151
-5.307732,50,1484.544195
-3.838779,50,1485.582424
-0.048384,1,1485.603697
-0.025824,1,1485.625878
-3.440424,50,1486.690627
-2.903214,50,1487.786335
-2.933518,50,1488.868786
-4.112612,50,1489.93026
-0.028344,1,1489.967473
-3.844223,50,1491.023722
-5.622454,50,1492.061639
-4.251974,50,1493.120274
-0.038799,1,1493.151434
-3.384688,50,1494.207281
-6.598597,50,1495.267705
-3.186223,50,1496.369111
-4.834449,50,1497.436544
-4.217358,50,1498.468607
-0.047255,1,1498.491473
-4.626409,50,1499.513607
-3.970834,50,1500.59375
-0.0475,1,1500.617711
-4.562584,50,1501.66907
-0.026097,1,1501.696348
-5.839699,50,1502.748651
-0.045363,1,1502.768742
-5.401179,50,1503.796692
-0.004375,1,1503.81674
-4.00175,50,1504.836863
-3.603738,50,1505.868652
-7.0032,50,1506.933879
-5.320155,50,1507.973141
-3.483131,50,1509.027237
-0.035454,1,1509.050443
-3.318567,50,1510.0687
-0.049958,1,1510.105738
-4.611694,50,1511.161529
-4.573333,50,1512.208492
-4.391733,50,1513.249119
-4.712947,50,1514.304361
-5.333773,50,1515.346606
-4.647659,50,1516.400869
-4.514238,50,1517.46289
-3.477783,50,1518.567828
-0.049522,1,1518.597237
-3.84702,50,1519.633643
-0.013415,1,1519.653859
-2.611442,50,1520.734131
-4.665091,50,1521.817877
-0.032238,1,1521.842972
-4.521035,50,1522.895926
-4.611846,50,1523.935919
-5.266509,50,1524.978345
-5.399614,50,1526.010654
-3.901661,50,1527.031
-3.02299,50,1528.100363
-4.751419,50,1529.20283
-2.768584,50,1530.242164
-5.131753,50,1531.314554
-3.978825,50,1532.364941
-0.041947,1,1532.397467
-5.686326,50,1533.463675
-4.61955,50,1534.512819
-4.180814,50,1535.606405
-3.580997,50,1536.670285
-3.323756,50,1537.768895
-5.475775,50,1538.818759
-5.82836,50,1539.884555
-0.043691,1,1539.91321
-3.763794,50,1541.193731
-3.515798,50,1542.30757
-3.411378,50,1543.357666
-4.344891,50,1544.412203
-2.6945,50,1545.468729
-4.270487,50,1546.504827
-3.099761,50,1547.569043
-0.021978,1,1547.600258
-2.960294,50,1548.638588
-3.375539,50,1549.684404
-5.698199,50,1550.717574
-6.348481,50,1551.778176
-0.039526,1,1551.794274
-0.042661,1,1551.825235
-0.041569,1,1551.844323
-3.99356,50,1552.943934
-3.302387,50,1554.017117
-6.251797,50,1555.064258
-0.02435,1,1555.085449
-3.225724,50,1556.137838
-3.242,50,1557.264819
-3.77624,50,1558.28539
-3.300832,50,1559.330783
-5.03088,50,1560.39488
-6.896104,50,1561.452967
-6.01681,50,1562.688562
-3.766615,50,1563.760113
-4.802844,50,1564.814891
-4.113764,50,1565.902465
-4.052349,50,1566.929746
-2.870348,50,1568.018734
-0.045982,1,1568.059077
-3.618625,50,1569.12337
-4.672575,50,1570.168884
-4.794888,50,1571.243065
-4.574519,50,1572.529724
-5.656752,50,1573.642871
-3.764612,50,1574.679269
-6.097685,50,1575.718692
-4.846301,50,1576.790854
-0.028834,1,1576.81195
-4.343626,50,1577.855205
-3.966701,50,1578.901654
-4.625827,50,1579.954197
-4.380056,50,1581.026199
-4.925517,50,1582.059976
-4.178163,50,1583.09639
-3.505088,50,1584.200452
-6.075798,50,1585.239745
-2.893617,50,1586.296628
-4.322508,50,1587.358138
-0.035238,1,1587.392289
-4.851179,50,1588.435895
-6.067166,50,1589.506512
-0.0383,1,1589.527669
-4.972017,50,1590.590106
-0.028752,1,1590.611393
-4.149296,50,1591.941743
-3.103159,50,1593.024577
-3.263841,50,1594.093784
-4.709034,50,1595.133759
-0.042724,1,1595.155005
-2.787126,50,1596.202764
-5.814181,50,1597.277235
-5.093295,50,1598.362828
-3.615069,50,1599.457227
-0.031018,1,1599.476445
-0.03143,1,1599.512892
-3.662315,50,1600.599676
-2.671037,50,1601.6648
-4.720241,50,1602.691712
-3.303724,50,1603.757894
-6.346579,50,1604.797854
-3.879616,50,1605.833871
-2.968184,50,1606.891587
-0.043681,1,1606.918869
-4.354564,50,1607.960395
-5.939212,50,1609.012993
-4.152903,50,1610.078081
-0.049475,1,1610.1074
-3.067643,50,1611.19436
-0.035575,1,1611.22051
-4.203625,50,1612.293447
-4.288736,50,1613.357096
-5.548361,50,1614.394432
-0.04739,1,1614.415404
-4.902792,50,1615.456946
-3.103383,50,1616.614717
-4.851621,50,1617.663917
-3.492473,50,1618.712747
-0.009544,1,1618.737941
-4.571378,50,1619.804678
-3.877837,50,1620.883102
-3.858715,50,1621.933494
-3.743794,50,1622.986813
-3.925822,50,1624.068501
-4.071981,50,1625.112229
-4.918658,50,1626.150913
-2.805984,50,1627.254775
-2.67961,50,1628.322993
-0.042848,1,1628.343051
-3.451564,50,1629.389194
-4.955135,50,1630.419836
-6.590292,50,1631.48556
-3.702754,50,1632.557857
-4.041847,50,1633.623471
-0.01345,1,1633.643522
-0.030905,1,1633.667704
-4.205337,50,1634.744093
-0.040929,1,1634.771324
-0.029035,1,1634.792385
-5.489053,50,1635.870182
-3.267802,50,1636.936028
-0.035849,1,1636.956185
-2.727049,50,1641.032029
-4.084146,50,1642.068973
-4.544094,50,1643.13689
-0.024398,1,1643.157098
-0.043885,1,1643.169234
-2.673985,50,1644.28013
-5.079056,50,1645.361694
-4.893338,50,1646.410321
-5.826634,50,1647.477271
-5.357015,50,1648.519079
-3.61857,50,1649.56795
-3.264807,50,1650.64671
-0.037054,1,1650.666801
-4.937814,50,1651.764524
-6.532016,50,1652.859801
-3.686734,50,1653.918456
-3.992146,50,1655.006597
-5.336937,50,1656.095961
-0.043037,1,1656.116005
-4.976291,50,1657.170292
-3.676538,50,1658.232482
-2.950431,50,1659.291273
-3.462077,50,1660.395864
-0.046663,1,1660.415914
-4.386571,50,1661.469221
-3.396557,50,1662.569104
-0.014599,1,1662.599332
-4.298766,50,1663.639128
-3.508694,50,1664.711735
-5.985308,50,1665.790761
-4.398512,50,1666.857675
-5.338016,50,1667.925696
-5.866892,50,1668.99352
-3.104554,50,1670.058261
-2.705202,50,1671.111429
-3.57625,50,1672.166419
-4.051639,50,1673.237951
-5.215255,50,1674.316682
-5.34434,50,1675.355538
-5.279687,50,1676.407832
-4.642048,50,1677.441097
-4.644266,50,1678.53894
-2.80628,50,1679.617737
-3.749749,50,1680.668382
-4.913482,50,1681.729703
-4.732177,50,1682.814224
-0.039674,1,1682.840444
-4.80937,50,1683.88826
-4.999019,50,1684.939963
-3.476041,50,1686.062154
-3.083835,50,1687.116514
-3.405221,50,1688.169143
-3.435639,50,1689.233444
-0.037372,1,1689.261694
-6.207699,50,1690.342924
-3.679141,50,1691.433984
-4.508026,50,1692.475534
-4.573802,50,1693.542075
-5.334136,50,1694.618889
-4.662097,50,1695.694545
-4.681857,50,1696.766494
-3.132172,50,1697.805949
-4.527911,50,1698.85005
-4.456144,50,1699.961134
-0.035692,1,1699.985301
-4.215027,50,1701.051828
-4.247858,50,1702.073067
-3.651927,50,1703.133459
-4.823268,50,1704.242215
-0.033311,1,1704.274477
-4.058906,50,1705.362207
-5.238136,50,1706.399356
-2.842393,50,1707.44488
-0.036089,1,1707.475682
-4.79893,50,1708.517485
-2.761914,50,1709.562238
-0.018683,1,1709.583527
-5.394662,50,1710.634082
-0.046907,1,1710.65525
-4.727601,50,1711.733617
-2.631445,50,1712.77353
-3.336205,50,1713.897968
-3.832485,50,1714.950634
-3.40291,50,1716.068764
-5.189937,50,1717.29692
-4.476103,50,1718.368826
-3.680309,50,1719.438796
-3.854208,50,1720.505815
-4.884534,50,1721.564818
-6.258633,50,1722.656658
-3.735345,50,1723.701697
-5.406412,50,1724.832827
-4.310169,50,1726.103727
-5.124034,50,1728.415737
-0.043321,1,1728.442026
-5.544424,50,1729.880265
-3.107082,50,1731.071852
-3.981886,50,1732.172014
-4.598138,50,1733.265509
-0.047409,1,1733.281129
-3.470607,50,1734.437108
-0.044583,1,1734.468354
-3.717375,50,1735.530605
-4.994921,50,1736.65534
-0.044776,1,1736.670962
-0.033724,1,1736.702207
-4.923114,50,1737.764456
-0.026604,1,1737.780076
-5.502176,50,1738.920434
-4.393669,50,1740.029545
-6.12137,50,1741.169906
-4.343429,50,1742.294641
-4.310865,50,1743.388135
-6.278219,50,1744.528492
-5.783857,50,1745.668882
-2.802594,50,1746.746725
-4.759563,50,1747.808967
-4.842783,50,1748.964946
-4.81212,50,1750.167791
-3.797811,50,1751.386253
-3.418371,50,1752.479748
-4.369827,50,1753.58886
-5.52455,50,1754.697978
-5.068108,50,1755.869576
-3.463447,50,1757.009932
-4.616524,50,1758.134673
-3.758941,50,1759.243782
-0.03306,1,1759.259403
-4.761089,50,1760.415381
-5.151193,50,1761.477633
-3.917895,50,1762.617989
-2.944473,50,1763.727108
-0.039446,1,1763.758348
-4.02186,50,1764.836222
-4.016642,50,1765.898473
-0.028083,1,1765.914093
-5.071665,50,1767.085693
-2.823383,50,1768.179186
-6.037885,50,1769.31954
-3.997025,50,1770.459901
-3.530624,50,1771.584634
-6.341919,50,1772.787475
-4.784216,50,1773.849728
-6.216248,50,1774.94322
-4.120771,50,1776.052333
-0.026855,1,1776.083575
-4.460001,50,1777.208317
-2.793026,50,1778.333053
-3.746269,50,1779.426547
-0.01737,1,1779.457784
-4.950675,50,1780.598143
-5.721986,50,1781.722881
-2.598755,50,1782.80075
-3.105848,50,1783.925491
-0.021327,1,1783.94111
-5.721571,50,1785.050224
-5.408787,50,1786.19058
-3.317494,50,1787.299695
-3.256894,50,1788.471293
-5.559725,50,1789.970944
-3.482885,50,1791.59556
-4.925227,50,1792.938993
-0.016062,1,1792.970235
-4.119523,50,1794.094973
-5.109109,50,1795.297816
-3.572905,50,1796.516278
-5.136441,50,1797.687877
-4.242865,50,1798.921962
-0.049559,1,1798.937584
-0.041945,1,1798.98445
-0.035567,1,1799.000073
-0.040234,1,1799.031312
-3.43157,50,1800.609064
-0.022256,1,1800.640308
-4.701326,50,1802.139956
-2.654309,50,1803.623983
-3.220356,50,1805.092388
-0.007937,1,1805.139251
-0.049836,1,1805.170497
-5.952071,50,1806.717007
-0.038008,1,1806.748262
-0.029489,1,1806.795114
-3.102323,50,1808.263518
-0.033593,1,1808.294761
-3.407501,50,1809.778788
-0.014342,1,1809.825653
-0.003851,1,1809.856903
-4.143948,50,1811.29406
-5.64656,50,1812.778081
-3.914092,50,1814.246488
-0.0288,1,1814.293351
-0.03553,1,1814.371457
-2.969574,50,1816.230397
-5.744403,50,1817.839395
-3.709674,50,1819.292181
-4.457301,50,1820.807447
-6.587476,50,1822.416446
-0.023481,1,1822.463307
-3.559533,50,1824.025445
-5.178477,50,1825.462609
-3.78587,50,1826.977872
-3.097608,50,1828.47752
-0.030421,1,1828.508762
-3.757794,50,1830.024035
-0.028669,1,1830.055274
-5.604188,50,1831.461195
-3.412396,50,1832.601551
-4.250863,50,1833.66382
-3.496587,50,1834.804162
-3.595971,50,1835.866412
-0.00728,1,1835.897654
-3.170321,50,1836.975525
-6.883406,50,1838.037778
-0.039749,1,1838.084638
-4.399432,50,1839.209374
-4.340648,50,1840.443459
-3.714765,50,1841.536963
-5.072416,50,1842.599207
-2.587213,50,1843.755186
-5.171532,50,1844.833057
-5.131913,50,1845.957793
-4.359858,50,1847.113767
-3.811148,50,1848.160398
-0.036356,1,1848.191641
-5.547324,50,1849.332005
-4.683379,50,1850.472355
-5.201128,50,1851.550227
-5.347818,50,1852.674961
-0.045416,1,1852.706207
-5.424279,50,1853.84657
-2.802038,50,1854.971299
-4.11665,50,1856.15852
-2.895056,50,1857.470713
-4.767835,50,1858.642314
-2.539627,50,1859.720182
-4.113969,50,1860.876161
-2.843692,50,1861.93841
-2.967715,50,1863.125631
-0.031966,1,1863.141253
-4.855432,50,1864.234746
-4.930541,50,1865.359486
-5.26212,50,1866.499841
-3.123262,50,1867.671439
-0.047751,1,1867.687062
-6.123677,50,1868.811797
-0.024245,1,1868.84304
-2.955536,50,1869.936533
-2.845184,50,1871.061272
-3.014222,50,1872.123523
-5.286055,50,1876.700568
-5.962599,50,1877.950276
-0.041677,1,1877.981524
-0.043378,1,1877.997144
-0.028925,1,1878.028384
-3.016642,50,1879.184365
-4.268547,50,1880.402825
-5.509245,50,1881.574424
-2.898928,50,1882.714785
-4.686812,50,1883.886378
-6.730156,50,1884.995495
-4.190862,50,1886.073368
-3.154598,50,1887.119997
-4.530762,50,1888.260359
-0.046123,1,1888.275975
-3.224805,50,1889.400715
-5.109608,50,1890.55669
-0.041272,1,1890.572322
-6.01596,50,1891.712667
-3.538549,50,1892.81054
-4.638302,50,1893.982142
-3.763165,50,1895.10191
-5.334194,50,1896.195405
-2.690315,50,1897.273279
-3.600724,50,1898.398012
-5.405087,50,1899.553991
-0.034442,1,1899.569612
-3.824215,50,1900.709972
-5.331411,50,1901.897202
-6.014682,50,1903.006305
-6.193845,50,1904.146661
-3.125065,50,1905.333883
-5.628516,50,1906.521105
-0.044168,1,1906.552346
-4.851898,50,1907.598979
-3.608305,50,1908.676849
-6.99965,50,1909.864068
-4.594818,50,1911.051293
-3.992091,50,1912.207269
-4.704318,50,1913.363246
-3.50912,50,1914.519228
-0.027734,1,1914.534849
-0.031189,1,1914.550472
-4.021714,50,1915.690826
-3.088737,50,1916.768703
-3.967979,50,1917.87781
-6.198686,50,1919.346218
-4.85119,50,1920.580301
-0.045261,1,1920.595924
-6.148106,50,1921.720663
-4.675884,50,1922.829774
-0.038573,1,1922.845397
-3.905626,50,1924.016994
-4.125699,50,1925.188596
-3.793501,50,1926.266471
-0.040988,1,1926.282087
-5.613688,50,1927.500555
-4.028635,50,1928.594044
-5.008381,50,1929.671916
-3.97956,50,1930.749793
-6.192077,50,1931.890145
-5.368448,50,1933.10861
-3.482428,50,1934.280212
-5.125864,50,1935.326839
-3.26253,50,1936.51406
-4.327767,50,1937.52945
-4.684118,50,1938.607317
-2.961772,50,1939.763295
-4.135209,50,1940.903658
-4.42098,50,1941.997146
-5.336496,50,1943.106264
-0.015975,1,1943.121887
-4.275976,50,1944.246621
-4.246581,50,1945.371354
-3.872019,50,1946.433604
-5.087489,50,1947.527097
-4.193617,50,1948.573727
-3.435984,50,1949.682845
-4.686316,50,1950.729476
-3.114791,50,1951.807346
-4.602348,50,1952.916456
-3.050428,50,1954.056814
-5.968858,50,1955.228413
-0.047902,1,1955.244038
-0.048528,1,1955.275312
-5.23656,50,1956.431259
-2.991622,50,1957.587238
-4.567177,50,1958.665107
-5.222184,50,1959.821085
-5.493046,50,1961.039552
-2.9632,50,1962.101799
-4.448485,50,1963.179673
-4.772374,50,1964.27317
-4.876491,50,1965.382283
-2.721627,50,1966.522637
-2.948195,50,1967.678618
-3.428137,50,1968.818971
-3.441384,50,1969.928087
-4.40597,50,1971.177796
-4.471626,50,1972.349393
-5.106525,50,1973.427268
-6.67368,50,1974.567625
-3.059957,50,1975.629875
-5.374123,50,1976.723365
-4.892814,50,1977.848104
-5.399091,50,1978.972838
-0.036461,1,1979.00408
-4.949173,50,1980.066334
-3.252478,50,1981.12858
-0.011984,1,1981.159822
-5.407135,50,1982.425152
-0.032713,1,1982.456398
-0.04489,1,1982.487639
-4.958377,50,1983.62801
-5.298773,50,1984.705869
-4.637495,50,1985.768119
-3.910817,50,1986.87723
-5.318447,50,1987.986349
-5.296414,50,1989.064217
-4.858236,50,1990.267062
-4.249667,50,1991.751086
-3.23099,50,1992.828963
-3.502174,50,1993.922454
-0.047084,1,1993.953694
-4.333622,50,1995.04719
-2.888571,50,1996.125059
-3.599286,50,1997.218554
-5.800514,50,1998.32767
-3.913389,50,1999.483648
-0.021704,1,1999.499267
-6.812903,50,2000.655248
-4.733244,50,2001.73312
-4.274467,50,2002.857855
-3.474079,50,2003.951346
-4.815407,50,2005.013596
-5.112357,50,2006.16958
-4.390424,50,2007.309932
-0.024628,1,2007.341174
-2.790878,50,2008.419047
-3.054721,50,2009.52816
-3.240825,50,2010.621656
-0.02686,1,2010.652899
-5.579654,50,2011.84012
-4.93166,50,2013.042965
-3.467906,50,2014.198941
-0.031583,1,2014.214563
-4.109838,50,2015.292436
-4.794733,50,2016.495278
-4.431629,50,2017.588768
-6.862839,50,2018.66664
-3.99586,50,2019.775753
-5.046154,50,2020.994219
-2.658285,50,2022.150195
-4.195816,50,2023.321797
-4.247996,50,2024.477779
-4.64414,50,2025.633752
-5.454881,50,2026.836596
-5.691745,50,2027.914466
-0.042877,1,2027.930089
-3.718468,50,2029.007964
-5.574336,50,2030.117075
-4.080173,50,2031.241813
-6.691853,50,2032.350927
-5.737819,50,2033.475661
-4.655718,50,2034.537915
-0.039983,1,2034.553537
-4.593647,50,2035.662646
-6.633462,50,2036.927978
-2.608619,50,2038.052714
-4.027761,50,2039.161824
-5.043415,50,2040.302181
-4.063259,50,2041.473782
-5.062874,50,2042.629761
-4.250391,50,2043.738875
-0.022129,1,2043.754497
-0.049371,1,2043.78574
-4.979473,50,2044.941719
-0.048397,1,2044.972961
-4.25395,50,2046.113319
-4.636731,50,2047.222431
-6.305057,50,2048.394031
-3.956992,50,2049.534393
-0.021223,1,2049.550014
-4.624616,50,2050.690367
-3.029519,50,2051.830729
-0.044764,1,2051.846352
-3.488863,50,2053.049188
-3.872132,50,2054.142682
-4.986586,50,2055.29866
-0.037169,1,2055.314282
-4.588903,50,2056.454637
-4.245996,50,2057.563754
-3.781808,50,2058.719737
-3.390811,50,2059.813226
-0.034413,1,2059.828847
-0.018736,1,2059.844469
-4.313937,50,2060.92234
-4.731827,50,2062.047079
-5.324578,50,2063.140602
-4.258361,50,2064.23406
-4.994785,50,2065.374418
-0.04801,1,2065.405663
-3.016985,50,2066.43667
-0.026242,1,2066.467914
-0.043665,1,2066.499154
-6.746981,50,2067.655132
-4.248433,50,2068.795491
-3.133963,50,2069.904607
-5.171128,50,2071.013718
-3.076126,50,2072.200943
-2.801753,50,2073.3413
-3.975525,50,2074.512901
-2.860599,50,2075.637637
-2.576332,50,2076.762368
-3.2306,50,2077.855863
-0.047777,1,2077.871484
-5.499321,50,2078.99622
-0.037172,1,2079.01184
-0.025335,1,2079.027465
-5.250955,50,2080.089712
-5.237514,50,2081.276931
-0.046437,1,2081.292554
-4.638577,50,2082.417293
-0.019447,1,2082.432914
-5.718533,50,2083.557652
-0.023866,1,2083.58889
-4.523939,50,2084.729285
-0.042177,1,2084.744869
-5.590212,50,2085.885229
-5.524539,50,2086.978722
-2.797629,50,2088.072218
-4.16735,50,2089.150086
-4.165191,50,2090.259198
-4.156274,50,2091.399558
-3.900412,50,2092.49305
-3.826614,50,2093.664653
-4.870684,50,2094.711279
-0.035241,1,2094.74252
-3.349618,50,2095.804772
-5.130527,50,2096.945144
-4.359543,50,2098.023006
-3.600902,50,2099.132124
-3.664399,50,2100.209986
-5.081615,50,2101.30348
-3.561258,50,2105.724315
-4.325005,50,2106.849056
-0.048368,1,2106.864678
-0.030001,1,2106.895918
-5.797039,50,2108.036287
-3.277398,50,2109.098528
-4.3337,50,2110.223261
-3.40683,50,2111.316752
-3.624688,50,2112.441491
-5.541845,50,2113.503738
-5.118339,50,2114.628477
-3.789101,50,2115.784453
-3.747619,50,2116.862329
-0.042237,1,2116.893566
-5.998861,50,2117.940199
-4.670389,50,2119.080554
-3.816066,50,2120.220915
-3.981255,50,2121.314406
-3.388339,50,2122.423522
-3.538705,50,2123.501391
-5.331538,50,2124.594883
-3.013747,50,2125.67276
-4.510956,50,2126.766248
-3.324296,50,2127.859746
-5.687179,50,2129.046963
-4.166179,50,2130.156081
-5.043026,50,2131.312056
-0.046589,1,2131.343301
-3.859938,50,2132.452417
-3.510661,50,2133.530286
-4.314703,50,2134.623782
-4.465445,50,2135.810998
-5.89718,50,2136.904496
-2.771418,50,2138.013618
-2.509625,50,2139.138342
-2.760939,50,2140.294323
-0.040527,1,2140.356805
-4.639276,50,2141.52841
-0.030721,1,2141.559652
-5.162031,50,2142.746875
-5.385552,50,2143.809125
-4.152206,50,2144.933863
-6.291742,50,2146.027353
-5.435422,50,2147.230192
-6.176727,50,2148.354931
-0.046324,1,2148.38617
-4.820315,50,2149.479665
-4.290934,50,2150.588782
-4.177164,50,2151.713517
-2.69974,50,2152.885116
-0.046607,1,2152.916364
-3.007197,34,2153.728668
-2.692535,50,2154.853405
-3.411232,50,2155.931276
-2.520233,50,2157.024766
-4.193936,50,2158.133897
-5.281839,50,2159.258618
-0.01487,1,2159.28986
-0.015648,1,2159.305484
-4.919704,50,2160.398975
-4.74274,50,2161.539335
-4.162338,50,2162.679689
-3.7057,50,2163.898154
-3.07632,50,2164.960407
-0.020883,1,2165.007282
-4.49465,50,2166.178868
-2.555002,50,2167.272358
-3.078095,50,2168.443962
-5.742149,50,2169.568695
-4.084416,50,2170.724678
-5.37979,50,2171.880653
-2.647195,50,2173.036634
-4.868815,50,2174.145746
-6.071825,50,2175.192373
-0.038455,1,2175.223615
-5.133579,50,2176.270246
-3.818454,50,2177.379364
-0.254999,5,2177.488711
-3.794059,50,2178.629073
-4.585859,50,2179.691323
-2.830032,50,2180.800437
-4.001689,50,2181.909587
-4.595499,50,2183.034286
-4.244306,50,2184.1278
-0.033542,1,2184.159019
-3.403766,50,2185.252517
-0.038899,1,2185.268138
-4.779405,50,2186.470978
-2.677897,50,2187.626954
-4.530407,50,2188.673584
-3.983306,50,2190.001395
-3.289207,50,2191.126131
-3.617179,50,2192.313359
-4.429953,50,2193.484957
-6.244051,50,2194.781523
-6.084172,50,2195.937511
-3.624396,50,2197.124725
-6.134373,50,2198.24946
-5.091825,50,2199.358609
-0.044644,1,2199.389848
-4.398636,50,2200.623901
-0.039677,1,2200.655144
-2.659546,50,2201.779884
-5.468686,50,2202.904615
-4.786345,50,2204.01373
-3.077163,50,2205.091604
-5.397052,50,2206.231963
-5.053064,50,2207.37232
-4.495495,50,2208.481432
-0.040361,1,2208.497053
-4.951153,50,2209.606167
-0.047563,1,2209.621789
-6.564536,50,2210.762154
-2.619548,50,2211.933746
-5.028877,50,2213.105345
-3.997105,50,2214.151973
-3.919906,50,2215.464169
-3.894038,50,2216.651391
-0.039415,1,2216.667011
-0.03058,1,2216.682634
-3.914497,50,2217.807366
-6.716939,50,2218.947734
-6.090979,50,2220.072459
-4.066589,50,2221.134708
-4.704063,50,2222.243824
-3.052037,50,2223.384179
-3.278363,50,2224.508918
-5.448885,50,2225.649274
-3.547334,50,2226.789632
-3.143465,50,2227.929991
-3.696312,50,2229.039102
-3.866294,50,2230.210709
-0.035705,1,2230.241946
-4.167961,50,2231.429166
-3.831844,50,2232.52266
-3.018509,50,2233.663016
-5.812023,50,2234.80338
-6.485735,50,2236.037462
-5.378331,50,2237.099712
-0.023591,1,2237.130954
-3.890479,50,2238.240069
-3.490026,50,2239.33356
-5.454081,50,2240.489539
-4.704511,50,2241.598657
-4.127522,50,2242.801493
-4.89575,50,2243.9731
-4.576504,50,2245.050966
-4.138964,50,2246.144461
-4.271668,50,2247.206708
-3.662354,50,2248.347105
-4.432967,50,2249.487427
-5.517138,50,2250.580919
-4.342426,50,2251.690031
-0.040945,1,2251.721276
-5.46332,50,2252.924122
-4.901963,50,2254.111338
-4.450405,50,2255.236079
-0.040654,1,2255.26732
-5.270149,50,2256.454538
-0.046843,1,2256.47016
-2.542374,50,2257.626142
-5.259234,50,2258.750879
-3.744875,50,2259.906854
-2.821636,50,2261.062833
-5.466182,50,2262.21881
-4.268442,50,2263.343546
-0.047492,1,2263.374789
-4.474457,50,2264.593251
-4.615487,50,2265.671126
-5.024019,50,2266.764617
-4.176909,50,2267.826867
-3.754623,50,2268.951605
-2.746204,50,2270.076338
-5.207442,50,2271.263559
-4.957979,50,2272.419543
-4.751842,50,2273.606763
-4.277214,50,2274.731499
-4.187227,50,2275.840609
-5.032175,50,2277.074698
-2.608994,50,2278.230678
-0.022385,1,2278.261916
-0.044861,1,2278.293158
-3.380939,50,2279.371034
-3.429608,50,2280.464527
-4.608443,50,2281.589264
-5.500394,50,2282.729616
-4.815613,50,2283.916843
-4.808466,50,2285.057198
-4.030418,50,2286.103824
-4.089406,50,2287.259806
-0.005237,1,2287.275428
-4.391409,50,2288.415785
-3.127192,50,2289.50928
-3.578883,50,2290.602772
-4.6549,50,2291.743124
-4.008401,50,2292.867861
-3.966232,50,2293.97698
-4.354965,50,2295.070472
-3.975737,50,2296.179585
-5.450617,50,2297.398047
-3.848404,50,2298.522784
-5.101039,50,2299.678759
-2.58632,50,2300.756634
-0.027183,1,2300.787875
-0.033921,1,2300.81912
-5.145489,50,2301.912614
-5.544462,50,2303.08421
-4.840829,50,2304.255811
-5.91764,50,2305.411792
-2.810983,50,2306.536525
-3.07331,50,2307.692504
-3.309989,50,2308.832865
-3.131714,50,2310.020086
-5.19127,50,2311.160442
-3.048514,50,2312.300801
-5.102491,50,2313.363046
-2.598664,50,2314.456539
-4.497272,50,2315.581277
-5.135842,50,2316.752879
-4.844289,50,2317.877611
-3.247644,50,2318.971105
-0.031736,1,2318.986729
-5.01234,50,2320.033368
-0.014556,1,2320.064599
-4.014383,50,2321.267439
-5.377857,50,2322.392177
-5.696605,50,2323.501297
-4.21437,50,2324.688511
-4.784749,50,2325.9226
-5.362573,50,2327.031715
-5.53409,50,2328.109582
-4.068922,50,2329.171835
-0.037709,1,2329.218696
-3.514867,50,2330.343433
-6.82098,50,2334.545575
-4.704137,50,2335.717176
-5.19484,50,2336.88877
-5.326034,50,2338.013511
-5.854147,50,2339.169486
-2.784311,50,2340.247359
-4.308302,50,2341.372093
-5.532592,50,2342.481211
-4.577693,50,2343.605943
-4.041761,50,2344.761925
-4.125549,50,2345.871037
-3.626292,50,2347.042637
-3.617409,50,2348.214239
-0.038821,1,2348.245481
-5.30025,50,2349.401467
-4.708247,50,2350.494953
-4.057004,50,2351.557207
-5.898873,50,2352.681937
-0.020383,1,2352.728801
-5.04343,50,2353.822295
-4.554204,50,2355.056385
-3.772209,50,2356.21236
-2.925504,50,2357.337094
-4.337198,50,2358.789877
-0.020283,1,2358.8055
-0.035961,1,2358.836743
-0.044553,1,2358.883606
-5.218442,50,2360.070858
-4.884184,50,2361.164319
-0.023433,1,2361.17994
-4.735228,50,2362.351541
-5.312823,50,2363.507523
-0.043809,1,2363.538762
-3.613195,50,2364.757226
-2.55702,50,2365.881963
-2.766544,50,2367.022321
-3.03276,50,2368.115812
-5.856086,50,2369.178067
-4.154769,50,2370.365286
-3.105385,50,2371.599372
-4.918521,50,2372.739726
-0.040198,1,2372.755351
-4.504559,50,2373.880086
-0.044985,1,2373.895708
-3.096394,50,2375.036062
-4.321391,50,2376.238906
-0.018443,1,2376.270162
-4.550663,50,2377.379263
-5.588517,50,2378.566482
-6.382692,50,2379.659976
-4.058896,50,2380.862817
-4.4938,50,2381.987555
-3.048729,50,2383.143533
-2.652879,50,2384.283892
-3.647235,50,2385.408628
-5.265393,50,2386.548982
-6.33793,50,2387.720582
-5.9759,50,2388.876565
-0.018963,1,2388.907808
-3.328734,50,2390.048164
-4.338644,50,2391.110414
-4.251158,50,2392.282011
-4.545072,50,2393.437989
-4.04814,50,2394.51586
-3.90391,50,2395.640596
-5.236586,50,2396.702847
-0.01851,1,2396.749709
-4.62307,50,2397.827583
-4.868936,50,2398.952321
-6.094395,50,2400.045846
-0.043223,1,2400.077054
-5.934188,50,2401.170586
-0.011587,1,2401.201792
-3.015897,50,2402.295288
-6.347135,50,2403.498127
-5.31388,50,2404.591618
-0.0424,1,2404.60724
-4.049403,50,2405.763223
-4.658636,50,2406.919197
-5.922123,50,2408.122041
-5.623786,50,2409.340503
-5.812285,50,2410.465243
-0.049347,1,2410.512107
-3.533169,50,2411.668084
-4.91234,50,2412.792821
-3.587705,50,2413.886312
-4.563196,50,2415.01105
-0.048268,1,2415.026673
-0.035928,1,2415.042293
-0.028016,1,2415.073532
-4.677556,50,2416.198267
-4.704476,50,2417.354249
-4.638725,50,2418.400875
-3.800252,50,2419.525611
-0.049051,1,2419.556854
-0.013876,1,2419.588099
-5.0556,50,2420.712831
-4.157036,50,2421.900059
-0.031134,1,2421.931311
-6.277434,50,2423.071653
-5.030261,50,2424.212015
-3.406602,50,2425.352368
-3.147229,50,2426.492724
-3.174153,50,2427.570598
-3.31252,50,2428.726575
-6.525977,50,2429.991904
-5.548671,50,2431.194744
-3.637207,50,2432.288238
-3.376642,50,2433.459842
-2.851628,50,2434.553334
-3.857664,50,2435.662451
-5.369268,50,2436.802805
-4.333683,50,2437.943174
-2.628927,50,2439.052276
-6.244835,50,2440.16139
-3.798547,50,2441.411097
-5.246025,50,2442.567076
-3.24385,50,2443.660568
-3.460497,50,2444.847787
-2.72377,50,2446.003771
-5.150408,50,2447.112885
-4.420924,50,2448.237617
-0.013559,1,2448.253241
-5.3519,50,2449.362355
-3.496539,50,2450.502714
-0.030928,1,2450.518337
-0.044437,1,2450.549587
-4.867907,50,2451.721174
-2.700795,50,2452.799046
-5.17157,50,2453.923784
-3.827411,50,2455.189112
-0.046484,1,2455.220352
-0.043246,1,2455.235973
-0.026771,1,2455.251596
-3.91573,50,2456.376332
-5.374113,50,2457.501068
-5.349001,50,2458.68832
-5.186152,50,2459.766161
-6.858394,50,2460.875276
-4.146546,50,2462.015646
-0.047954,1,2462.031257
-3.057891,50,2463.155989
-4.778717,50,2464.327592
-4.771232,50,2465.561679
-0.047405,1,2465.577295
-3.472304,50,2466.686414
-3.261035,50,2467.85801
-2.515768,50,2468.951506
-3.856521,50,2470.060618
-2.559733,50,2471.232219
-3.476276,50,2472.450686
-0.041628,1,2472.466306
-0.041657,1,2472.497546
-4.477745,50,2473.684767
-4.563869,50,2474.825127
-4.810959,50,2475.981102
-5.17976,50,2477.05898
-3.649136,50,2478.214953
-3.06303,50,2479.308447
-2.553364,50,2480.464423
-5.073199,50,2481.589159
-5.287508,50,2482.88573
-0.033555,1,2482.932623
-3.377819,50,2484.104196
-5.486841,50,2485.213311
-0.046391,1,2485.244555
-4.184495,50,2486.463018
-0.011074,1,2486.494258
-4.729189,50,2487.57213
-2.517159,50,2488.665623
-4.624981,50,2489.805984
-5.733071,50,2490.915096
-4.59579,50,2492.153428
-3.134144,50,2493.371889
-5.012852,50,2494.538565
-5.63345,50,2495.694542
-3.283476,50,2496.913009
-5.13335,50,2498.037744
-0.042625,1,2498.068985
-5.545129,50,2499.318691
-5.524378,50,2500.537156
-2.592333,50,2501.677521
-4.240521,50,2502.911601
-0.020358,1,2502.927222
-4.821397,50,2504.067575
-2.513073,50,2505.161073
-2.823256,50,2506.270185
-2.593309,50,2507.410541
-5.028442,50,2508.582141
-4.593907,50,2509.738121
-0.017806,1,2509.769371
-3.169256,50,2510.894097
-4.854505,50,2512.096941
-5.224886,50,2513.237336
-4.575718,50,2514.330792
-6.554331,50,2515.393045
-4.449338,50,2516.502155
-6.948065,50,2517.517546
-5.235761,50,2518.642284
-5.138344,50,2519.813879
-4.376673,50,2520.954235
-4.290784,50,2522.047733
-0.032786,1,2522.078984
-0.035048,1,2522.110217
-4.838522,50,2523.266195
-3.579579,50,2524.37531
-0.039624,1,2524.390933
-0.03384,1,2524.422174
-4.405227,50,2525.515664
-3.379006,50,2526.624777
-4.75065,50,2527.702656
-3.067793,50,2528.827389
-3.490865,50,2529.967743
-2.99185,50,2531.186206
-4.478129,50,2532.310977
-4.484491,50,2533.404435
-3.654908,50,2534.622906
-3.105966,50,2535.810121
-4.809472,50,2537.028588
-6.428577,50,2538.09084
-4.829661,50,2539.184334
-4.421793,50,2540.309065
-0.011842,1,2540.355927
-3.896358,50,2541.465044
-0.019738,1,2541.4963
-3.345851,50,2542.652267
-3.642452,50,2543.886348
-5.030452,50,2545.02671
-4.556296,50,2546.151444
-2.80411,50,2547.229314
-5.085746,50,2548.322807
-0.022253,1,2548.354049
-4.855841,50,2549.49441
-3.203975,50,2550.650386
-0.042482,1,2550.681647
-5.18973,50,2551.837605
-4.733186,50,2552.9311
-2.803354,50,2554.055837
-4.069859,50,2555.164952
-0.029117,1,2555.196191
-4.406476,50,2556.227199
-2.903043,50,2557.3988
-4.934326,50,2558.523539
-4.792591,50,2559.726378
-2.615238,50,2560.835498
-0.034773,1,2560.866737
-0.043328,1,2560.897978
-4.272097,50,2561.944648
-4.881926,50,2566.06864
-3.705358,50,2567.146509
-3.542826,50,2568.240003
-3.379916,50,2569.349118
-4.273446,50,2570.536338
-4.184565,50,2571.707942
-3.7716,50,2572.926409
-4.529751,50,2573.973037
-4.192909,50,2575.129014
-0.043947,1,2575.144636
-0.045851,1,2575.175877
-0.022205,1,2575.207116
-4.160729,50,2576.331858
-4.970796,50,2577.456588
-4.315996,50,2578.62819
-4.098078,50,2579.784168
-3.781782,50,2580.908905
-3.491764,50,2582.002401
-6.79759,50,2583.127136
-4.109053,50,2584.220626
-5.954725,50,2585.407848
-3.974447,50,2586.532582
-2.703366,50,2587.67294
-4.594881,50,2588.844544
-6.803162,50,2589.938033
-6.088547,50,2591.062772
-3.391613,50,2592.218748
-3.887813,50,2593.39035
-2.629315,50,2594.593193
-0.046914,1,2594.624432
-3.250698,50,2595.74917
-4.311139,50,2596.780176
-0.039885,1,2596.811418
-3.281055,50,2597.920536
-0.019602,1,2597.951778
-0.025565,1,2597.983018
-0.048579,1,2598.014261
-5.569047,50,2599.123376
-5.749694,50,2600.294978
-0.026723,1,2600.326216
-3.097709,50,2601.419714
-4.557437,50,2602.528827
-0.032786,1,2602.575727
-0.040161,1,2602.591315
-0.03764,1,2602.606931
-3.034057,50,2603.731667
-0.047567,1,2603.762911
-0.025611,1,2603.778533
-3.912738,50,2604.872028
-0.016832,1,2604.90327
-2.965569,50,2606.059271
-6.519834,50,2607.168363
-5.963465,50,2608.339964
-3.128223,50,2609.495935
-6.268215,50,2610.651917
-5.187001,50,2611.807935
-5.083981,50,2612.948251
-4.100045,50,2614.088614
-3.553352,50,2615.213347
-0.047682,1,2615.228967
-5.557799,50,2616.400567
-4.660952,50,2617.525303
-3.919974,50,2618.681281
-0.042152,1,2618.696902
-2.506999,50,2619.852883
-0.04439,1,2619.884123
-3.895243,50,2621.040101
-6.545727,50,2622.19608
-4.309412,50,2623.32082
-6.11124,50,2624.429935
-0.022366,1,2624.461174
-5.482403,50,2625.601531
-3.818575,50,2626.710644
-5.305862,50,2627.866628
-4.097163,50,2629.006981
-3.032036,50,2630.100478
-4.232447,50,2631.209595
-5.137075,50,2632.271843
-2.767551,50,2633.459078
-0.01861,1,2633.474683
-2.802066,50,2634.583797
-5.014833,50,2635.724154
-4.570366,50,2636.895756
-4.158199,50,2637.942421
-3.463225,50,2639.051498
-3.734886,50,2640.160617
-3.557213,50,2641.269726
-0.020511,1,2641.285346
-3.67557,50,2642.394462
-3.510369,50,2643.519196
-3.074071,50,2644.706422
-3.86755,50,2645.878017
-3.957196,50,2647.049622
-4.845914,50,2648.174354
-4.748871,50,2649.299127
-4.227936,50,2650.423826
-4.457111,50,2651.611045
-0.03582,1,2651.626668
-4.932305,50,2652.72016
-4.65424,50,2653.829277
-4.570047,50,2654.985259
-3.459376,50,2656.094372
-4.121977,50,2657.25035
-0.032982,1,2657.265972
-5.401556,50,2658.343843
-5.141078,50,2659.468579
-3.595567,50,2660.68704
-3.524396,50,2661.843019
-3.955801,50,2663.139589
-5.548794,50,2664.233084
-4.878204,50,2665.326575
-0.035217,1,2665.342196
-4.087264,50,2666.466932
-4.288202,50,2667.66978
-0.042596,1,2667.701017
-4.434358,50,2668.841377
-3.841612,50,2669.997357
-3.080471,50,2671.184577
-5.064346,50,2672.324935
-0.024051,1,2672.34056
-3.186105,50,2673.465289
-4.528891,50,2674.636886
-3.493816,50,2675.714763
-0.038788,1,2675.746045
-3.849174,50,2676.808256
-3.759258,50,2677.964232
-5.069178,50,2679.12021
-6.063703,50,2680.291813
-2.734309,50,2681.447791
-4.896513,50,2682.635022
-2.642149,50,2683.806614
-0.021756,1,2683.822236
-2.739506,50,2685.040694
-3.457784,50,2686.165434
-5.46709,50,2687.368273
-0.012606,1,2687.399515
-4.952734,50,2688.50863
-5.573278,50,2689.633366
-4.915159,50,2690.758101
-4.802777,50,2691.851596
-3.995546,50,2693.038821
-0.039161,1,2693.070059
-4.12399,50,2694.147931
-4.023188,50,2695.319531
-3.84647,50,2696.428646
-0.049149,1,2696.459888
-4.426925,50,2697.647113
-4.853953,50,2698.787464
-4.685446,50,2699.927823
-3.314407,50,2701.052561
-2.977131,50,2702.130435
-2.882045,50,2703.25517
-3.316045,50,2704.42677
-3.228729,50,2705.567123
-0.043526,1,2705.598368
-3.799786,50,2706.676243
-3.209287,50,2707.785353
-4.404054,50,2708.910089
-4.753951,50,2710.066071
-2.85118,50,2711.222048
-4.266288,50,2712.378024
-3.971372,50,2713.518381
-3.930478,50,2714.64312
-4.795024,50,2715.767856
-3.053003,50,2716.861351
-5.437879,50,2718.017366
-5.270755,50,2719.157681
-4.700359,50,2720.298039
-4.833486,50,2721.438396
-0.020647,1,2721.454019
-5.640251,50,2722.594377
-5.854051,50,2723.734737
-2.822663,50,2724.906339
-3.295309,50,2726.015449
-4.335722,50,2727.093319
-3.056544,50,2728.264924
-3.408449,50,2729.420896
-4.070003,50,2730.530011
-5.173343,50,2731.717237
-4.426594,50,2732.810729
-4.562565,50,2733.904219
-4.496815,50,2735.091442
-4.119092,50,2736.216174
-3.58465,50,2737.41902
-4.31557,50,2738.668725
-4.165575,50,2739.793465
-6.845609,50,2741.355592
-4.342914,50,2742.527197
-4.579514,50,2743.745661
-4.23126,50,2744.886014
-0.04082,1,2744.932892
-4.642951,50,2746.10448
-4.602061,50,2747.322944
-5.49668,50,2748.432057
-3.288899,50,2749.588035
-2.848131,50,2750.83774
-0.016747,1,2750.868984
-3.721729,50,2751.962478
-0.041473,1,2752.009353
-5.038838,50,2753.180945
-0.044981,1,2753.212187
-4.596918,50,2754.352544
-0.01554,1,2754.383784
-0.022033,1,2754.415025
-4.15644,50,2755.524141
-0.037621,1,2755.539762
-4.374239,50,2756.69574
-3.659936,50,2757.914203
-5.284962,50,2759.023319
-6.567296,50,2760.194922
-4.947584,50,2761.319653
-5.072338,50,2762.460015
-0.016604,1,2762.475641
-0.033225,1,2762.506875
-6.317716,50,2763.756582
-0.010122,1,2763.772203
-3.203996,50,2764.881321
-3.279669,50,2766.006052
-5.153657,50,2767.115168
-3.733775,50,2768.208664
-6.217474,50,2769.36464
-5.043066,50,2770.567483
-2.573043,50,2771.817188
-0.033545,1,2771.83281
-4.685692,50,2772.941925
-4.836434,50,2774.004174
-4.254949,50,2775.160155
-3.225364,50,2776.26927
-4.961547,50,2777.362763
-4.517958,50,2778.471874
-0.024893,1,2778.503119
-3.851535,50,2779.627854
-5.144859,50,2780.705726
-5.923084,50,2781.955438
-4.632711,50,2783.080168
-4.999162,50,2784.189282
-4.653509,50,2785.345264
-4.242094,50,2786.423132
-4.562276,50,2787.563494
-4.779501,50,2788.67264
-3.245848,50,2789.797339
-3.022044,50,2790.92208
-0.041996,1,2790.953322
-5.022174,50,2792.046813
-4.492632,50,2793.155925
-2.597316,50,2798.123509
-0.046735,1,2798.170377
-5.693532,50,2799.263867
-4.704676,50,2800.419848
-2.829337,50,2801.638363
-2.634303,50,2802.747423
-4.680483,50,2803.840917
-3.704018,50,2805.028141
-0.041346,1,2805.043763
-3.120963,50,2806.184118
-4.753175,50,2807.230747
-4.961219,50,2808.449225
-5.023006,50,2809.558326
-5.409707,50,2810.68306
-3.620534,50,2811.823417
-6.477444,50,2812.963777
-3.405382,50,2814.0729
-5.171307,50,2815.260111
-3.851827,50,2816.306744
-2.94263,50,2817.478339
-2.717696,50,2818.728044
-3.508269,50,2819.946508
-4.287596,50,2821.040002
-0.042622,1,2821.055624
-4.414276,50,2822.164737
-5.284422,50,2823.36758
-3.643919,50,2824.539181
-5.68918,50,2825.632675
-2.997181,50,2826.835515
-0.021955,1,2826.866762
-3.535788,50,2828.05402
-3.396728,50,2829.225578
-4.653702,50,2830.412801
-3.149566,50,2831.506294
-4.544135,50,2832.693518
-5.861064,50,2833.771409
-4.216964,50,2834.896127
-0.038623,1,2834.92737
-0.045285,1,2834.958607
-5.597003,50,2836.130206
-4.52381,50,2837.348672
-2.835381,50,2838.582757
-0.013156,1,2838.613999
-5.112486,50,2839.676253
-5.133056,50,2840.785364
-0.049115,1,2840.816607
-2.762968,50,2841.941345
-5.107384,50,2843.034834
-4.658519,50,2844.190814
-4.6348,50,2845.471767
-5.374612,50,2846.5965
-0.047602,1,2846.627743
-4.431235,50,2847.721235
-0.01942,1,2847.75248
-5.257757,50,2848.845972
-0.014957,1,2848.877213
-2.522372,50,2849.955089
-0.014755,1,2849.986333
-0.026123,1,2850.001954
-5.612808,50,2851.11107
-4.000424,50,2852.251422
-4.834467,50,2853.407401
-5.518431,50,2854.454031
-4.696464,50,2855.625634
-4.257337,50,2856.812853
-4.389386,50,2858.015693
-5.226385,50,2859.093569
-4.562081,50,2860.2183
-0.038387,1,2860.233922
-3.577835,50,2861.40552
-3.56548,50,2862.5615
-0.038422,1,2862.592746
-3.29353,50,2863.733099
-5.028468,50,2864.9047
-4.755545,50,2866.013856
-3.38165,50,2867.107308
-3.869483,50,2868.2008
-3.308609,50,2869.388027
-4.815358,50,2870.481515
-3.03974,50,2871.731222
-0.047296,1,2871.746843
-4.878949,50,2872.871596
-0.022267,1,2872.902825
-5.423145,50,2873.996314
-4.245072,50,2875.121053
-4.815483,50,2876.308273
-0.036596,1,2876.323896
-0.039878,1,2876.355137
-0.023146,1,2876.370759
-3.808196,50,2877.479872
-5.372381,50,2878.635849
-4.923353,50,2879.744965
-4.096253,50,2880.932185
-0.045616,1,2880.963427
-5.866685,50,2882.119406
-6.417016,50,2883.19728
-2.738256,50,2884.306393
-0.046733,1,2884.337638
-4.32902,50,2885.431132
-0.044232,1,2885.462374
-0.032691,1,2885.493617
-4.22844,50,2886.555865
-3.232472,50,2887.727469
-6.499881,50,2888.820957
-3.119173,50,2889.945693
-4.642005,50,2891.148538
-4.600638,50,2892.398242
-5.542398,50,2893.944757
-3.936969,50,2895.038249
-4.63326,50,2896.334823
-3.066777,50,2897.443934
-4.776091,50,2898.59991
-5.452377,50,2899.677785
-3.716468,50,2900.818141
-4.553504,50,2901.911634
-3.113954,50,2903.130103
-0.044853,1,2903.145718
-4.013691,50,2904.254832
-3.769562,50,2905.39519
-3.371555,50,2906.504309
-4.362571,50,2907.61342
-3.508392,50,2908.785021
-4.826409,50,2910.003486
-4.535374,50,2911.1126
-3.019592,50,2912.34669
-4.340494,50,2913.533903
-0.014316,1,2913.549531
-0.005461,1,2913.565148
-5.884675,50,2914.643022
-0.033968,1,2914.689881
-0.037533,1,2914.721126
-6.57438,50,2915.830248
-3.793983,50,2917.017459
-5.858125,50,2918.157823
-4.285904,50,2919.345042
-4.240399,50,2920.532264
-0.020302,1,2920.563501
-3.274978,50,2921.750722
-4.881988,50,2922.875458
-0.049749,1,2922.891082
-5.192981,50,2924.015848
-4.44162,50,2925.12493
-5.882086,50,2926.249667
-3.323257,50,2927.48375
-4.705975,50,2928.624113
-0.02315,1,2928.655351
-4.838427,50,2929.82695
-4.874499,50,2931.014174
-6.597906,50,2932.12329
-4.261386,50,2933.263645
-3.902112,50,2934.38838
-5.12781,50,2935.606843
-6.038346,50,2936.715959
-0.022298,1,2936.747201
-6.07994,50,2937.856318
-3.49185,50,2938.934188
-5.831828,50,2939.996443
-7.151505,50,2941.168042
-6.340358,50,2942.292775
-4.390956,50,2943.417512
-0.03959,1,2943.433134
-3.534065,50,2944.589112
-5.18261,50,2945.791951
-7.076632,50,2946.90107
-0.047158,1,2946.91669
-4.859588,50,2948.025803
-4.267052,50,2949.166191
-4.135617,50,2950.275277
-0.025944,1,2950.290898
-3.628151,50,2951.49374
-3.143577,50,2952.680958
-4.093874,50,2953.821314
-6.13846,50,2954.961678
-4.577919,50,2956.070791
-5.130665,50,2957.195527
-3.681204,50,2958.30464
-4.002864,50,2959.460616
-3.416895,50,2960.585351
-0.013024,1,2960.616593
-3.851068,50,2961.694467
-2.711483,50,2962.86607
-0.036615,1,2962.897311
-0.046261,1,2962.912932
-0.047792,1,2962.944171
-3.248234,50,2964.053288
-0.009622,1,2964.084558
-5.751111,50,2965.224886
-5.134647,50,2966.349628
-5.714816,50,2967.458745
-2.784901,50,2968.645958
-3.387271,50,2969.801941
-5.310692,50,2970.895434
-0.035709,1,2970.911051
-3.249143,50,2972.082652
-0.026584,1,2972.098273
-5.31511,50,2973.160527
-3.582823,50,2974.363365
-3.487023,50,2975.472487
-2.939531,50,2976.628461
-6.693825,50,2977.925028
-4.507981,50,2979.049766
-4.993697,50,2980.205741
-4.226391,50,2981.517935
-5.796559,50,2982.767641
-2.565261,50,2983.939243
-3.112457,50,2985.032735
-3.545778,50,2986.235576
-4.959738,50,2987.407177
-5.572436,50,2988.563155
-5.586666,50,2989.703512
-5.306222,50,2990.906357
-5.005553,50,2991.999851
-0.043962,1,2992.015474
-0.006548,1,2992.046716
-5.621227,50,2993.187071
-3.100157,50,2994.264945
-6.337962,50,2995.420923
-0.041669,1,2995.452161
-0.026103,1,2995.483403
-3.627267,50,2996.623761
-0.026632,1,2996.655004
-3.349383,50,2997.795362
-4.50849,50,2998.857618
-4.122527,50,2999.982351
-2.791901,50,3001.18519
-6.36383,50,3002.309927
-5.658735,50,3003.37218
-4.659547,50,3004.512539
-0.017454,1,3004.528159
-2.804621,50,3005.762241
-0.007589,1,3005.793483
-0.048871,1,3005.824725
-4.536477,50,3007.090056
-0.04306,1,3007.1213
-2.96326,50,3008.33976
-4.140729,50,3009.480118
-4.529458,50,3010.698585
-5.330027,50,3011.838943
-0.043692,1,3011.854564
-3.319282,50,3012.948057
-2.82445,50,3014.010303
-2.978451,50,3015.181941
-2.610868,50,3016.30664
-3.680411,50,3017.431374
-6.21743,50,3018.55611
-6.000809,50,3019.712089
-4.327656,50,3020.89931
-3.886114,50,3022.070909
-0.046972,1,3022.08653
-3.388575,50,3023.258131
-2.774912,50,3024.414109
-4.300875,50,3025.554469
-5.399327,50,3026.694825
-5.037997,50,3030.50643
-4.406689,50,3031.615542
-2.620048,50,3032.787146
-4.175764,50,3033.911879
-4.596758,50,3035.036614
-3.220426,50,3036.161354
-4.754621,50,3037.270469
-4.68228,50,3038.379581
-3.146109,50,3039.504316
-3.618352,50,3040.816506
-5.013256,50,3042.003733
-3.010623,50,3043.097223
-3.774137,50,3044.268822
-3.933729,50,3045.424799
-0.032208,1,3045.45604
-4.004217,50,3046.69013
-0.020328,1,3046.736995
-3.365245,50,3047.814867
-4.72404,50,3048.970842
-0.042659,1,3048.986462
-4.88791,50,3050.158063
-3.584462,50,3051.376527
-3.746151,50,3052.516887
-0.036658,1,3052.548137
-4.663154,50,3053.719766
-0.018129,1,3053.735348
-0.034115,1,3053.766591
-5.293484,50,3055.078784
-0.039842,1,3055.125646
-5.357419,50,3056.28163
-3.967132,50,3057.53133
-4.216056,50,3058.796662
-5.273669,50,3059.968259
-3.468018,50,3061.186723
-4.766005,50,3062.248974
-3.678488,50,3063.342466
-4.838371,50,3064.451582
-0.046618,1,3064.482824
-0.016711,1,3064.498447
-5.093183,50,3065.638802
-4.248143,50,3066.810401
-0.014941,1,3066.826023
-0.784778,13,3067.107209
-0.040992,1,3067.13845
-3.879153,50,3068.388157
-5.745755,50,3069.559761
-4.83407,50,3070.684495
-3.618403,50,3071.856091
-3.076632,50,3073.105798
-5.343696,50,3074.199295
-0.046311,1,3074.230537
-5.421624,50,3075.417757
-5.065377,50,3076.542493
-0.040348,1,3076.573733
-0.033238,1,3076.589359
-3.293992,50,3077.714092
-5.391431,50,3078.885694
-4.616197,50,3079.963567
-0.03412,1,3079.979185
-0.023766,1,3080.010428
-3.824219,50,3081.166406
-9.179865,50,3082.275521
-4.330127,50,3083.384637
-4.729824,50,3084.524996
-0.036477,1,3084.556233
-4.704517,50,3085.696595
-0.033426,1,3085.712216
-4.27991,50,3086.790087
-3.676588,50,3087.914819
-4.825778,50,3089.039555
-2.676404,50,3090.258023
-5.513392,50,3091.429619
-6.604496,50,3092.605715
-3.575349,50,3093.777316
-4.44221,50,3094.914628
-2.590156,50,3096.117486
-2.85541,50,3097.304692
-5.009031,50,3098.491916
-0.04587,1,3098.50754
-4.011311,50,3099.679135
-0.038921,1,3099.710378
-6.118947,50,3100.881981
-2.765831,50,3102.037961
-4.206843,50,3103.162692
-3.086254,50,3104.365537
-0.025771,1,3104.381159
-4.467544,50,3105.521512
-4.729555,50,3106.59939
-0.042729,1,3106.630627
-3.332011,50,3107.755363
-4.08893,50,3108.89572
-0.033287,1,3108.926962
-5.074049,50,3110.082941
-3.524298,50,3111.254544
-0.039834,1,3111.270165
-5.903831,50,3112.363657
-4.176871,50,3113.504013
-0.01343,1,3113.519636
-6.279207,50,3114.644371
-5.3568,50,3115.800348
-5.174874,50,3116.909464
-5.371746,50,3118.221658
-6.469497,50,3119.268283
-3.083473,50,3120.393019
-4.340905,50,3121.580245
-3.002421,50,3122.720602
-4.293964,50,3123.8922
-3.393061,50,3125.063807
-3.864243,50,3126.204155
-5.554501,50,3127.313273
-4.005131,50,3128.516111
-4.285108,50,3129.703336
-6.101965,50,3130.874932
-3.908032,50,3131.999708
-3.174782,50,3133.171268
-4.056462,50,3134.311627
-3.672866,50,3135.561335
-5.076614,50,3136.732935
-0.044946,1,3136.764212
-6.062017,50,3137.873289
-6.600286,50,3139.01365
-0.048437,1,3139.02927
-5.353239,50,3140.138381
-0.037689,1,3140.154005
-0.040713,1,3140.185246
-5.964177,50,3141.388088
-4.949922,50,3142.52845
-2.736026,50,3143.575073
-2.805812,50,3144.762299
-2.945053,50,3145.902653
-3.054994,50,3147.011772
-2.931811,50,3148.214611
-3.923032,50,3149.370594
-4.827311,50,3150.479706
-4.263612,50,3151.666927
-0.033628,1,3151.682549
-4.899871,50,3152.838527
-2.631594,50,3153.994507
-5.589392,50,3155.056753
-4.958483,50,3156.197109
-4.723335,50,3157.337471
-4.616638,50,3158.477826
-4.451281,50,3159.586945
-4.623916,50,3160.805401
-5.949741,50,3161.914519
-2.86585,50,3163.054876
-4.805662,50,3164.148371
-0.041795,1,3164.179611
-0.022742,1,3164.210866
-0.02391,1,3164.226473
-0.048114,1,3164.257716
-0.039074,1,3164.273339
-5.519909,50,3165.429322
-3.333767,50,3166.600916
-3.315135,50,3167.741279
-0.044891,1,3167.772519
-2.846327,50,3168.944117
-3.216116,50,3170.100098
-0.041404,1,3170.115721
-4.439098,50,3171.334183
-5.200556,50,3172.521401
-4.828855,50,3173.614898
-3.308755,50,3174.739633
-3.574935,50,3175.864366
-5.470368,50,3176.989103
-4.632625,50,3178.0826
-3.72183,50,3179.19171
-0.020366,1,3179.222951
-5.675542,50,3180.425798
-5.651075,50,3181.550564
-4.372883,50,3182.768997
-3.682181,50,3183.878111
-4.375045,50,3185.049711
-4.566501,50,3186.315036
-0.047704,1,3186.346277
-4.498715,50,3188.08025
-5.655919,50,3189.37682
-2.794058,50,3190.564038
-3.313741,50,3191.688775
-0.039452,1,3191.704398
-0.038852,1,3191.751259
-4.873888,50,3192.813512
-0.025593,1,3192.829135
-4.081473,50,3193.98511
-2.601648,50,3195.203612
-4.375566,50,3196.281448
-2.615961,50,3197.437432
-4.567545,50,3198.49968
-3.570223,50,3199.733762
-5.230982,50,3200.842877
-2.739188,50,3202.076962
-0.025954,1,3202.092583
-4.89063,50,3203.264179
-6.260423,50,3204.451401
-5.099571,50,3205.57614
-5.330386,50,3206.716496
-4.318274,50,3207.98182
-0.021294,1,3207.997446
-0.049101,1,3208.028686
-2.625765,50,3209.294016
-5.090583,50,3210.543722
-3.240577,50,3211.730943
-0.037869,1,3211.762184
-4.396807,50,3212.996271
-3.530392,50,3214.16787
-3.911854,50,3215.32385
-4.349237,50,3216.464205
-4.965418,50,3217.63582
-0.040747,1,3217.667066
-0.041812,1,3217.69829
-0.026598,1,3217.713911
-3.841287,50,3218.885513
-3.950377,50,3220.119601
-5.269675,50,3221.228713
-3.462545,50,3222.337826
-4.993116,50,3223.446939
-3.424845,50,3224.61854
-3.281662,50,3225.74328
-3.673187,50,3226.946121
-3.811538,50,3228.102099
-5.408534,50,3229.179971
-4.153338,50,3230.351568
-0.039197,1,3230.382814
-0.02336,1,3230.398435
-5.312684,50,3231.585657
-4.541711,50,3232.663528
-3.913619,50,3233.913231
-0.016139,1,3233.928851
-4.440426,50,3235.069209
-5.400989,50,3236.272053
-0.016176,1,3236.303294
-2.973973,50,3237.443653
-4.115086,50,3238.58401
-4.207276,50,3239.755611
-3.122032,50,3240.92721
-0.038924,1,3240.942832
-3.069333,50,3242.176919
-5.00924,50,3243.317275
-2.842376,50,3244.457632
-0.038337,1,3244.473253
-0.030187,1,3244.504494
-3.22921,50,3245.660476
-2.744522,50,3246.847694
-3.553887,50,3248.050537
-4.169565,50,3249.144029
-5.446463,50,3250.300009
-0.046106,1,3250.315629
-4.427813,50,3251.455988
-2.734176,50,3252.705698
-4.771257,50,3253.846049
-5.105787,50,3254.986408
-0.04552,1,3255.002029
-4.407606,50,3256.17363
-4.035886,50,3257.282743
-5.441624,50,3258.532489
-4.477481,50,3259.610321
-5.842705,50,3260.813166
-2.873856,50,3261.95352
-0.017441,1,3261.969141
-4.054159,50,3265.999449
-0.036796,1,3266.046311
-5.394298,50,3267.186666
-4.254168,50,3268.342648
-3.381361,50,3269.54549
-0.043176,1,3269.561111
-4.31005,50,3270.685844
-4.345168,50,3271.857443
-5.402964,50,3272.96656
-3.544444,50,3274.106915
-6.32705,50,3275.216029
-4.690585,50,3276.418878
-5.05805,50,3277.652958
-4.032327,50,3278.8558
-3.019036,50,3280.058643
-4.828847,50,3281.198999
-3.509407,50,3282.3706
-4.490954,50,3283.464093
-3.682412,50,3284.573214
-4.186461,50,3285.744807
-4.236934,50,3286.916412
-5.4591,50,3288.166125
-2.739662,50,3289.322096
-4.639322,50,3290.43121
-2.794238,50,3291.571563
-5.31595,50,3292.743164
-4.142864,50,3293.899145
-4.938991,50,3294.977015
-2.998763,50,3296.086161
-0.039448,1,3296.117373
-3.245285,50,3297.273352
-4.949194,50,3298.507438
-5.527863,50,3299.600929
-5.013528,50,3300.663179
-2.886958,50,3301.850399
-3.679317,50,3302.975135
-3.728817,50,3304.16236
-4.538765,50,3305.380821
-3.516125,50,3306.536799
-3.549201,50,3307.661536
-0.014204,1,3307.692811
-2.959283,50,3308.848757
-6.744796,50,3310.004738
-3.175792,50,3311.129472
-3.837131,50,3312.222964
-4.644647,50,3313.394569
-6.651463,50,3314.550541
-2.555718,50,3315.675277
-4.84036,50,3316.846881
-5.271603,50,3317.971629
-3.48695,50,3319.190077
-0.04151,1,3319.22132
-4.638398,50,3320.361679
-3.838861,50,3321.517654
-4.411929,50,3322.720501
-0.022581,1,3322.73612
-3.111067,50,3323.907722
-3.51215,50,3325.141809
-3.277437,50,3326.2353
-3.004216,50,3327.391276
-6.197559,50,3328.516011
-0.045319,1,3328.547254
-0.020754,1,3328.562876
-5.605968,50,3329.718854
-5.897319,50,3330.890454
-3.459285,50,3332.171403
-6.18833,50,3333.311764
-4.954245,50,3334.420878
-4.272858,50,3335.529994
-3.100244,50,3336.670346
-4.204016,50,3337.826326
-4.7239,50,3338.951076
-4.988453,50,3340.091417
-4.31081,50,3341.200531
-4.847404,50,3342.35651
-5.45386,50,3343.496872
-0.039325,1,3343.52811
-3.499904,50,3344.621605
-3.359623,50,3345.777582
-3.103716,50,3346.964803
-0.033212,1,3346.996046
-4.403191,50,3348.136406
-4.495695,50,3349.308008
-4.649739,50,3350.44836
-5.361967,50,3351.588721
-0.009028,1,3351.619965
-4.3342,50,3352.744698
-3.285399,50,3353.885053
-3.172414,50,3355.056652
-2.989955,50,3356.16577
-0.038592,1,3356.181388
-4.779029,50,3357.290506
-0.035169,1,3357.306143
-4.741108,50,3358.493351
-4.460371,50,3359.5556
-0.020384,1,3359.586842
-4.023466,50,3360.742816
-5.548864,50,3361.961282
-5.400726,50,3363.148503
-0.031489,1,3363.17975
-0.049669,1,3363.19537
-4.490354,50,3364.366966
-2.591955,50,3365.46046
-4.049047,50,3366.616441
-4.87191,50,3367.772417
-0.039413,1,3367.803663
-3.646426,50,3368.975262
-6.868828,50,3370.084377
-4.24453,50,3371.193493
-5.423211,50,3372.380713
-0.019483,1,3372.411951
-0.014348,1,3372.427577
-0.036573,1,3372.443199
-3.526276,50,3373.599172
-5.422466,50,3374.692665
-4.910259,50,3375.770541
-2.759318,50,3376.942142
-6.327277,50,3378.207466
-0.025849,1,3378.223087
-4.236479,50,3379.332201
-4.336857,50,3380.394452
-4.493188,50,3381.691023
-3.131155,50,3382.925106
-0.036866,1,3382.940733
-6.36172,50,3384.096705
-0.046494,1,3384.127954
-3.808596,50,3385.252685
-2.900338,50,3386.37742
-3.538052,50,3387.502161
-4.210507,50,3388.673765
-5.327806,50,3389.845406
-3.978062,50,3390.985718
-0.03836,1,3391.016961
-4.853256,50,3392.157312
-0.042177,1,3392.172936
-6.258023,50,3393.360156
-5.512378,50,3394.563004
-5.769394,50,3395.734599
-5.234428,50,3396.874958
-5.011719,50,3397.984071
-0.025031,1,3398.015316
-5.500333,50,3399.171291
-4.712347,50,3400.342889
-2.929078,50,3401.514495
-3.416653,50,3402.68609
-5.250306,50,3403.810827
-5.623672,50,3404.951183
-2.788921,50,3406.044677
-5.404647,50,3407.200658
-3.342303,50,3408.341013
-0.030202,1,3408.356638
-3.716912,50,3409.512614
-6.496971,50,3410.699834
-4.78314,50,3411.855813
-4.498577,50,3412.96493
-2.619571,50,3414.058419
-3.912975,50,3415.167536
-6.020419,50,3416.370378
-5.993315,50,3417.479508
-4.35895,50,3418.557366
-0.04235,1,3418.588606
-0.030986,1,3418.61985
-4.472344,50,3419.744586
-3.403557,50,3420.900567
-3.469324,50,3422.025305
-0.007951,1,3422.056544
-4.057093,50,3423.181283
-5.287042,50,3424.321679
-4.021214,50,3425.477617
-0.038721,1,3425.508878
-4.014331,50,3426.680455
-2.866258,50,3427.898919
-0.044504,1,3427.914544
-0.002307,1,3427.945786
-4.62385,50,3429.086143
-0.023582,1,3429.117386
-4.931704,50,3430.226498
-4.912894,50,3431.382495
-3.681083,50,3432.522832
-2.619009,50,3433.694438
-4.20353,50,3434.834793
-0.039683,1,3434.866034
-5.365589,50,3436.037631
-3.134452,50,3437.224854
-2.975884,50,3438.412076
-4.502683,50,3439.583678
-3.567073,50,3440.770896
-4.79501,50,3441.88001
-4.209099,50,3443.020372
-3.786724,50,3444.223212
-3.45763,50,3445.347943
-2.793238,50,3446.519551
-2.603885,50,3447.769256
-3.530328,50,3448.92523
-4.74761,50,3450.003103
-4.27144,50,3451.127842
-5.275776,50,3452.268199
-4.017428,50,3453.377313
-4.783127,50,3454.50205
-2.866844,50,3455.658023
-0.034864,1,3455.673647
-4.539641,50,3456.860867
-4.446956,50,3458.001227
-0.047431,1,3458.01685
-0.028116,1,3458.032471
-0.028862,1,3458.079331
-3.755118,50,3459.204072
-0.025483,1,3459.235309
-3.236162,50,3460.438156
-5.937161,50,3461.578511
-3.530544,50,3462.718867
-5.064515,50,3463.90609
-3.980094,50,3464.983963
-5.025112,50,3466.108695
-19.03608,50,3467.264676
-3.032973,50,3468.48314
-0.039317,1,3468.498763
-0.022212,1,3468.530005
-6.596196,50,3469.654737
-4.571515,50,3470.748232
-0.011653,1,3470.763851
-2.551015,50,3471.951072
-4.5561,50,3473.075809
-0.034604,1,3473.107053
-0.044972,1,3473.122671
-5.308936,50,3474.309901
-2.654311,50,3475.512735
-0.036399,1,3475.528357
-5.34679,50,3476.60623
-5.244087,50,3477.730968
-0.048674,1,3477.746587
-4.747571,50,3478.840084
-0.016473,1,3478.855705
-0.029524,1,3478.886945
-0.044224,1,3478.918186
-3.878127,50,3480.042942
-4.228414,50,3481.167658
-4.111448,50,3482.308014
-0.008299,1,3482.323642
-3.171804,50,3483.479615
-4.326425,50,3484.588729
-5.896362,50,3485.713466
-5.24218,50,3486.85383
-0.035989,1,3486.869442
-5.087708,50,3488.025424
-0.031569,1,3488.072285
-3.722858,50,3489.1814
-3.25798,50,3490.274897
-0.049026,1,3490.290521
-0.046879,1,3490.321759
-0.04498,1,3490.337384
-4.733958,50,3491.49336
-6.901009,50,3492.602477
-3.831225,50,3493.727213
-4.879498,50,3494.851943
-6.172034,50,3499.647695
-3.020239,50,3500.834913
-6.068922,50,3501.912788
-2.874488,50,3503.037521
-5.742942,50,3504.224741
-4.813403,50,3505.33386
-4.632854,50,3506.489835
-4.375469,50,3507.614569
-0.031544,1,3507.630191
-4.630275,50,3508.754931
-5.762436,50,3509.879669
-4.800209,50,3511.035643
-0.014763,1,3511.066884
-0.027389,1,3511.082507
-0.014596,1,3511.12937
-2.566215,50,3512.269727
-2.504962,50,3513.410085
-5.897151,50,3514.519203
-4.852656,50,3515.581449
-3.922632,50,3516.72181
-2.88097,50,3517.909029
-3.317643,50,3519.158734
-0.392247,8,3519.377433
-3.076344,50,3520.564655
-3.173531,50,3521.720637
-4.747356,50,3522.845368
-4.81948,50,3524.048212
-4.055606,50,3525.172948
-3.023208,50,3526.375792
-5.078052,50,3527.51615
-0.041583,1,3527.547392
-0.02151,1,3527.578631
-6.09098,50,3528.672127
-3.132643,50,3529.765619
-4.405818,50,3530.968462
-0.044528,1,3530.999709
-5.290166,50,3532.171302
-2.577902,50,3533.264798
-3.582282,50,3534.389533
-5.537127,50,3535.545513
-2.512567,50,3536.810841
-0.015317,1,3536.826463
-3.092032,50,3537.966818
-4.947976,50,3539.075933
-2.921706,50,3540.200667
-3.104014,50,3541.403514
-4.023451,50,3542.590731
-3.667624,50,3543.746709
-4.051388,50,3544.887067
-2.913131,50,3546.027427
-0.047175,1,3546.058668
-0.040871,1,3546.08991
-5.064415,50,3547.245888
-3.841663,50,3548.464355
-5.09344,50,3549.620333
-0.033999,1,3549.635955
-5.053062,50,3550.729447
-0.021734,1,3550.760694
-3.902868,50,3551.854191
-3.416315,50,3552.978916
-0.047132,1,3552.994542
-5.516486,50,3554.181763
-3.38174,50,3555.337736
-5.706875,50,3556.39999
-2.890538,50,3557.602834
-3.8725,50,3558.774433
-4.392298,50,3559.899165
-6.256361,50,3561.148873
-3.502343,50,3562.273609
-4.777453,50,3563.367101
-2.633299,50,3564.554327
-6.791236,50,3565.710301
-3.856288,50,3566.819415
-4.605342,50,3567.897287
-3.414792,50,3569.068885
-5.199174,50,3570.256111
-0.049532,1,3570.271733
-3.0828,50,3571.583923
-4.29757,50,3572.708661
-2.75701,50,3573.895881
-3.13577,50,3575.020621
-4.395818,50,3576.176598
-6.080418,50,3577.316957
-3.901905,50,3578.426063
-0.014237,1,3578.441689
-6.052252,50,3579.51956
-6.050505,50,3580.644292
-0.040188,1,3580.675539
-0.04679,1,3580.691156
-6.692472,50,3581.800272
-4.553527,50,3582.971873
-3.076615,50,3584.159092
-5.737944,50,3585.268211
-4.637539,50,3586.408565
-4.690007,50,3587.517682
-5.56615,50,3588.642447
-3.532377,50,3589.798395
-6.491487,50,3590.938754
-3.693676,50,3592.047868
-5.099962,50,3593.141359
-4.341911,50,3594.312959
-2.994247,50,3595.515805
-5.012531,50,3596.671782
-4.725082,50,3597.827759
-4.045207,50,3598.968117
-3.29972,50,3600.186583
-3.953698,50,3601.389421
-4.774641,50,3602.529778
-0.029013,1,3602.545402
-0.04824,1,3602.561019
-5.334137,50,3603.701377
-3.096365,50,3604.810491
-4.260265,50,3605.888367
-4.209045,50,3606.997478
-0.041522,1,3607.028721
-0.019948,1,3607.059963
-3.798643,50,3608.122218
-4.269623,50,3609.262574
-3.877085,50,3610.402929
-3.143982,50,3611.605788
-2.509119,50,3612.730507
-5.30537,50,3613.886485
-5.011498,50,3615.073706
-5.193362,50,3616.214063
-0.042352,1,3616.245307
-4.893144,50,3617.338799
-4.111859,50,3618.447913
-4.847695,50,3619.963181
-2.848716,50,3621.509693
-3.157379,50,3622.634434
-4.787152,50,3623.80603
-2.902914,50,3624.962008
-4.5197,50,3626.086745
-2.72659,50,3627.164618
-4.338034,50,3628.336216
-5.862805,50,3629.429713
-5.266185,50,3630.554445
-3.116203,50,3631.647972
-5.592064,50,3632.819537
-4.543383,50,3633.897411
-4.987916,50,3635.053393
-4.631233,50,3636.131261
-4.888457,50,3637.287239
-5.929476,50,3638.443221
-4.493281,50,3639.599196
-5.196029,50,3640.958253
-0.032669,1,3641.005117
-5.015531,50,3642.192337
-4.046524,50,3643.332694
-5.40772,50,3644.47305
-4.954335,50,3645.629031
-5.148122,50,3646.78501
-18.349412,50,3647.972229
-0.043192,1,3648.003475
-4.512167,50,3649.190696
-4.867286,50,3650.284188
-4.952623,50,3651.424544
-5.633251,50,3652.564901
-5.636367,50,3653.767744
-4.510237,50,3654.86124
-0.046342,1,3654.892482
-0.013516,1,3654.9081
-0.027673,1,3654.939354
-3.272429,50,3656.267155
-0.02559,1,3656.298399
-4.76765,50,3657.501243
-5.508994,50,3658.6416
-2.870415,50,3659.781955
-6.190444,50,3660.922322
-0.034945,1,3660.953555
-3.239719,50,3662.125155
-5.573759,50,3663.281139
-5.106089,50,3664.452734
-0.046629,1,3664.483976
-4.225232,50,3665.655576
-3.834126,50,3666.780311
-3.254165,50,3667.905046
-6.164993,50,3668.967297
-6.078082,50,3670.045169
-5.029189,50,3671.169909
-4.862987,50,3672.263402
-4.070757,50,3673.356896
-0.019913,1,3673.403756
-0.004502,1,3673.435
-4.980203,50,3674.481632
-0.049267,1,3674.512869
-6.394236,50,3675.653227
-4.786296,50,3676.902934
-4.917559,50,3678.074534
-3.709846,50,3679.16803
-0.043806,1,3679.214891
-3.622983,50,3680.308384
-3.546705,50,3681.417503
-5.732436,50,3682.589097
-0.028412,1,3682.635961
-3.076865,50,3683.776323
-3.407724,50,3684.901056
-3.971421,50,3686.088281
-4.774661,50,3687.275503
-3.503256,50,3688.415859
-0.025022,1,3688.431483
-3.138342,50,3689.60308
-4.691,50,3690.727811
-3.925525,50,3691.852548
-5.151529,50,3692.96599
-4.763399,50,3694.090724
-4.32286,50,3695.226099
-3.358378,50,3696.319586
-4.665414,50,3697.413085
-6.529532,50,3698.584682
-3.69049,50,3699.709415
-4.365394,50,3700.896635
-4.715106,50,3702.005752
-4.693383,50,3703.114867
-4.854328,50,3704.208363
-4.139033,50,3705.364335
-0.027238,1,3705.395579
-4.905168,50,3706.535937
-0.023901,1,3706.567178
-5.722445,50,3707.660674
-3.591252,50,3708.879139
-4.606833,50,3709.97263
-4.101235,50,3711.206716
-2.627758,50,3712.315833
-3.815755,50,3713.518671
-0.043143,1,3713.534292
-4.85705,50,3714.659029
-5.467198,50,3715.799389
-6.018229,50,3716.986609
-4.253546,50,3718.064482
-5.834938,50,3719.220462
-3.554463,45,3720.235843
-5.352466,50,3721.360581
-0.039335,1,3721.376202
-4.02907,50,3722.594668
-6.64748,50,3723.703779
-3.223954,50,3724.922244
-3.573463,50,3726.140707
-0.016256,1,3726.187569
-0.037331,1,3726.203194
-5.522399,50,3727.296684
-3.31935,50,3728.452666
-4.350049,50,3732.436106
-0.017126,1,3732.451729
-2.618501,50,3733.607703
-3.911297,50,3734.73244
-4.273589,50,3735.857175
-4.54281,50,3736.966296
-0.046026,1,3736.997535
-0.030958,1,3737.013158
-5.885175,50,3738.13789
-4.239073,50,3739.293865
-4.720121,50,3740.402982
-0.043136,1,3740.418605
-5.241603,50,3741.558965
-4.704785,50,3742.730561
-5.239867,50,3743.792822
-0.008565,1,3743.839677
-3.699996,50,3745.058137
-2.960724,50,3746.229738
-5.374919,50,3747.354476
-5.964387,50,3748.494835
-3.632519,50,3749.619569
-3.866916,50,3750.728682
-4.837671,50,3751.806557
-4.99541,50,3752.962534
-3.135371,50,3754.14976
-0.028909,1,3754.165381
-3.470285,50,3755.352597
-3.027351,50,3756.586685
-5.095136,50,3757.727039
-3.652287,50,3758.88302
-2.694335,50,3760.007757
-0.028817,1,3760.038999
-3.779987,50,3761.304322
-0.049117,1,3761.335605
-4.975968,50,3762.491548
-5.933905,50,3763.616278
-4.032667,50,3764.709778
-3.766188,50,3765.896996
-0.044687,1,3765.92824
-3.021486,50,3767.006115
-3.623013,50,3768.255816
-3.846443,50,3769.411794
-2.870898,50,3770.552154
-3.904178,50,3771.708129
-0.010053,1,3771.739372
-0.034657,1,3771.754995
-6.728939,50,3772.910972
-5.373033,50,3774.066953
-4.31765,50,3775.191686
-0.0327,1,3775.222928
-4.322989,50,3776.378911
-3.952757,50,3777.488025
-0.024202,1,3777.519268
-3.511334,50,3778.72211
-0.035229,1,3778.73773
-5.774336,50,3779.924953
-4.383193,50,3781.034067
-0.031105,1,3781.065307
-0.041034,1,3781.096549
-2.964223,50,3782.236908
-5.587172,50,3783.439751
-0.042516,1,3783.470991
-2.684333,50,3784.689456
-3.3338,50,3785.861057
-4.5725,50,3786.970172
-0.035541,1,3787.001414
-0.035828,1,3787.032692
-4.70635,50,3788.157391
-3.656328,50,3789.313372
-3.024547,50,3790.469353
-5.095341,50,3791.625329
-5.304475,50,3792.859411
-4.410448,50,3794.062257
-5.00004,50,3795.593143
-3.381438,50,3796.749128
-6.980302,50,3797.858239
-5.489829,50,3799.014254
-4.812911,50,3800.138951
-5.306052,50,3801.279309
-0.037109,1,3801.310552
-3.065201,50,3802.529015
-3.643729,50,3803.622513
-3.37468,50,3804.840971
-3.266129,50,3806.059439
-4.074374,50,3807.262317
-4.679089,50,3808.402635
-3.796203,50,3809.605481
-5.219109,50,3810.745835
-4.16432,50,3811.933057
-3.049392,50,3813.135899
-3.789258,50,3814.260634
-0.03812,1,3814.291881
-4.744583,50,3815.447898
-0.049592,1,3815.479101
-4.91145,50,3816.66632
-3.412556,50,3817.83792
-4.625489,50,3819.072008
-6.152194,50,3820.212364
-4.294329,50,3821.383961
-3.44478,50,3822.52432
-0.043776,1,3822.571183
-3.988979,50,3823.66468
-0.017455,1,3823.6803
-3.528451,50,3824.836276
-4.56808,50,3825.992259
-0.046386,1,3826.007876
-4.072298,50,3827.132615
-5.828859,50,3828.444803
-4.182742,50,3829.647645
-6.368706,50,3830.850488
-4.366306,50,3831.990849
-5.009967,50,3833.084338
-4.912346,50,3834.24032
-4.782174,50,3835.458781
-3.857116,50,3836.583522
-1.585203,18,3836.989672
-0.013233,1,3837.020914
-0.037691,1,3837.052157
-4.803795,50,3838.192517
-0.031292,1,3838.208138
-3.272765,50,3839.379735
-5.312864,50,3840.520092
-4.097548,50,3841.738559
-5.124595,50,3842.785192
-0.029726,1,3842.816427
-0.048538,1,3842.832052
-4.227031,50,3843.972444
-2.655447,28,3844.644125
-0.030615,1,3844.675383
-4.996639,50,3845.800105
-3.005524,50,3847.034188
-4.557517,50,3848.205787
-5.173402,50,3849.346144
-3.590236,50,3850.54899
-0.040155,1,3850.580229
-2.756375,50,3851.767453
-4.981632,50,3852.923434
-3.47511,50,3854.032543
-0.049657,1,3854.063839
-5.002435,50,3855.235387
-5.286493,50,3856.375746
-4.997345,50,3857.531725
-4.442423,50,3858.76581
-4.281294,50,3859.906166
-4.039911,50,3861.077772
-0.025897,1,3861.109006
-2.592078,50,3862.249363
-2.712601,50,3863.467828
-4.703668,50,3864.608187
-4.149185,50,3865.732922
-2.637769,50,3866.90452
-0.026749,1,3866.935764
-4.959508,50,3868.138608
-3.017456,50,3869.294585
-4.425833,50,3870.450573
-3.654229,50,3871.637788
-4.052817,50,3872.793761
-5.186355,50,3873.918508
-5.468567,50,3875.074487
-5.435731,50,3876.183622
-0.025301,1,3876.214834
-4.125213,50,3877.323948
-5.828887,50,3878.573658
-2.856092,50,3879.729635
-5.494856,50,3880.854368
-0.027435,1,3880.86999
-5.686164,50,3881.963482
-3.289096,50,3883.150705
-2.523381,50,3884.369168
-4.083823,50,3885.54077
-4.087185,50,3886.649884
-4.133935,50,3887.821488
-0.048773,1,3887.852723
-3.793672,50,3888.993083
-4.868983,50,3890.149066
-4.332851,50,3891.367528
-2.775698,50,3892.585989
-3.759773,50,3893.695104
-0.041909,1,3893.726349
-4.757466,50,3894.960429
-3.256452,50,3896.116409
-5.060787,50,3897.256766
-3.281543,50,3898.428371
-0.022888,1,3898.443987
-0.033055,1,3898.475265
-5.462967,50,3899.584344
-5.88398,50,3900.70908
-4.386114,50,3901.849439
-4.826202,50,3902.989799
-4.976714,50,3904.161398
-3.3966,50,3905.364237
-2.721633,50,3906.52022
-0.036175,1,3906.551463
-4.10482,50,3907.738679
-0.791572,11,3907.988625
-6.313345,50,3909.160223
-6.62971,50,3910.347487
-4.124185,50,3911.487798
-4.474915,50,3912.675021
-2.917834,50,3913.79976
-3.742232,50,3914.893252
-6.595449,50,3916.064851
-4.365227,50,3917.189585
-3.135734,50,3918.39243
-3.794686,50,3919.532788
-3.52175,50,3920.751248
-0.049331,1,3920.766869
-4.513373,50,3921.907226
-0.019346,1,3921.938471
-2.621698,50,3923.344388
-0.046334,1,3923.375631
-4.369684,50,3924.594094
-4.082978,50,3925.703213
-0.029692,1,3925.734457
-4.081946,50,3926.906056
-5.914432,50,3928.046412
-4.962127,50,3929.155527
-0.045485,1,3929.186769
-4.378977,50,3930.327124
-2.729865,50,3931.467484
-4.644129,50,3932.639083
-4.310711,50,3933.826304
-5.050319,50,3935.013523
-5.562649,50,3936.091398
-4.946673,50,3937.262998
-3.706113,50,3938.403355
-3.568838,50,3939.57495
-5.41952,50,3940.840279
-5.162465,50,3941.996259
-5.438781,50,3943.121001
-5.893305,50,3944.308214
-0.022314,1,3944.339457
-3.358232,50,3945.5423
-0.004408,1,3945.573542
-0.030396,1,3945.589169
-5.328198,50,3946.682658
-3.04896,50,3947.85426
-4.965476,50,3948.963374
-0.035415,1,3948.978996
-6.790188,50,3950.07249
-0.036007,1,3950.119348
-3.536443,50,3951.306572
-3.093384,50,3952.571903
-0.036729,1,3952.587523
-2.67883,50,3953.759122
-4.771295,50,3954.946344
-2.541597,50,3956.180426
-5.889422,50,3957.383272
-3.535001,50,3958.508009
-4.45658,50,3959.679604
-4.954124,50,3960.757477
-5.443099,50,3961.913502
-4.172004,50,3963.085058
-2.755172,50,3964.178552
-0.7899,11,3967.427791
-4.458566,50,3968.568143
-4.69922,50,3969.677259
-4.854731,50,3970.895724
-0.021046,1,3970.926967
-0.042128,1,3970.958206
-3.454804,50,3972.161051
-4.451492,50,3973.238919
-3.573425,50,3974.426142
-4.048782,50,3975.550876
-5.095108,50,3976.675612
-3.148056,50,3977.753485
-2.891878,50,3978.893846
-3.831784,50,3980.034198
-5.395048,50,3981.158935
-4.710828,50,3982.268053
-3.129496,50,3983.455269
-5.6465,50,3984.595628
-4.767534,50,3985.704741
-4.727846,50,3986.876344
-3.14136,50,3988.00108
-5.471692,50,3989.157055
-6.264276,50,3990.328665
-4.549346,50,3991.469013
-4.737124,50,3992.593753
-3.03159,50,3993.734106
-5.217316,50,3994.874461
-3.149531,50,3996.046062
-4.715197,50,3997.186419
-2.728911,50,3998.420505
-0.035663,1,3998.451747
-4.849251,50,3999.654631
-0.003954,1,3999.685838
-0.016496,1,3999.701459
-0.038954,1,3999.732697
-4.466862,50,4000.888676
-4.758916,50,4001.982206
-0.034437,1,4001.997792
-4.596491,50,4003.200633
-4.247202,50,4004.325368
-0.042943,1,4004.340993
-3.683497,50,4005.543836
-4.885245,50,4006.668572
-0.039573,1,4006.699812
-5.741535,50,4007.855789
-4.690401,50,4008.980525
-4.886626,50,4010.120882
-4.924512,50,4011.323763
-0.026791,1,4011.339348
-0.048486,1,4011.370593
-4.992055,50,4012.464082
-4.379267,50,4013.620061
-4.623498,50,4014.776038
-0.043416,1,4014.791663
-4.559566,50,4015.947642
-2.962901,50,4017.119241
-0.031731,1,4017.134861
-3.277149,50,4018.368948
-4.595813,50,4019.524923
-2.52579,50,4020.74339
-6.976675,50,4021.836884
-3.576875,50,4023.039722
-5.738834,50,4024.18008
-3.679694,50,4025.304819
-3.45342,50,4026.429551
-3.713334,50,4027.648017
-4.50034,50,4028.835239
-2.531499,50,4029.944354
-6.604148,50,4031.069127
-4.107648,50,4032.146961
-2.768448,50,4033.271702
-3.787703,50,4034.443296
-4.322811,50,4035.614895
-4.766563,50,4036.770875
-4.340306,50,4037.926852
-2.926847,50,4039.004724
-4.757891,50,4040.191944
-0.00829,1,4040.207566
-6.444135,50,4041.441657
-4.510695,50,4042.644527
-4.094472,50,4043.800473
-0.038694,1,4043.831714
-2.995908,50,4045.0658
-4.898331,50,4046.174915
-2.653517,50,4047.330898
-2.937823,50,4048.518115
-0.041583,1,4048.549363
-4.683618,50,4049.767821
-6.269104,50,4050.861313
-4.969303,50,4051.986053
-4.444146,50,4053.110785
-4.830195,50,4054.282384
-5.096893,50,4055.422742
-5.171813,50,4056.563103
-5.979343,50,4057.656595
-3.451491,50,4058.82819
-3.730438,50,4060.077903
-2.868244,50,4061.43696
-3.802353,50,4062.577315
-4.845629,50,4063.639565
-3.377024,50,4064.77992
-3.1625,50,4065.951524
-4.994452,50,4067.045013
-2.722397,50,4068.26348
-6.275773,50,4069.466318
-3.067133,50,4070.622296
-0.014883,1,4070.653538
-4.549154,50,4071.809518
-4.259159,50,4072.965496
-6.926837,50,4074.074615
-4.69316,50,4075.23059
-4.479821,50,4076.324081
-4.750764,50,4077.495681
-4.844122,50,4078.636043
-2.569723,50,4079.792017
-0.049274,1,4079.82326
-4.143287,50,4080.963618
-0.021395,1,4080.97924
-5.735734,50,4082.119599
-6.379421,50,4083.259954
-3.941948,50,4084.447176
-0.010722,1,4084.478417
-4.604438,50,4085.603153
-3.106579,50,4086.727892
-4.720881,50,4087.868252
-6.016065,50,4088.992986
-3.316771,50,4090.180206
-5.448764,50,4091.351808
-6.433499,50,4092.429679
-4.703118,50,4093.523169
-0.038641,1,4093.570035
-4.459545,50,4094.72601
-4.952689,50,4095.835144
-5.275081,50,4096.913002
-5.56727,50,4098.162704
-3.483278,50,4099.256198
-0.033967,1,4099.287476
-6.62208,50,4100.474679
-4.802481,50,4101.552531
-5.21259,50,4102.661648
-4.195404,50,4103.83325
-0.046419,1,4103.848871
-3.279255,50,4105.067333
-5.599358,50,4106.176447
-4.641641,50,4107.269938
-2.52633,50,4108.457164
-4.371742,50,4109.644382
-2.858084,48,4110.800377
-4.984708,50,4111.940723
-4.998687,50,4113.002971
-5.123508,50,4114.237054
-5.524712,50,4115.408652
-3.159011,50,4116.611497
-1.201232,17,4116.955163
-4.801536,50,4118.142535
-3.914671,50,4119.22041
-0.022252,1,4119.251649
-4.15673,50,4120.470114
-0.0441,1,4120.516977
-3.271861,50,4121.68858
-2.978867,50,4122.828938
-0.013765,1,4122.844556
-3.483587,50,4124.125507
-6.62605,50,4125.234619
-3.873625,50,4126.312493
-3.34192,50,4127.437229
-3.11253,50,4128.624462
-5.308998,50,4129.82729
-2.692511,50,4131.061375
-0.048456,1,4131.092618
-2.55082,50,4132.311083
-0.036169,1,4132.326704
-5.616776,50,4133.513928
-6.551812,50,4134.70115
-3.661254,50,4135.79467
-0.036678,1,4135.825885
-5.061866,50,4137.013102
-6.429025,50,4138.231566
-4.579202,50,4139.45003
-6.095875,50,4140.652871
-3.257869,50,4141.855714
-5.163833,50,4143.011697
-3.498409,50,4144.214538
-3.760596,50,4145.401757
-0.039335,1,4145.41738
-5.801031,50,4146.542114
-2.581576,50,4147.791822
-6.508096,50,4148.979045
-3.236372,50,4150.135023
-3.285751,50,4151.197271
-5.042354,50,4152.446981
-3.129421,50,4153.587337
-3.5082,50,4154.790178
-4.568743,50,4155.946155
-4.718967,50,4157.055272
-6.809156,50,4158.476809
-3.26674,50,4159.632794
-0.047327,1,4159.664036
-8.774086,50,4160.851253
-4.045582,50,4162.06972
-0.042288,1,4162.085343
-0.047245,1,4162.100963
-2.531632,50,4163.225728
-8.114423,50,4164.428539
-3.867679,50,4165.709488
-5.538085,50,4166.849844
-3.360436,50,4168.021447
-2.756477,50,4169.286774
-4.333901,50,4170.458373
-0.023176,1,4170.489614
-3.110991,50,4171.629976
-3.434573,50,4172.801573
-4.127789,50,4174.004418
-3.09315,50,4175.207298
-0.029891,1,4175.238501
-0.049514,1,4175.254121
-4.82581,50,4176.410099
-6.066701,50,4177.706676
-4.486099,50,4178.878273
-4.981558,50,4180.003009
-3.234267,50,4181.158985
-0.027767,1,4181.190229
-5.831376,50,4182.330588
-4.816611,50,4183.486564
-3.857445,50,4184.64254
-2.563074,50,4185.81414
-3.570508,50,4187.048224
-5.097569,50,4188.204208
-4.668846,50,4189.375807
-4.659565,50,4190.547404
-3.078241,50,4191.703383
-3.516222,50,4192.937467
-3.428185,50,4194.01534
-0.031512,1,4194.046582
-5.05783,50,4195.171321
-4.871144,50,4196.327299
-5.435951,50,4197.467657
-4.523982,50,4198.60801
-3.100766,50,4202.435237
-3.821191,50,4203.622458
-3.925515,50,4204.794057
-0.035147,1,4204.809679
-3.168024,50,4205.981279
-5.164541,50,4207.059156
-3.774968,50,4208.230767
-6.020115,50,4209.38673
-5.300079,50,4210.527086
-0.014443,1,4210.558329
-5.147064,50,4211.683068
-4.709999,50,4212.792179
-3.039306,50,4213.932539
-4.078637,50,4214.994795
-3.614988,50,4216.08828
-4.24141,50,4217.259879
-4.959357,50,4218.478347
-4.35919,50,4219.571836
-3.160917,50,4220.774678
-5.009009,50,4221.836931
-0.012755,1,4221.868172
-0.04142,1,4221.899415
-0.042062,1,4221.915036
-2.856554,50,4223.008529
-0.029686,1,4223.039774
-3.219667,50,4224.19575
-5.116164,50,4225.289248
-3.557152,50,4226.492086
-4.639073,50,4228.054218
-0.042005,1,4228.08546
-0.032107,1,4228.116713
-0.049203,1,4228.14795
-4.411682,50,4229.319548
-4.90533,50,4230.522391
-4.362701,50,4231.709611
-0.020448,1,4231.725231
-5.300394,50,4232.928075
-0.025671,1,4232.959318
-4.666399,50,4234.146539
-3.920458,50,4235.286895
-4.874984,50,4236.442878
-0.028389,1,4236.474116
-3.859674,50,4237.630094
-2.948489,50,4238.817316
-4.717728,50,4239.957675
-0.014096,1,4239.988919
-6.348519,50,4241.176145
-6.323037,50,4242.425847
-6.213665,50,4243.597447
-5.777316,50,4244.831526
-0.027568,1,4244.847151
-3.654489,50,4245.956268
-5.552345,50,4247.159106
-4.894348,50,4248.221366
-4.537272,50,4249.346092
-0.0419,1,4249.377341
-0.041679,1,4249.408582
-3.907924,50,4250.65829
-6.72447,50,4251.814265
-4.762315,50,4252.970281
-0.047321,1,4253.001487
-0.029361,1,4253.032731
-4.805419,50,4254.173087
-2.712222,50,4255.563384
-4.151323,50,4256.70374
-7.05772,50,4257.828476
-5.373967,50,4258.984454
-4.955909,50,4260.06233
-3.276963,50,4261.202684
-4.838325,50,4262.311806
-6.548426,50,4263.561505
-3.097324,50,4264.764348
-3.017176,50,4265.998432
-2.980645,50,4267.138791
-6.233025,50,4268.29477
-3.387585,50,4269.497611
-10.395497,50,4270.653589
-4.818733,50,4271.825189
-2.760607,50,4272.996789
-4.037905,50,4274.152767
-4.659992,50,4275.386858
-3.080141,50,4276.495981
-0.027081,1,4276.511593
-0.0476,1,4276.527213
-4.462093,50,4277.698809
-3.099862,50,4278.823544
-2.7185,50,4279.963902
-2.679906,50,4281.119881
-3.523637,50,4282.244625
-5.714934,50,4283.338111
-3.341271,50,4284.52533
-6.010023,50,4285.665687
-4.103142,50,4286.85291
-3.742343,50,4288.071376
-3.677822,50,4289.242972
-5.616582,50,4290.711379
-4.846339,50,4292.262751
-3.104591,50,4293.43435
-3.206539,50,4294.63225
-0.028636,1,4294.647872
-4.44258,50,4295.788225
-4.093804,50,4296.959823
-0.005458,1,4296.975449
-5.832161,50,4298.100189
-4.83416,50,4299.521723
-3.337197,50,4300.833915
-4.774235,50,4302.052378
-3.719719,50,4303.177115
-4.80788,50,4304.317474
-4.791517,50,4305.442211
-0.042922,1,4305.473453
-3.862931,50,4306.707538
-3.503756,50,4307.863513
-4.349675,50,4309.003871
-0.041631,1,4309.035114
-6.762571,50,4310.206717
-2.826271,50,4311.393939
-2.121685,23,4311.987547
-4.471543,50,4313.315359
-4.8653,50,4314.518201
-2.30569,27,4315.127437
-0.023698,1,4315.143059
-3.88266,50,4316.455245
-0.031131,1,4316.47087
-4.936792,50,4317.642467
-4.0786,50,4318.814067
-0.02852,1,4318.829688
-0.011106,1,4318.845311
-3.679276,50,4319.954428
-3.583632,50,4321.079159
-4.336663,50,4322.203898
-3.183021,50,4323.344253
-4.149563,50,4324.500233
-5.250494,50,4325.843665
-0.046921,1,4325.874908
-5.274872,50,4327.015266
-3.119516,50,4328.264972
-3.384306,50,4329.389711
-5.36646,50,4330.576935
-0.043656,1,4330.592556
-4.660571,50,4331.811015
-7.711494,50,4332.951371
-2.755183,50,4334.138592
-3.245632,50,4335.278953
-5.038005,50,4336.41931
-3.943781,50,4337.559669
-0.037774,1,4337.59091
-2.746698,50,4338.809372
-0.024777,1,4338.840613
-5.014285,50,4340.027839
-4.55857,50,4341.168194
-3.113649,50,4342.292926
-5.270878,50,4343.44891
-4.1643,50,4344.651751
-3.69878,50,4345.776488
-3.006977,50,4346.916841
-0.04278,1,4346.948083
-2.718429,50,4348.088442
-4.733553,50,4349.32253
-3.245395,50,4350.478506
-4.838327,50,4352.103123
-4.758909,50,4353.555906
-4.196981,50,4354.883723
-4.032434,50,4356.008456
-4.207827,50,4357.117575
-4.392228,50,4358.226685
-6.445591,50,4359.492023
-0.030874,1,4359.507638
-4.219954,50,4360.726096
-0.03298,1,4360.741719
-0.010937,1,4360.772964
-0.024747,1,4360.788586
-0.034429,1,4360.81983
-2.562802,50,4361.991426
-2.541369,50,4363.178646
-4.890656,50,4364.35025
-4.854299,50,4365.584332
-0.048692,1,4365.599953
-3.26497,50,4366.740314
-0.021302,1,4366.771557
-4.256287,50,4368.036884
-2.66957,50,4369.192862
-2.726286,50,4370.560155
-4.669675,50,4371.880926
-3.021013,50,4373.159079
-4.69835,50,4374.541192
-3.764795,50,4375.997835
-3.091684,50,4377.32776
-3.134244,50,4378.657879
-6.05361,50,4380.027861
-4.1039,50,4381.372702
-5.869771,50,4382.657908
-3.231783,50,4383.966702
-0.032983,1,4383.986811
-3.378504,50,4385.244944
-4.663243,50,4386.46422
-6.350327,50,4387.731408
-2.921677,50,4388.875617
-6.056929,50,4390.025395
-4.665273,50,4391.212618
-5.126836,50,4392.446699
-4.948457,50,4393.696445
-2.811216,50,4394.852383
-2.527724,50,4396.008362
-3.630033,50,4397.133098
-5.685851,50,4398.320319
-3.118761,50,4399.493718
-5.196192,50,4400.665313
-5.428686,50,4401.758811
-0.044192,1,4401.774429
-5.355242,50,4402.977274
-5.423734,50,4404.055146
-0.012391,1,4404.08639
-3.784481,50,4405.195504
-4.266369,50,4406.33586
-0.021093,1,4406.351479
-4.474287,50,4407.569947
-4.593472,50,4408.757169
-3.666976,50,4409.928768
-4.112217,50,4411.100364
-2.573536,50,4412.256341
-6.190945,50,4413.506052
-4.531214,50,4414.693273
-3.907703,50,4415.896117
-0.03145,1,4415.927356
-5.020542,50,4417.083333
-0.032036,1,4417.098954
-4.669966,50,4418.208069
-1.393965,18,4418.629845
-4.150563,50,4419.817066
-3.728581,50,4421.035535
-0.017369,1,4421.051155
-2.634244,50,4422.175888
-4.446206,50,4423.316244
-0.041583,1,4423.347487
-2.94431,50,4424.519085
-0.028281,1,4424.550332
-4.28512,50,4425.596959
-0.020282,1,4425.628202
-5.460778,50,4426.846664
-7.314142,50,4428.033886
-4.736871,50,4429.221111
-3.910962,50,4430.361467
-3.009428,50,4431.548686
-0.028648,1,4431.579933
-0.049537,1,4431.595554
-1.007298,11,4431.876734
-2.90248,50,4433.095202
-4.533884,50,4434.251181
-3.227803,50,4435.375912
-3.089915,50,4436.547511
-2.12213,19,4436.984909
-2.799559,50,4438.12527
-4.841853,50,4439.328107
-0.025404,1,4439.343732
-0.043884,1,4439.374974
-0.02154,1,4439.406216
-3.495344,50,4443.405279
-4.556637,50,4444.561257
-6.331275,50,4445.764097
-5.653586,50,4446.888869
-6.427708,50,4448.060434
-3.342004,50,4449.232033
-4.967392,50,4450.419254
-0.000551,1,4450.450496
-0.040281,1,4450.481761
-0.042503,1,4450.512982
-3.229086,50,4451.668959
-0.042944,1,4451.700206
-3.75499,50,4452.903045
-5.20305,50,4454.043404
-6.556951,50,4455.215001
-4.134403,50,4456.370982
-3.01945,50,4457.573823
-3.715952,50,4458.698561
-0.04972,1,4458.729805
-0.024622,1,4458.761044
-0.04176,1,4458.776666
-0.035674,1,4458.792288
-0.013828,1,4458.82353
-0.042218,1,4458.85477
-0.039713,1,4458.886014
-5.990047,50,4460.010755
-0.044353,1,4460.026376
-2.748995,50,4461.244836
-4.960095,50,4462.463301
-3.727597,50,4463.634902
-4.974301,50,4464.728393
-3.698358,50,4465.946856
-4.003244,50,4467.165323
-0.048285,1,4467.180942
-4.319097,50,4468.415027
-5.976894,50,4469.571004
-0.045881,1,4469.61787
-5.161604,50,4470.883198
-2.873176,50,4472.460952
-3.742752,50,4474.069949
-0.049396,1,4474.101192
-3.032892,50,4475.429004
-4.452171,50,4476.725579
-4.096991,50,4477.897178
-4.570636,50,4478.990672
-0.038835,1,4479.006293
-4.591234,50,4480.162269
-4.971631,50,4481.349493
-3.752225,50,4482.474224
-0.01395,1,4482.489849
-5.196727,50,4483.614584
-4.852349,50,4484.817426
-2.98148,50,4486.004644
-4.433688,50,4487.129381
-0.043081,1,4487.145006
-4.94564,50,4488.269737
-4.506328,50,4489.378858
-0.049182,1,4489.410099
-4.609784,50,4490.519221
-4.686015,50,4491.737688
-4.086888,50,4492.86241
-3.767525,50,4494.018391
-4.040526,50,4495.18999
-0.046986,1,4495.23686
-4.015955,50,4496.361587
-4.065106,50,4497.486323
-3.009205,50,4498.642303
-2.744748,50,4499.813904
-7.023036,50,4500.954259
-5.090221,50,4502.188344
-0.041021,1,4502.203968
-3.491757,50,4503.328701
-2.868863,50,4504.484685
-6.360427,50,4505.703142
-4.491256,50,4506.874746
-5.762897,50,4508.015103
-3.506224,50,4509.186701
-0.029202,1,4509.217943
-2.782433,50,4510.373922
-5.895213,50,4511.498657
-5.951382,50,4512.685882
-4.59705,50,4513.857482
-4.588011,50,4515.013457
-3.397803,50,4516.403762
-3.997248,50,4517.653466
-4.125415,50,4518.809438
-4.731414,50,4519.934179
-3.609192,50,4521.15264
-4.781123,50,4522.293003
-4.4704,50,4523.448982
-0.038928,1,4523.464606
-5.002842,50,4524.620573
-0.011664,1,4524.636197
-2.732319,50,4525.83904
-4.792563,50,4526.979398
-6.576095,50,4528.150996
-4.616927,50,4529.369463
-0.013267,1,4529.400704
-4.297265,50,4530.541063
-4.344279,50,4531.712662
-4.766901,50,4532.915502
-5.276181,50,4534.087105
-0.034311,1,4534.102727
-4.189479,50,4535.258705
-3.789969,50,4536.383441
-4.957171,50,4537.508174
-5.267291,50,4538.632913
-5.314192,50,4539.804509
-5.011656,50,4540.991735
-4.654136,50,4542.163332
-0.020897,1,4542.178954
-3.435679,50,4543.334932
-2.731548,50,4544.522155
-3.533012,50,4545.74062
-6.289248,50,4546.927837
-0.043531,1,4546.95908
-4.800758,50,4548.115062
-4.672039,50,4549.255414
-3.366871,50,4550.380151
-4.660053,50,4551.567373
-5.430219,50,4552.72335
-2.566939,50,4553.894954
-0.026776,1,4553.92619
-4.310021,50,4555.03531
-4.597052,50,4556.191287
-3.535004,50,4557.378508
-3.324794,50,4558.440756
-4.656825,50,4559.706087
-4.492546,50,4560.877691
-0.01915,1,4560.908926
-0.048646,1,4560.940169
-6.529762,50,4562.018045
-6.462507,50,4563.189641
-3.352578,50,4564.298756
-5.739073,50,4565.532843
-2.736801,50,4566.657576
-2.871899,50,4567.829176
-3.126413,50,4568.985156
-4.475603,50,4570.141136
-4.798807,50,4571.343974
-0.038913,1,4571.359599
-0.035197,1,4571.375221
-0.049358,1,4571.406461
-0.016128,1,4571.453328
-6.873507,50,4572.578064
-3.110733,50,4573.671558
-5.212814,50,4574.796294
-5.957755,50,4575.999136
-0.043025,1,4576.030379
-3.867631,50,4577.201977
-4.366762,50,4578.326716
-0.044716,1,4578.35796
-0.039717,1,4578.389194
-4.031194,50,4579.545179
-4.886917,50,4580.74802
-4.710162,50,4581.935242
-5.105707,50,4583.09122
-0.044664,1,4583.106844
-4.180927,50,4584.278441
-5.083509,50,4585.418797
-3.464935,50,4586.637258
-3.2755,50,4587.871345
-3.521391,50,4589.058569
-5.103362,50,4590.183305
-3.153434,50,4591.354906
-5.918424,50,4592.495263
-2.88405,50,4593.635619
-0.035434,1,4593.666862
-3.612793,50,4594.979052
-5.047392,50,4596.103789
-4.445106,50,4597.181658
-4.464019,50,4598.306393
-4.220818,50,4599.415513
-0.035442,1,4599.431132
-3.826121,50,4600.618353
-4.071797,50,4601.774332
-6.603858,50,4602.914687
-0.03417,1,4602.945928
-3.856276,50,4604.101907
-0.034022,1,4604.133149
-0.027775,1,4604.164393
-5.345982,50,4605.367237
-4.511293,50,4606.804398
-0.024242,1,4606.851262
-3.96742,50,4608.304048
-2.83347,50,4609.475645
-3.726246,50,4610.631627
-4.220653,50,4611.787602
-4.045504,50,4612.912344
-3.87167,50,4614.021456
-3.544668,50,4615.302402
-4.331339,50,4616.45838
-3.442369,50,4617.551873
-4.927574,50,4618.67661
-3.159963,50,4619.848215
-5.068122,50,4620.988569
-0.035965,1,4621.019813
-5.004379,50,4622.113305
-2.83168,50,4623.300528
-3.848581,50,4624.503365
-3.133296,50,4625.628104
-5.396682,50,4626.721595
-0.025101,1,4626.768458
-4.622485,50,4627.986922
-6.254977,50,4629.080415
-3.041827,50,4630.236394
-4.178939,50,4631.345508
-0.024656,1,4631.392375
-5.223806,50,4632.626456
-4.31143,50,4633.813678
-0.026105,1,4633.829302
-4.183699,50,4634.938418
-3.418321,50,4636.094396
-0.038549,1,4636.110019
-1.28547,15,4636.438067
-0.046484,1,4636.469305
-5.358447,50,4637.640905
-5.346732,50,4638.765639
-5.706599,50,4639.952867
-4.705673,50,4641.171329
-5.016842,50,4642.249201
-4.530629,50,4643.373933
-0.036735,1,4643.389554
-5.143698,50,4644.576778
-6.114416,50,4645.701514
-3.46304,50,4646.873123
-3.569172,50,4648.075953
-4.705848,50,4649.263178
-5.027155,50,4650.403537
-0.029365,1,4650.419158
-3.152795,50,4651.637617
-2.912799,50,4652.824839
-0.036204,1,4652.840462
-2.541638,50,4653.949572
-3.143318,50,4655.152419
-0.045145,1,4655.199279
-2.840519,50,4656.386503
-5.930453,50,4657.558101
-2.766703,50,4658.729701
-5.953324,50,4659.885685
-3.380383,50,4661.135386
-2.584813,50,4662.322608
-0.039116,1,4662.338232
-0.037303,1,4662.369484
-0.031658,1,4662.385097
-6.844478,50,4663.587935
-0.037213,1,4663.619178
-3.860934,50,4664.837646
-4.506412,50,4665.96238
-4.224947,50,4667.118363
-3.327111,50,4668.336825
-4.055779,50,4669.445935
-4.995812,50,4670.570668
-3.090271,50,4671.71103
-0.035523,1,4671.742273
-0.023035,1,4671.773512
-3.719423,50,4672.898249
-3.618248,50,4674.054231
-5.749457,50,4675.241451
-0.033803,1,4675.272693
-5.138353,50,4676.42867
-4.31797,50,4677.553411
-4.966816,50,4681.443117
-3.79943,50,4682.692822
-3.04176,50,4683.817563
-0.012787,1,4683.833184
-0.009391,1,4683.848805
-3.478972,50,4685.036026
-3.857136,50,4686.254486
-3.737481,50,4687.347983
-4.16357,50,4688.50396
-4.593896,50,4689.691179
-4.134074,50,4690.847158
-4.143005,50,4691.987519
-5.458608,50,4693.127872
-5.596999,50,4694.252613
-6.019065,50,4695.439833
-3.395017,50,4696.798886
-3.996426,50,4698.142318
-5.243469,50,4699.282676
-0.029396,1,4699.298298
-6.214646,50,4700.469902
-0.040279,1,4700.501144
-3.509288,50,4701.719607
-0.036464,1,4701.735229
-6.528627,50,4702.828751
-3.555419,50,4703.984698
-0.047324,1,4704.01594
-0.045007,1,4704.047184
-5.329742,50,4705.187539
-4.656357,50,4706.390386
-5.924602,50,4707.546366
-4.219686,50,4708.749207
-2.600532,50,4709.920806
-2.886385,50,4711.061163
-5.463043,50,4712.185899
-3.688737,50,4713.310632
-2.805939,50,4714.497857
-4.577816,50,4715.638213
-2.880736,50,4716.794193
-6.59544,50,4717.965791
-0.035547,1,4717.981413
-4.0042,50,4719.16863
-3.531859,50,4720.371472
-3.987296,50,4721.574315
-0.045254,1,4721.589936
-0.013368,1,4721.605558
-4.492465,50,4722.839649
-2.906509,50,4724.011243
-4.481133,50,4725.229706
-2.944503,50,4726.385686
-4.312801,50,4727.60415
-4.328188,50,4728.791375
-6.271153,50,4730.228532
-4.356248,50,4731.587589
-0.038379,1,4731.634453
-5.780876,50,4732.759189
-0.03191,1,4732.790434
-0.005812,1,4732.806058
-3.158007,50,4733.946409
-4.627809,50,4735.133631
-6.880446,50,4736.258368
-3.800146,50,4737.461209
-5.01321,50,4738.617192
-3.043581,50,4739.773168
-4.029719,50,4740.913522
-0.037941,1,4740.929145
-3.98514,50,4742.085128
-0.045998,1,4742.100753
-4.005358,50,4743.334829
-4.523008,50,4744.506428
-5.275941,50,4745.662408
-3.216675,50,4746.865255
-4.629197,50,4748.00564
-0.828082,10,4748.239931
-3.192836,50,4749.505255
-0.023682,1,4749.52088
-4.090407,50,4750.614368
-0.032051,1,4750.62999
-4.95915,50,4751.770354
-3.026389,50,4752.910708
-5.356694,50,4754.113552
-5.36915,50,4755.285148
-4.62298,50,4756.409888
-6.484713,50,4757.597104
-0.023628,1,4757.61273
-5.574139,50,4758.81557
-3.298981,50,4759.955926
-2.656751,50,4761.111907
-0.046234,1,4761.127531
-0.049068,1,4761.143151
-4.329028,50,4762.283505
-2.667498,50,4763.455108
-4.381998,50,4764.657947
-0.027905,1,4764.689189
-4.641854,50,4765.813926
-5.988031,50,4766.938661
-0.038991,1,4766.954285
-4.315927,50,4768.125881
-0.044942,1,4768.157122
-3.716771,50,4769.344352
-4.997975,50,4770.453461
-3.20475,50,4771.578196
-3.918027,50,4772.781043
-5.128609,50,4773.98388
-6.395918,50,4775.139863
-2.723217,50,4776.280219
-3.901575,50,4777.529923
-4.474391,50,4778.717144
-2.934815,50,4779.904365
-3.215359,50,4780.997858
-2.880907,50,4782.122595
-6.528213,50,4783.294194
-5.598274,50,4784.434553
-5.448253,50,4785.606156
-5.738146,50,4786.824615
-5.497896,50,4787.996215
-5.87672,50,4789.152196
-3.360872,50,4790.261311
-3.994471,50,4791.432908
-0.016593,1,4791.46415
-0.039462,1,4791.479771
-0.017449,1,4791.511014
-0.033565,1,4791.542272
-3.571366,50,4792.666996
-7.908485,50,4793.807351
-4.048088,50,4794.916468
-4.030911,50,4795.994335
-3.730547,50,4797.165938
-2.52673,50,4798.290672
-0.041679,1,4798.321914
-5.245583,50,4799.446651
-4.687507,50,4800.587009
-3.128842,50,4801.789853
-2.808265,50,4802.867722
-2.890253,50,4804.008083
-0.040334,1,4804.039326
-3.759931,50,4805.132815
-2.871373,50,4806.288793
-0.030472,1,4806.304415
-0.047034,1,4806.335657
-3.458995,50,4807.460393
-0.026763,1,4807.476016
-4.955214,50,4808.569512
-4.469804,50,4809.725498
-6.262596,50,4810.881481
-5.772503,50,4812.037445
-4.231901,50,4813.115318
-4.58202,50,4814.255677
-1.228183,13,4814.552477
-0.048669,1,4814.568102
-1.124375,13,4814.896147
-2.556715,50,4816.067746
-2.929508,50,4817.28621
-2.927413,50,4818.410946
-0.04191,1,4818.442195
-5.038547,50,4819.61379
-5.384621,50,4820.832253
-5.575356,50,4821.941366
-4.339934,50,4823.034863
-4.328399,50,4824.19084
-0.029617,1,4824.222121
-5.228287,50,4825.440545
-4.608412,50,4826.627765
-3.755045,50,4827.815012
-4.8131,50,4828.955344
-4.414863,50,4830.080082
-4.155274,50,4831.204818
-5.397247,50,4832.360795
-4.094093,50,4833.485534
-4.183486,50,4834.594649
-2.539663,50,4835.781868
-5.595805,50,4836.953466
-3.472668,50,4838.109444
-4.642057,50,4839.218564
-2.648485,50,4840.405778
-5.649514,50,4841.733598
-3.38539,50,4842.873951
-3.242154,50,4843.983068
-0.021192,1,4844.014313
-2.633263,50,4845.154668
-4.043319,50,4846.279402
-0.022239,1,4846.310644
-0.033672,1,4846.341886
-5.499463,50,4847.52911
-5.414105,50,4848.653843
-4.425539,50,4849.747373
-5.388362,50,4850.98142
-3.068239,50,4852.15302
-5.6709,50,4853.262135
-3.552217,50,4854.371253
-5.139549,50,4855.511607
-4.502726,50,4856.745692
-3.022263,50,4857.886049
-0.018596,1,4857.917291
-2.524639,50,4858.963923
-4.410435,50,4860.166767
-4.783732,50,4861.30712
-0.048587,1,4861.322746
-0.768661,13,4861.635169
-2.84175,50,4862.806768
-4.519371,50,4863.947129
-4.696691,50,4865.149971
-4.978992,50,4866.368433
-0.863225,12,4866.665239
-5.323711,50,4867.836838
-5.194247,50,4869.070925
-4.813802,50,4870.195658
-3.338047,50,4871.336019
-4.088543,50,4872.429512
-0.038596,1,4872.46075
-2.64537,50,4873.569868
-5.135206,50,4874.725846
-5.071941,50,4875.881826
-4.603611,50,4877.069043
-0.042015,1,4877.100285
-4.352833,50,4878.240644
-3.792263,50,4879.427865
-4.043517,50,4880.615086
-6.08909,50,4881.786687
-0.038879,1,4881.81793
-4.672988,50,4882.973908
-0.016158,1,4883.005149
-4.397071,50,4884.114267
-3.269631,50,4885.285866
-4.765792,50,4886.473085
-4.993241,50,4887.613444
-4.549245,50,4888.785042
-4.669163,50,4889.925406
-0.008973,1,4889.941024
-4.493781,50,4891.097
-0.04463,1,4891.143871
-4.789611,50,4892.272968
-4.608515,50,4893.3977
-3.883903,50,4894.533083
-3.039071,50,4895.704682
-4.397711,50,4896.829417
-3.765961,50,4898.032264
-0.031418,1,4898.047886
-4.528824,50,4899.188242
-2.87069,50,4900.422322
-2.624831,50,4901.56268
-0.039771,1,4901.578302
-0.035656,1,4901.609548
-4.760744,50,4902.749904
-4.957407,50,4903.905884
-5.003573,50,4905.046237
-6.145942,50,4906.217838
-0.045706,1,4906.249082
-5.107132,50,4907.451926
-2.978805,50,4908.607902
-4.743465,50,4909.795125
-4.159671,50,4911.013587
-4.716959,50,4912.107083
-4.56019,50,4913.200576
-0.022902,1,4913.231814
-5.28241,50,4917.902593
-4.95422,50,4919.027328
-8.426191,50,4920.230173
-5.386868,50,4921.38615
-3.427566,50,4922.542131
-4.756529,50,4923.776212
-5.452341,50,4924.994678
-2.662163,50,4926.08817
-4.70264,50,4927.244153
-0.02492,1,4927.259773
-0.041635,1,4927.291016
-5.398234,50,4928.431369
-5.501409,50,4929.509245
-4.600776,50,4930.633983
-3.818455,50,4931.821199
-3.526184,50,4933.024045
-4.395843,50,4934.195643
-4.056165,50,4935.320377
-4.472996,50,4936.476356
-0.026917,1,4936.507598
-3.857023,50,4937.69482
-4.874399,50,4938.835176
-4.737795,50,4940.022398
-5.162447,50,4941.240886
-5.460637,50,4942.412464
-4.355535,50,4943.615308
-5.149228,50,4944.833771
-0.025829,1,4944.865012
-3.635457,50,4946.083475
-3.069207,50,4947.20821
-0.042677,1,4947.239452
-2.646246,50,4948.395431
-3.723753,50,4949.629518
-6.488749,50,4950.863605
-0.013004,1,4950.879225
-0.038997,1,4950.910465
-4.286306,50,4952.144583
-2.787159,50,4953.238044
-5.109101,50,4954.409643
-4.093123,50,4955.55
-2.306612,28,4956.174857
-4.447358,50,4957.330837
-0.776045,12,4957.596394
-0.024242,1,4957.627637
-3.303664,50,4958.78362
-3.553239,50,4959.908352
-0.03706,1,4959.939598
-1.33655,20,4960.423862
-4.175425,50,4961.611077
-3.624691,50,4962.767056
-5.176489,50,4963.969898
-5.299855,50,4965.235246
-6.739762,50,4966.422446
-0.028547,1,4966.45369
-4.306331,50,4967.625291
-0.04789,1,4967.672152
-2.969277,50,4968.796893
-3.402907,50,4969.952868
-3.205317,50,4971.186957
-4.584448,50,4972.311694
-4.125358,50,4973.436428
-0.044759,1,4973.46767
-0.045192,1,4973.483289
-4.128361,50,4974.608032
-4.335039,50,4975.764006
-2.94151,50,4976.841876
-3.573603,50,4978.013476
-5.158628,50,4979.216317
-5.090902,50,4980.356676
-4.258652,50,4981.450171
-3.593165,50,4982.637389
-4.022079,50,4983.793367
-3.107535,50,4984.933724
-5.353091,50,4986.152186
-0.041071,1,4986.16781
-1.340636,14,4986.511481
-2.712766,50,4987.6987
-1.502001,20,4988.151718
-3.127438,50,4989.307697
-3.790533,50,4990.510538
-5.190045,50,4991.682138
-4.868636,50,4992.822496
-4.317773,50,4993.947233
-3.163078,50,4995.10321
-4.36648,50,4996.290434
-6.032883,50,4997.383927
-2.839374,50,4998.618012
-3.788342,50,4999.742749
-4.71526,50,5000.914349
-1.31944,14,5001.226773
-5.787768,50,5002.398371
-5.818234,50,5003.491867
-4.870642,50,5004.679088
-4.701224,50,5005.819444
-3.4749,50,5007.037913
-0.048113,1,5007.06915
-4.087271,50,5008.303239
-3.097259,50,5009.459214
-0.045276,1,5009.490457
-4.956923,50,5010.677681
-0.034317,1,5010.708924
-4.031013,50,5011.911766
-4.542595,50,5013.145849
-4.725245,50,5014.36431
-0.048418,1,5014.379933
-0.040725,1,5014.395554
-0.759992,12,5014.676742
-4.680232,50,5015.8171
-5.155404,50,5017.035561
-0.048415,1,5017.051183
-4.819806,50,5018.238406
-2.820468,50,5019.363138
-0.045495,1,5019.378763
-3.043148,50,5020.565983
-4.419911,50,5021.690719
-5.898183,50,5022.831073
-3.809592,50,5023.971431
-2.689774,36,5024.799359
-2.944352,50,5025.939721
-0.034285,1,5025.970967
-2.935547,50,5027.095701
-5.753164,50,5028.267295
-3.114417,50,5029.407657
-4.195752,50,5030.65736
-3.758787,50,5031.875823
-6.353813,50,5033.078666
-0.043998,1,5033.109926
-3.578962,50,5034.297167
-5.79931,50,5035.499973
-5.997235,50,5036.702816
-3.538446,50,5037.905662
-6.009747,50,5039.139742
-3.998943,50,5040.326963
-4.199062,50,5041.498567
-5.673681,50,5042.638921
-3.391344,50,5043.90425
-4.598741,50,5045.138337
-4.527666,50,5046.341175
-3.779022,50,5047.590882
-0.028986,1,5047.622127
-2.570656,50,5048.778103
-2.688846,50,5049.949703
-5.892332,50,5051.183789
-4.244095,50,5052.417873
-2.601559,50,5053.573854
-4.148647,50,5054.714212
-4.975228,50,5055.854573
-0.026838,1,5055.901431
-4.399999,50,5057.057409
-0.03522,1,5057.073029
-5.47712,50,5058.213387
-3.56243,50,5059.322501
-4.291276,50,5060.416001
-4.121122,50,5061.603216
-0.041885,1,5061.618841
-6.79388,50,5062.774819
-3.665068,50,5063.962039
-0.027291,1,5063.993281
-3.665976,50,5065.24299
-0.047802,1,5065.274229
-5.140459,50,5066.508314
-3.444104,50,5067.71116
-2.614762,50,5068.88276
-3.892577,50,5070.10122
-4.02901,50,5071.210337
-0.883225,16,5071.56963
-4.85147,50,5072.741225
-0.024043,1,5072.772468
-0.044686,1,5072.78809
-0.012267,1,5072.819335
-3.89713,50,5073.959689
-0.028181,1,5073.990933
-4.545075,50,5075.162535
-4.094427,50,5076.349787
-5.426529,50,5077.599462
-0.045883,1,5077.630722
-0.034119,1,5077.646337
-5.082911,50,5078.802302
-2.565867,50,5079.958281
-3.710637,50,5081.145513
-4.575871,50,5082.332722
-4.811621,50,5083.473079
-3.938969,50,5084.67596
-3.5407,50,5085.894384
-4.009382,50,5087.065987
-5.764188,50,5088.190725
-5.114782,50,5089.31546
-3.250296,50,5090.487061
-4.991878,50,5091.643035
-2.68726,50,5092.767772
-0.019674,1,5092.799017
-3.409047,50,5093.923749
-4.157114,50,5095.017243
-0.031633,1,5095.048487
-5.337859,50,5096.173223
-0.038606,1,5096.204483
-5.471625,50,5097.391689
-3.636471,50,5098.57891
-5.563741,50,5099.812993
-3.034553,50,5101.031456
-0.038692,1,5101.047078
-0.036244,1,5101.078319
-4.104151,50,5102.312407
-0.048991,1,5102.343651
-5.496885,50,5103.468384
-5.234505,50,5104.671226
-0.03006,1,5104.702469
-2.934146,50,5105.842826
-0.00427,1,5105.874068
-1.32895,18,5106.248981
-4.487229,50,5107.404958
-0.036771,1,5107.436203
-3.525789,50,5108.576558
-3.520745,50,5109.670056
-0.047445,1,5109.701295
-4.321937,50,5110.857272
-3.51721,50,5112.044497
-6.533708,50,5113.216097
-6.031249,50,5114.356452
-3.933543,50,5115.637401
-2.675303,50,5116.871489
-3.751084,50,5118.027463
-2.904097,50,5119.105337
-4.582794,50,5120.230071
-0.02362,1,5120.261314
-4.986948,50,5121.370427
-4.135914,50,5122.495164
-4.139502,50,5123.698007
-4.064145,50,5124.869612
-5.105374,50,5125.963106
-4.587033,50,5127.119078
-4.590568,50,5128.32192
-4.65317,50,5129.477903
-4.709583,50,5130.680746
-2.658359,50,5131.914827
-3.773734,50,5133.039566
-0.044587,1,5133.055187
-0.029851,1,5133.086426
-0.044534,1,5133.102047
-4.430794,50,5134.336133
-3.999732,50,5135.523354
-3.403004,50,5136.694958
-0.026709,1,5136.71058
-4.247869,50,5137.913423
-10.484598,50,5139.085018
-3.962499,50,5140.17851
-0.756183,13,5140.553425
-0.047373,1,5140.584665
-3.062674,50,5141.69378
-6.113854,50,5142.896625
-4.182502,50,5144.068225
-0.038818,1,5144.083844
-0.041601,1,5144.115113
-2.6987,50,5145.255444
-0.040615,1,5145.286686
-6.960943,50,5146.442668
-3.947353,50,5147.598644
-20.213375,50,5148.67652
-0.664477,13,5148.957702
-5.978541,50,5150.223028
-4.010893,50,5154.23771
-2.992845,50,5155.424931
-4.946411,50,5156.627776
-5.873655,50,5157.78375
-4.417458,50,5158.908488
-3.555109,50,5160.048848
-5.037957,50,5161.204824
-5.644273,50,5162.376425
-4.032661,50,5163.548026
-5.578872,50,5164.735242
-3.546172,50,5165.875601
-5.990772,50,5167.031581
-6.719464,50,5168.265664
-4.782431,50,5169.515373
-3.875623,50,5170.702597
-3.478434,50,5171.874192
-4.084912,50,5173.014548
-4.906186,50,5174.186147
-1.097249,15,5174.514195
-3.2033,50,5175.779571
-2.643194,50,5176.951128
-3.084176,50,5178.075861
-3.090929,50,5179.184975
-4.498679,50,5180.278467
-1.260581,19,5180.731486
-5.104469,50,5181.871847
-0.046474,1,5181.903089
-4.354867,50,5183.277765
-2.846938,50,5184.433741
-3.488638,50,5185.589718
-4.045219,50,5186.745704
-4.885133,50,5187.886055
-4.137663,50,5189.026417
-4.160548,50,5190.198016
-0.037625,1,5190.213638
-0.044678,1,5190.244882
-0.026031,1,5190.276122
-4.416431,50,5191.447719
-6.355726,50,5192.588076
-0.022477,1,5192.61932
-0.043879,1,5192.650562
-0.041162,1,5192.681808
-4.455645,50,5193.884651
-2.753448,50,5195.118731
-5.229417,50,5196.22785
-5.566584,50,5197.336961
-0.042637,1,5197.368204
-0.037721,1,5197.399446
-2.724032,50,5198.508561
-2.576441,50,5199.633297
-2.710935,50,5200.945487
-3.710245,50,5202.101467
-0.018868,1,5202.117087
-0.020621,1,5202.148331
-4.327264,50,5203.241826
-5.240489,50,5204.444669
-3.428864,50,5205.616268
-4.801771,50,5206.787869
-4.673727,50,5207.990709
-4.472097,50,5209.177929
-4.884258,50,5210.318288
-5.330671,50,5211.505509
-4.515349,50,5212.645864
-1.463889,16,5213.020781
-3.509106,50,5214.14553
-2.634805,50,5215.317115
-5.144411,50,5216.488713
-3.60611,50,5217.629074
-4.024046,50,5218.78505
-5.506625,50,5219.925407
-0.036405,1,5219.956647
-1.176801,13,5220.253454
-4.227475,50,5221.425091
-2.971138,50,5222.565412
-3.651238,50,5223.721391
-4.427245,50,5224.892989
-0.042603,1,5224.908613
-1.991835,23,5225.392871
-4.17792,50,5226.501988
-0.026737,1,5226.533228
-4.742375,50,5227.704833
-4.561015,50,5228.876427
-3.184051,50,5230.001168
-0.022965,1,5230.032406
-4.403456,50,5231.172763
-0.01847,1,5231.204007
-4.061382,50,5232.328744
-6.163433,50,5233.547209
-0.037795,1,5233.578448
-4.833985,50,5234.73443
-1.070982,15,5235.09372
-3.325086,50,5236.249729
-0.048842,1,5236.265321
-0.03142,1,5236.280942
-4.519486,50,5237.390057
-5.821746,50,5238.577276
-3.224277,50,5239.686389
-4.081165,50,5240.764262
-0.043505,1,5240.795505
-5.031665,50,5241.967104
-4.493664,50,5243.138704
-4.581538,50,5244.294683
-0.015734,1,5244.325925
-3.999151,50,5245.544388
-5.404235,50,5246.762855
-3.740044,50,5247.887591
-4.820821,50,5249.059187
-4.232131,50,5250.230787
-4.379341,50,5251.386769
-3.15583,50,5252.527129
-0.832085,12,5252.792688
-0.03811,1,5252.823928
-0.048411,1,5252.855169
-0.039086,1,5252.870791
-4.574351,50,5254.011154
-3.94342,50,5255.151505
-0.049136,1,5255.167128
-1.045341,15,5255.526422
-3.462063,50,5256.776123
-3.161217,50,5258.182045
-0.828222,13,5258.463228
-2.754557,50,5259.572344
-2.667109,32,5260.322173
-0.030256,1,5260.353425
-0.046349,1,5260.369042
-4.405592,50,5261.540631
-2.995665,50,5262.727859
-2.678491,50,5263.899452
-2.793755,40,5264.805488
-4.472537,50,5265.961468
-7.021007,50,5267.133068
-0.020857,1,5267.164319
-0.037275,1,5267.195552
-4.362184,50,5268.367155
-4.578732,50,5269.460646
-2.660386,50,5270.601002
-3.331176,50,5271.694495
-4.093175,50,5272.772373
-4.502145,50,5273.912725
-6.11304,50,5275.131228
-0.567752,10,5275.349891
-0.041949,1,5275.381132
-5.724581,50,5276.459006
-4.864471,50,5277.630602
-6.161712,50,5278.755338
-0.047472,1,5278.786586
-3.906291,50,5279.91132
-5.004549,50,5281.00481
-4.806463,50,5282.16079
-4.884503,50,5283.379253
-3.862254,50,5284.613337
-0.036466,1,5284.644586
-4.303214,50,5285.769317
-3.57923,50,5286.925293
-5.309953,50,5288.034412
-0.032906,1,5288.06565
-0.043677,1,5288.096893
-4.381212,50,5289.284115
-2.964863,50,5290.440093
-3.505242,50,5291.642936
-3.501856,50,5292.845778
-4.141437,50,5293.954892
-4.774379,50,5295.157734
-3.747561,50,5296.313716
-4.147398,50,5297.45407
-0.01807,1,5297.469694
-3.353269,50,5298.625672
-3.405654,50,5299.812891
-3.864955,50,5300.953289
-5.3322,50,5302.062368
-4.73818,50,5303.218344
-0.710175,13,5303.515146
-0.028578,1,5303.53077
-5.238709,50,5304.717995
-2.862714,50,5305.858346
-4.171842,50,5306.998708
-3.41275,50,5308.185928
-4.716834,48,5309.24818
-0.975752,15,5309.607466
-6.862942,50,5310.794688
-3.286382,50,5311.919424
-4.582192,50,5313.02854
-5.930811,50,5314.137654
-2.055396,19,5314.575055
-5.65581,50,5315.668544
-4.388481,50,5316.808905
-0.017792,1,5316.824523
-4.119275,50,5317.996121
-0.894207,12,5318.277305
-4.027329,50,5319.339559
-3.684675,50,5320.620505
-4.313521,50,5321.838969
-3.014369,50,5322.932464
-6.284297,50,5324.072819
-0.020618,1,5324.088447
-4.015306,50,5325.291285
-1.098656,13,5325.603711
-3.451548,50,5326.806554
-4.341769,50,5327.931288
-4.481784,50,5329.071651
-4.896851,50,5330.258881
-0.542375,10,5330.524431
-0.001913,1,5330.540057
-0.804187,12,5330.821234
-3.400254,50,5332.039697
-6.078727,50,5333.148814
-4.150407,50,5334.320417
-0.033538,1,5334.351654
-4.110266,50,5335.507637
-4.520665,50,5336.647991
-0.048634,1,5336.663611
-4.30277,50,5337.850832
-0.652955,12,5338.116396
-5.135992,50,5339.241134
-5.63733,50,5340.443976
-0.551407,9,5340.662711
-5.809035,50,5341.818651
-4.308614,50,5342.959006
-5.335822,50,5344.177475
-5.939157,50,5345.286586
-3.975204,50,5346.442565
-0.018016,1,5346.473839
-5.352923,50,5347.739137
-4.587756,50,5348.848253
-4.58322,50,5349.972986
-1.961599,20,5350.426004
-4.508909,50,5351.628851
-0.018503,1,5351.660089
-3.18206,50,5352.831702
-4.788489,50,5353.925187
-3.467492,50,5355.06554
-4.209345,50,5356.190279
-3.697231,50,5357.299388
-5.485575,50,5358.424128
-5.116076,50,5359.580108
-3.654251,50,5360.736085
-3.868632,50,5361.876474
-4.434047,50,5363.063662
-3.171239,50,5364.188396
-0.032283,1,5364.219639
-5.46463,50,5365.344378
-0.46873,8,5365.500592
-5.919893,50,5366.687814
-2.521479,50,5367.859412
-0.020581,1,5367.890652
-0.033945,1,5367.906273
-6.223114,50,5369.109116
-3.463172,50,5370.265097
-5.733406,50,5371.405453
-0.045462,1,5371.421075
-4.712977,50,5372.498945
-3.542593,50,5373.733031
-4.835905,48,5374.826523
-4.948941,50,5375.920021
-3.323244,50,5377.279072
-0.041115,1,5377.310314
-4.943965,50,5378.497535
-3.820582,50,5379.606651
-3.682335,50,5380.85636
-0.024973,1,5380.887598
-3.483194,50,5382.027959
-2.725566,50,5383.152692
-0.03737,1,5383.168314
-3.130067,50,5384.386781
-3.624406,50,5385.542757
-4.35941,50,5390.541584
-0.031464,1,5390.572824
-3.706584,50,5391.760048
-5.338792,50,5392.931645
-3.011713,50,5394.134487
-5.484956,50,5395.399855
-4.809604,50,5396.602663
-8.826736,50,5397.727397
-4.488183,50,5398.867752
-0.902629,12,5399.133313
-3.691331,50,5400.336162
-3.804753,50,5401.460892
-3.044593,50,5402.648113
-3.199343,50,5403.757228
-2.664107,50,5404.913218
-3.502465,50,5406.162912
-3.824711,50,5407.381376
-0.944665,16,5407.787531
-3.085598,50,5409.06848
-4.126924,50,5410.224459
-0.021041,1,5410.2557
-0.048355,1,5410.286943
-0.049133,1,5410.318187
-3.468317,50,5411.521031
-4.379793,50,5412.645765
-0.039656,1,5412.677007
-5.524195,50,5413.87985
-0.923854,11,5414.114174
-4.80029,50,5415.348255
-4.977562,50,5416.472989
-5.604723,50,5417.597727
-5.640118,50,5418.706846
-5.682077,50,5419.8472
-3.665646,50,5421.050042
-0.045688,1,5421.081285
-0.035508,1,5421.11253
-0.039221,1,5421.128172
-4.167867,50,5422.268504
-3.367126,50,5423.408864
-6.043675,50,5424.533598
-0.012664,1,5424.564838
-5.022081,50,5425.73644
-4.439209,50,5427.095497
-5.555608,50,5428.251475
-0.042152,1,5428.28272
-3.540088,50,5429.376214
-0.044386,1,5429.407456
-4.628434,50,5430.547813
-5.192842,50,5431.719411
-5.581195,50,5432.859767
-1.088571,15,5433.187819
-4.26769,50,5434.312555
-4.094079,50,5435.468534
-4.975988,50,5436.562027
-3.710336,50,5437.858593
-4.553926,50,5439.077075
-5.505252,50,5440.248661
-4.98556,50,5441.420262
-2.809264,50,5442.529371
-3.228705,34,5443.341683
-5.584792,50,5444.450794
-0.767968,15,5444.794466
-8.096799,50,5445.966066
-4.685128,50,5447.153289
-1.364755,20,5447.637546
-3.96799,50,5448.856011
-0.036616,1,5448.887263
-0.044325,1,5448.902882
-4.25997,50,5450.043235
-5.02975,50,5451.199212
-0.00464,1,5451.230454
-1.624278,19,5451.667849
-4.374609,50,5452.823832
-5.330903,50,5453.932942
-4.352455,50,5455.213892
-4.914094,50,5456.416733
-3.440409,50,5457.525855
-4.759925,50,5458.634963
-2.653345,50,5459.790946
-4.803164,50,5460.884434
-5.509317,50,5462.087283
-5.470348,50,5463.321363
-0.048181,1,5463.352606
-3.899346,50,5464.555448
-3.314538,50,5465.695808
-5.643429,50,5466.851783
-3.332463,50,5467.976523
-4.108837,50,5469.194983
-0.026569,1,5469.210604
-4.882757,50,5470.475935
-0.045066,1,5470.507174
-4.695801,50,5471.71007
-4.386202,50,5472.928484
-1.126417,17,5473.365882
-5.199601,50,5474.568721
-3.549084,50,5475.755946
-4.514432,50,5476.865063
-4.690106,50,5478.130387
-4.866539,50,5479.208261
-3.590951,50,5480.489206
-0.034927,1,5480.520448
-0.017787,1,5480.536075
-4.867245,50,5481.692047
-5.664102,50,5482.848027
-2.822794,50,5484.066495
-0.001441,1,5484.082114
-3.954269,50,5485.284954
-5.42889,50,5486.394068
-5.311186,50,5487.706261
-5.998955,50,5488.846616
-3.503527,50,5490.033842
-4.441156,50,5491.189821
-4.102984,50,5492.334654
-4.536708,50,5493.490627
-2.532659,50,5494.704061
-4.377648,50,5495.844417
-0.021448,1,5495.860038
-3.906861,50,5497.047258
-0.025891,1,5497.078517
-5.057972,50,5498.218858
-1.804658,20,5498.687498
-3.912665,50,5499.937207
-4.011718,50,5501.155669
-5.421947,50,5502.280405
-4.814295,50,5503.436383
-3.575747,50,5504.576744
-1.594193,15,5504.920413
-6.1613,50,5506.06077
-3.359646,50,5507.201126
-4.069529,50,5508.388345
-5.584809,50,5509.591204
-4.160743,50,5510.794031
-4.658927,50,5511.950011
-3.090255,50,5513.105988
-5.997555,50,5514.30883
-5.318021,50,5515.417943
-6.499783,50,5516.52706
-5.084906,50,5517.651798
-3.907012,50,5518.807772
-3.50224,50,5519.994996
-4.307935,50,5521.135352
-1.729621,21,5521.619616
-3.270811,50,5522.728729
-1.712112,17,5523.088017
-0.035316,1,5523.103637
-5.322648,50,5524.290861
-0.035642,1,5524.322103
-5.306631,50,5525.462463
-3.884397,50,5526.634059
-4.649795,50,5527.805659
-0.033916,1,5527.836903
-4.015755,50,5528.992881
-0.013549,1,5529.024123
-4.319466,45,5529.977029
-6.021215,50,5531.195491
-0.043941,1,5531.21111
-3.748339,50,5532.335846
-0.032628,1,5532.367089
-6.144874,50,5533.569929
-3.712829,50,5534.772777
-4.468945,50,5535.928752
-5.232636,50,5537.100351
-4.40932,50,5538.318818
-4.731431,50,5539.521661
-1.556621,18,5539.943434
-0.016429,1,5539.974679
-1.707754,17,5540.365213
-3.948153,50,5541.568051
-2.923402,50,5542.802137
-4.396838,50,5543.926876
-5.5432,50,5545.192201
-3.516429,50,5546.410665
-4.624818,50,5547.55102
-0.044759,1,5547.582262
-4.742635,50,5548.769485
-5.614977,50,5549.909845
-3.387648,50,5551.081442
-4.665219,50,5552.315526
-2.613209,50,5553.518372
-3.295254,50,5554.689971
-5.686293,50,5555.892826
-0.043163,1,5555.924058
-1.034782,17,5556.361453
-5.003439,50,5557.501812
-0.040869,1,5557.533052
-0.041835,1,5557.564294
-0.019014,1,5557.595537
-0.02855,1,5557.626783
-0.047144,1,5557.658022
-1.307498,19,5558.0798
-4.758338,50,5559.28264
-0.043626,1,5559.313884
-1.710338,19,5559.766905
-2.546644,50,5560.954138
-2.52289,50,5562.219454
-0.034502,1,5562.235078
-3.852115,50,5563.453536
-0.048882,1,5563.484781
-3.779261,50,5564.593901
-3.924775,40,5565.546793
-3.461179,50,5566.624667
-0.021943,1,5566.655909
-0.032754,1,5566.687156
-0.008102,1,5566.702778
-3.994887,50,5567.874372
-0.989678,16,5568.218042
-2.627576,50,5569.405278
-3.184385,50,5570.576862
-0.019452,1,5570.608104
-0.030305,1,5570.654968
-4.181221,50,5571.982783
-7.886373,50,5573.248113
-2.611852,50,5574.450954
-3.993605,50,5575.700663
-4.526193,50,5576.841021
-5.674366,50,5578.043864
-3.251843,50,5579.199841
-3.811954,50,5580.277709
-3.927883,50,5581.496174
-3.041408,50,5582.699054
-6.08684,50,5583.948727
-3.741911,50,5585.057837
-4.778652,50,5586.166957
-4.543725,50,5587.29169
-2.882897,50,5588.447667
-0.04693,1,5588.478916
-0.023362,1,5588.510157
-0.037121,1,5588.525778
-3.243605,50,5589.666132
-0.023204,1,5589.681751
-4.744121,50,5590.853351
-2.745969,50,5591.993711
-3.084264,50,5593.165308
-0.034458,1,5593.18093
-0.04968,1,5593.212173
-0.04979,1,5593.243414
-0.03099,1,5593.274656
-4.307714,50,5594.430638
-0.0357,1,5594.461892
-5.926291,50,5595.633481
-0.010447,1,5595.649102
-1.302197,15,5596.024012
-3.694895,50,5597.179994
-3.540271,50,5598.4297
-1.472314,29,5599.335737
-0.031575,1,5599.366976
-4.535331,50,5600.647925
-5.405043,50,5601.83515
-3.710784,50,5603.006749
-4.732759,50,5604.115861
-3.139437,50,5605.318704
-3.604586,50,5606.474686
-1.990934,20,5606.990186
-4.33049,50,5608.083679
-3.145848,50,5609.192795
-5.317609,50,5610.333151
-0.505609,9,5610.520606
-0.011239,1,5610.55185
-0.023696,1,5610.583093
-5.695838,50,5611.73907
-4.842656,50,5612.926295
-3.098195,50,5614.082272
-1.703897,18,5614.519666
-4.473907,50,5615.675647
-5.787332,50,5616.831625
-3.28016,50,5617.956365
-4.074114,50,5619.143584
-5.035456,50,5620.283939
-3.044,50,5621.518029
-0.043914,1,5621.549266
-3.695057,50,5622.674008
-2.784385,50,5623.845601
-0.023107,1,5623.876844
-3.577295,50,5628.235196
-0.0443,1,5628.282062
-1.149159,17,5628.672595
-0.028892,1,5628.688218
-6.017592,50,5629.79733
-0.049369,1,5629.828575
-5.117773,50,5631.062659
-4.184258,50,5632.171775
-4.937916,50,5633.343372
-3.341071,50,5634.593079
-0.037146,1,5634.6087
-3.413352,50,5635.780304
-3.069415,50,5636.967553
-3.664924,50,5638.17036
-4.413065,50,5639.31072
-5.265583,50,5640.482323
-4.85004,50,5641.763269
-0.02198,1,5641.810135
-4.055769,50,5642.934873
-5.232611,50,5644.028372
-4.146847,50,5645.168722
-0.004417,1,5645.19996
-0.865024,13,5645.528008
-4.795067,50,5646.730855
-1.399012,15,5647.090144
-4.456275,50,5648.339853
-0.024486,1,5648.371094
-3.070396,50,5649.448963
-4.033556,50,5650.558078
-4.809439,50,5651.63596
-4.448014,50,5652.776313
-2.748784,50,5653.947905
-4.246666,50,5655.119538
-4.289488,50,5656.353592
-4.834164,50,5657.509573
-4.396934,50,5658.63431
-4.961159,50,5659.790286
-4.676292,50,5660.836916
-2.919117,37,5661.696088
-5.402506,50,5662.820825
-4.300855,50,5663.992425
-5.098327,50,5665.101537
-6.379415,50,5666.17941
-3.92732,50,5667.538469
-4.639587,50,5668.6632
-4.793718,50,5669.866046
-0.03934,1,5669.897288
-0.04997,1,5669.928531
-0.036424,1,5669.944155
-0.035883,1,5669.975401
-6.192076,50,5671.146995
-4.180951,50,5672.381081
-0.035205,1,5672.41232
-5.492097,50,5673.537055
-3.011349,50,5674.739899
-3.535822,50,5675.911502
-5.198348,50,5677.036233
-4.560887,50,5678.239082
-2.915628,50,5679.395056
-4.812018,50,5680.535414
-0.022756,1,5680.551035
-5.027567,50,5681.62891
-0.024723,1,5681.644532
-1.275641,21,5682.128793
-6.19396,50,5683.253523
-3.991268,50,5684.425123
-3.373573,50,5685.596725
-4.306613,50,5686.69022
-0.031613,1,5686.721463
-0.018309,1,5686.752702
-4.625651,50,5687.924303
-1.646673,29,5688.596019
-4.013094,50,5689.736377
-4.892076,50,5690.892357
-6.150893,50,5692.110821
-4.752422,50,5693.251179
-0.044997,1,5693.282417
-5.596177,50,5694.547745
-3.818411,50,5695.766208
-4.604999,50,5697.000295
-4.90416,50,5698.156278
-0.044616,1,5698.187518
-0.031369,1,5698.218764
-1.51338,15,5698.609308
-3.68873,50,5699.765271
-4.390546,50,5700.952491
-6.808163,50,5702.186576
-0.033565,1,5702.2022
-0.042277,1,5702.217821
-3.267005,50,5703.483149
-4.592739,50,5704.623505
-3.831611,50,5705.779487
-0.020575,1,5705.795108
-4.859798,50,5706.982358
-0.718409,13,5707.26351
-3.183431,39,5708.153925
-3.413517,50,5709.419255
-1.3539,20,5709.856653
-3.601,50,5710.93452
-3.65941,50,5712.106123
-6.057709,50,5713.27772
-5.42027,50,5714.4337
-2.746132,50,5715.558437
-2.781506,38,5716.495717
-4.366518,50,5717.667316
-3.579666,50,5718.83892
-2.688593,28,5719.479391
-4.392188,50,5720.713478
-5.274012,50,5721.93194
-1.855159,22,5722.447443
-4.228155,50,5723.603424
-5.867257,50,5724.821885
-4.993362,50,5725.946621
-1.1123,21,5726.430882
-4.435777,50,5727.618109
-3.114832,50,5728.820946
-4.356522,50,5729.945689
-1.833575,22,5730.492428
-5.098071,50,5731.648407
-0.029534,1,5731.664028
-4.942458,50,5732.86687
-4.432303,50,5734.085338
-0.012533,1,5734.100955
-5.284873,50,5735.210075
-4.965348,50,5736.412913
-4.220322,50,5737.568896
-5.030553,50,5738.709249
-4.292422,50,5739.818401
-5.29834,50,5741.021209
-0.008909,1,5741.068092
-1.159592,22,5741.583572
-0.046488,1,5741.614817
-2.045944,24,5742.224048
-0.016215,1,5742.255292
-4.27186,50,5743.395651
-0.020166,1,5743.41127
-4.897228,50,5744.567249
-3.245333,50,5745.77009
-4.532263,50,5746.957313
-2.619191,50,5748.08205
-4.096815,50,5749.222404
-3.316857,50,5750.394006
-0.04637,1,5750.409628
-2.863154,50,5751.612467
-4.052639,50,5752.784068
-0.007586,1,5752.81531
-7.986743,50,5753.940048
-4.606951,50,5755.205373
-0.044788,1,5755.236616
-0.033765,1,5755.26786
-3.927738,50,5756.486322
-0.039618,1,5756.501944
-3.169333,39,5757.392365
-4.237304,50,5758.548343
-1.021844,12,5758.829524
-4.832069,50,5759.954261
-0.034169,1,5759.985534
-2.587766,50,5761.219587
-0.045653,1,5761.235208
-2.740952,50,5762.516157
-3.848739,50,5763.640893
-0.733032,12,5763.906457
-3.142652,50,5765.015569
-5.826622,50,5766.093442
-5.487212,50,5767.265042
-4.913108,50,5768.436643
-3.131729,50,5769.561376
-0.026008,1,5769.576997
-0.034065,1,5769.608241
-1.799117,20,5770.076883
-4.451521,50,5771.264102
-0.047358,1,5771.295347
-0.048297,1,5771.326587
-4.42847,50,5772.48257
-5.073921,50,5773.607304
-0.039118,1,5773.63858
-1.722924,25,5774.18529
-4.561248,50,5775.356896
-2.692083,50,5776.575355
-4.227844,50,5777.809441
-0.024618,1,5777.840682
-1.535642,28,5778.512399
-0.049897,1,5778.528025
-0.024403,1,5778.559268
-5.602597,50,5779.684
-3.653224,50,5780.808738
-0.024454,1,5780.82436
-0.651488,10,5781.027434
-0.021719,1,5781.043058
-0.929778,18,5781.480458
-2.582217,50,5782.698915
-4.930565,50,5783.823654
-2.813111,50,5785.026493
-3.65636,50,5786.276203
-0.047712,1,5786.291826
-5.550238,50,5787.479049
-4.721031,50,5788.650646
-4.59263,50,5789.806625
-4.855053,50,5790.993846
-4.177808,50,5792.196687
-2.361806,26,5792.805917
-6.876716,50,5793.961896
-5.076112,50,5795.211605
-1.608383,22,5795.758349
-0.037682,1,5795.789592
-3.951776,50,5796.96119
-3.628371,50,5798.085931
-5.408255,50,5799.273148
-4.227357,50,5800.460372
-0.57311,11,5800.725932
-0.036765,1,5800.757174
-4.675699,50,5801.866289
-4.826629,50,5803.084756
-0.042472,1,5803.115999
-3.40027,50,5804.22511
-1.342594,24,5804.78748
-4.52913,50,5805.99032
-0.970759,19,5806.4121
-0.025913,1,5806.427718
-4.380254,50,5807.599317
-5.319843,50,5808.755296
-4.409506,50,5809.97376
-0.040075,1,5810.005003
-4.089867,50,5811.192224
-2.146548,29,5811.863943
-5.516939,50,5813.051167
-0.044126,1,5813.082408
-4.79379,44,5814.082173
-1.673687,28,5814.675785
-4.447872,50,5815.847384
-6.117288,50,5817.01898
-3.667481,50,5818.096856
-0.005523,1,5818.11248
-4.829379,50,5819.284073
-5.451463,50,5820.440055
-3.808935,50,5821.580413
-0.04953,1,5821.611657
-4.641978,50,5822.752009
-5.367345,50,5823.876748
-0.028189,1,5823.90799
-0.026253,1,5823.923612
-3.727033,50,5825.110833
-1.819506,23,5825.673196
-0.028588,1,5825.688819
-0.026138,1,5825.70444
-4.07028,50,5826.860418
-0.041053,1,5826.876039
-3.067726,50,5828.016401
-4.703555,50,5829.188
-0.044619,1,5829.219281
-0.021998,1,5829.234861
-1.739658,19,5829.656639
-4.651313,50,5830.875103
-5.577991,50,5832.031079
-4.787586,50,5833.187062
-2.760597,50,5834.311793
-1.665351,18,5834.717953
-3.973927,50,5835.858312
-2.185692,29,5836.545644
-4.508605,50,5837.717248
-4.968686,50,5838.888848
-0.04153,1,5838.920092
-3.584029,50,5840.076066
-4.561549,50,5841.2008
-4.453338,50,5842.309915
-0.037598,1,5842.356778
-3.780355,50,5843.575242
-5.984135,50,5844.699982
-5.086,50,5845.871578
-3.532464,50,5847.04318
-2.937713,50,5848.230401
-4.949461,50,5849.401998
-4.210397,50,5850.55798
-5.923554,50,5851.682717
-3.175497,50,5852.916799
-0.047734,1,5852.93242
-5.098974,50,5854.10402
-2.972013,50,5855.291238
-0.026897,1,5855.306866
-0.033497,1,5855.322484
-0.037326,1,5855.353731
-4.078992,50,5856.603433
-4.384849,50,5857.728168
-4.919516,50,5858.88418
-5.689374,50,5860.024508
-5.229198,50,5861.149245
-2.899898,50,5865.273275
-3.812689,50,5866.366767
-0.044752,1,5866.382387
-3.225613,50,5867.632096
-1.86045,37,5868.475647
-0.031907,1,5868.491275
-2.941934,50,5869.631627
-3.425141,50,5870.771984
-1.361692,15,5871.115649
-4.220142,50,5872.240389
-4.669707,50,5873.365123
-3.804954,50,5874.5211
-3.531937,50,5875.755189
-0.046869,1,5875.786427
-4.461745,50,5876.942407
-5.006172,50,5878.114006
-3.504898,50,5879.269984
-3.275826,50,5880.394718
-5.25869,50,5881.550699
-4.82628,50,5882.753544
-2.736503,50,5883.987629
-2.522818,50,5885.143603
-4.163234,50,5886.362071
-3.333129,50,5887.486809
-2.705457,47,5888.642822
-2.564086,50,5889.720658
-0.049394,1,5889.7519
-3.83913,50,5891.110953
-3.037692,50,5892.298178
-4.621288,50,5893.516638
-4.309152,50,5894.703858
-5.417418,50,5895.891084
-2.859883,50,5897.000196
-1.687338,27,5897.62505
-3.427928,50,5898.78103
-0.016211,1,5898.812269
-0.048053,1,5898.843516
-5.408107,50,5900.061978
-1.857698,28,5900.702453
-4.287292,50,5901.827187
-3.508688,50,5902.920681
-4.39665,50,5904.123554
-4.894338,50,5905.295126
-2.41651,47,5906.357373
-0.04812,1,5906.388614
-2.297082,28,5907.029127
-0.023606,1,5907.044715
-4.70029,50,5908.138203
-3.989672,50,5909.294181
-5.320324,50,5910.481407
-4.782057,50,5911.668628
-3.7625,50,5912.887091
-0.035647,1,5912.902713
-4.154062,50,5914.089931
-4.498126,50,5915.245948
-0.018447,1,5915.292782
-0.400647,8,5915.464611
-0.777977,13,5915.777036
-5.826425,50,5916.88615
-3.446043,50,5918.073372
-2.716528,50,5919.229353
-4.491144,50,5920.447812
-4.664856,50,5921.619429
-0.049848,1,5921.650657
-3.353561,50,5922.8535
-0.022873,1,5922.869124
-6.279075,50,5924.056344
-3.77135,50,5925.212318
-6.823136,50,5926.321433
-3.714203,50,5927.461789
-5.4801,50,5928.61777
-0.040753,1,5928.649012
-3.217951,50,5929.883096
-5.663058,50,5931.023457
-5.34581,50,5932.148189
-4.356483,50,5933.335411
-0.006941,1,5933.351032
-1.274417,21,5933.835292
-4.620351,50,5934.944409
-3.745886,50,5936.131629
-2.638631,50,5937.271985
-1.219929,18,5937.678141
-3.802533,50,5938.834152
-3.839669,50,5940.083826
-4.079872,50,5941.208563
-0.043559,1,5941.224183
-5.277635,50,5942.442647
-0.041291,1,5942.47389
-0.043136,1,5942.505131
-6.196606,50,5943.661109
-0.685357,10,5943.895433
-10.072315,50,5945.020205
-0.047379,1,5945.035788
-1.138087,14,5945.348214
-0.832328,13,5945.645019
-2.887459,50,5946.816622
-4.958016,50,5948.035083
-1.338142,15,5948.394416
-3.369487,50,5949.581596
-5.410871,50,5950.815679
-1.703034,20,5951.299942
-4.418087,50,5952.502785
-4.252921,50,5953.690005
-4.398955,50,5954.830362
-5.775979,50,5956.001962
-1.873252,22,5956.579952
-4.828601,50,5957.782792
-4.528068,50,5959.173091
-4.131013,50,5960.329068
-4.901031,50,5961.531914
-3.22093,50,5962.719134
-1.925312,34,5963.531463
-6.75083,50,5964.78115
-4.018516,50,5966.015239
-4.307275,50,5967.139972
-0.034212,1,5967.171214
-0.039821,1,5967.202456
-0.01656,1,5967.218081
-0.049169,1,5967.233703
-4.312018,50,5968.358434
-6.051365,50,5969.576897
-4.19771,50,5970.779741
-3.828035,50,5971.920098
-2.888336,50,5973.060457
-1.574827,20,5973.513476
-4.940876,50,5974.622589
-4.930485,50,5975.794187
-5.777854,50,5976.918922
-0.020191,1,5976.934545
-0.006442,1,5976.965787
-6.50113,50,5978.15301
-2.602352,50,5979.402715
-2.913757,50,5980.621181
-0.044823,1,5980.652422
-0.877711,16,5980.99609
-5.383762,50,5982.183313
-4.400674,50,5983.370534
-5.049002,50,5984.604619
-4.998282,50,5985.776217
-4.905021,50,5987.041546
-0.958319,13,5987.322731
-1.213591,15,5987.65078
-4.657878,50,5988.900522
-2.491135,33,5989.66593
-0.029079,1,5989.697173
-5.310149,50,5990.884397
-5.061701,50,5992.071618
-0.035644,1,5992.102871
-4.179017,50,5993.227593
-6.762128,50,5994.461677
-3.993159,50,5995.60204
-4.701879,50,5996.711155
-0.037604,1,5996.758014
-3.574002,50,5997.929618
-4.196863,50,5999.148077
-4.884408,50,6000.30406
-0.039146,1,6000.319686
-3.302526,41,6001.288199
-4.695018,50,6002.506667
-4.512684,50,6003.725132
-0.017946,1,6003.756375
-2.067251,30,6004.412467
-1.234281,22,6004.865489
-4.075011,50,6005.943362
-9.542191,50,6007.068095
-0.044832,1,6007.083713
-1.329922,13,6007.411762
-4.121272,50,6008.598986
-3.556636,50,6009.754963
-0.029675,1,6009.770583
-0.048821,1,6009.801825
-0.018823,1,6009.833069
-0.85176,15,6010.145497
-4.813075,50,6011.285852
-3.168448,50,6012.410588
-0.038331,1,6012.441832
-4.07481,50,6013.707157
-0.020483,1,6013.72278
-5.730773,50,6014.894382
-0.018571,1,6014.925639
-3.895111,50,6016.128463
-0.907683,17,6016.534622
-3.872008,50,6017.690601
-0.041638,1,6017.72184
-4.743126,50,6018.909065
-4.85375,50,6020.127525
-3.926676,50,6021.236645
-5.436286,50,6022.361379
-3.578813,50,6023.642324
-0.005288,1,6023.657946
-1.040111,17,6024.03286
-0.015698,1,6024.079722
-6.270984,50,6025.282569
-5.975257,50,6026.438544
-3.516598,50,6027.594522
-3.511098,50,6028.82861
-4.340333,50,6029.968963
-3.739373,50,6031.218674
-0.032934,1,6031.249916
-3.268248,50,6032.468377
-4.20974,50,6033.655599
-0.825486,16,6034.014888
-0.014901,1,6034.046131
-5.152718,50,6035.233352
-4.50902,50,6036.373709
-4.876568,50,6037.576552
-4.819176,50,6038.779397
-0.037535,1,6038.810635
-0.03222,1,6038.841884
-4.482447,50,6039.997861
-0.037064,1,6040.029104
-0.033345,1,6040.060343
-1.36785,16,6040.513362
-5.021861,50,6041.731829
-5.407348,50,6042.872183
-1.080358,12,6043.15337
-5.665922,50,6044.246859
-0.03127,1,6044.278104
-4.036588,50,6045.51219
-4.27058,50,6046.683789
-3.259981,50,6047.808524
-0.911582,9,6048.011605
-5.795712,50,6049.151958
-0.03746,1,6049.183202
-0.038853,1,6049.214444
-4.227746,50,6050.33918
-4.174344,50,6051.557641
-4.062015,50,6052.744864
-0.04212,1,6052.776106
-5.109969,50,6053.963329
-4.201611,50,6055.103689
-0.025415,1,6055.134929
-3.208856,50,6056.322149
-0.027011,1,6056.353392
-4.575372,50,6057.633318
-5.228255,50,6058.949656
-5.241889,50,6060.214235
-3.212772,50,6061.479551
-4.33049,50,6062.902232
-4.801467,50,6064.189449
-4.447681,50,6065.434646
-6.342076,50,6066.699678
-5.514253,50,6068.019651
-3.982158,50,6069.319688
-0.015562,1,6069.339807
-4.261864,50,6070.664591
-5.065284,50,6071.858737
-0.020913,1,6071.876783
-0.029906,1,6071.908038
-6.709182,50,6073.085951
-2.881159,50,6074.30543
-0.012637,1,6074.339176
-2.286888,26,6074.959303
-3.542374,50,6076.103358
-4.43447,50,6077.399923
-5.491341,50,6078.602765
-2.878346,50,6079.774366
-4.296126,50,6080.977208
-0.015772,1,6080.99283
-4.317476,50,6082.185622
-4.251035,50,6083.435328
-1.639824,26,6084.075801
-6.016558,50,6085.309887
-3.595363,50,6086.481492
-0.047358,1,6086.512729
-1.004891,11,6086.762673
-3.132257,50,6088.028003
-3.945372,50,6089.32457
-0.882685,12,6089.636997
-0.015799,1,6089.668239
-2.057765,24,6090.246228
-0.025473,1,6090.27747
-5.643533,50,6091.480312
-4.752459,50,6092.656256
-4.582356,50,6093.843472
-4.247603,50,6095.041318
-3.437368,50,6096.337887
-4.164534,50,6097.478248
-4.08543,50,6098.649852
-5.099057,50,6099.82145
-4.32111,50,6101.055534
-5.831402,50,6104.382874
-5.377832,50,6105.58572
-0.671596,11,6105.851279
-6.783787,50,6107.022879
-0.728793,14,6107.350928
-3.540275,50,6108.725643
-5.01514,50,6109.897204
-4.619044,50,6111.115668
-0.012245,1,6111.146915
-4.513302,50,6112.31851
-4.941277,50,6113.443251
-2.859367,50,6114.614846
-4.071618,50,6115.770825
-1.92538,27,6116.380055
-1.732037,29,6117.083018
-3.588831,50,6118.285859
-5.599756,50,6119.473084
-2.582423,50,6120.597821
-3.231148,50,6121.831904
-3.48947,50,6123.019122
-0.84337,12,6123.331547
-3.980571,50,6124.503148
-0.570309,11,6124.76871
-0.046035,1,6124.784336
-5.028688,50,6125.877825
-4.1695,50,6127.018182
-4.146044,50,6128.189782
-3.787059,50,6129.283274
-0.044809,1,6129.298898
-0.044429,1,6129.314523
-4.649802,50,6130.501739
-5.759772,50,6131.642105
-4.583414,50,6132.860559
-5.026365,50,6134.000924
-3.764371,50,6135.141275
-0.799602,12,6135.391215
-1.555119,28,6136.016069
-3.321202,50,6137.203294
-0.832877,10,6137.437609
-0.797685,10,6137.640687
-0.04198,1,6137.67193
-4.663602,50,6138.874772
-5.746902,50,6140.046371
-0.037848,1,6140.061996
-6.334912,50,6141.249215
-0.015976,1,6141.264836
-3.986624,50,6142.436439
-3.386115,50,6143.60804
-2.158742,25,6144.186029
-4.225503,50,6145.404491
-3.282746,50,6146.638578
-3.666739,50,6147.778931
-2.777031,50,6148.919292
-5.400037,50,6150.12213
-2.909526,50,6151.371838
-0.047034,1,6151.40308
-0.04484,1,6151.418704
-0.049337,1,6151.434323
-0.02537,1,6151.48119
-1.244299,16,6151.824856
-5.025489,50,6153.012078
-0.046377,1,6153.027699
-1.071372,15,6153.371369
-3.220406,50,6154.496102
-3.661435,50,6155.636461
-4.920649,50,6156.792443
-0.495498,8,6156.979895
-4.73691,50,6158.135877
-3.900372,50,6159.260611
-3.147177,50,6160.510315
-0.026437,1,6160.54156
-3.53536,50,6161.666297
-0.665192,10,6161.884994
-0.801483,12,6162.134934
-4.415479,50,6163.275294
-0.007203,1,6163.290917
-4.891748,50,6164.431274
-5.143712,50,6165.524762
-4.10589,50,6166.61826
-0.049998,1,6166.633881
-0.357062,7,6166.790095
-0.038147,1,6166.805716
-3.20688,50,6167.977315
-0.684737,10,6168.196012
-0.040748,1,6168.211632
-0.699382,11,6168.492815
-0.026395,1,6168.524059
-4.520642,50,6169.711279
-3.007152,50,6170.914122
-3.588705,50,6172.02324
-1.921141,28,6172.788684
-0.832708,13,6173.116731
-3.156707,50,6174.288331
-2.553838,50,6175.444311
-0.802199,16,6175.819221
-4.016442,50,6176.975203
-4.020134,50,6178.17808
-0.032384,1,6178.209286
-4.170338,50,6179.42775
-4.19332,50,6180.58373
-2.927927,50,6181.708463
-0.722196,10,6181.942781
-0.02324,1,6181.974028
-3.537678,50,6183.20811
-0.00779,1,6183.223732
-3.398903,50,6184.317229
-4.608748,50,6185.44196
-3.405698,50,6186.58232
-3.763153,50,6187.753921
-4.600843,50,6188.909894
-4.99023,50,6190.034633
-0.017106,1,6190.050257
-3.534388,50,6191.331234
-0.032573,1,6191.362444
-5.451654,50,6192.565285
-4.019908,50,6193.736886
-3.04468,50,6194.892865
-4.443723,50,6196.048844
-4.102571,50,6197.173583
-4.489483,50,6198.282695
-3.047671,50,6199.391812
-0.031994,1,6199.407433
-0.040076,1,6199.438673
-3.685474,50,6200.563408
-0.049719,1,6200.59465
-3.360522,50,6201.766252
-6.255084,50,6203.031584
-5.147252,50,6204.171987
-4.524609,50,6205.421645
-0.373247,7,6205.609101
-4.119942,50,6206.843183
-0.046001,1,6206.874424
-4.49882,50,6207.983541
-7.154415,50,6209.092655
-0.04494,1,6209.12391
-0.038776,1,6209.139518
-0.042312,1,6209.155139
-0.028069,1,6209.186385
-0.602533,10,6209.436325
-0.046278,1,6209.45195
-6.667472,50,6210.623544
-3.616366,50,6211.888874
-5.041804,50,6213.091719
-0.049038,1,6213.122961
-0.621904,10,6213.372899
-11.956314,50,6214.560121
-5.384632,50,6215.794223
-3.133476,50,6216.965806
-0.032616,1,6216.997049
-0.044706,1,6217.012671
-5.060333,50,6218.121786
-0.031293,1,6218.137405
-2.605291,50,6219.371492
-5.061901,50,6220.543091
-1.185464,12,6220.886758
-0.017319,1,6220.918002
-0.867777,10,6221.183566
-0.048754,1,6221.199187
-2.546805,50,6222.417654
-2.78058,50,6223.620494
-3.162965,50,6224.682749
-0.042887,1,6224.713985
-5.010923,50,6225.948069
-0.927009,12,6226.229255
-0.025046,1,6226.244877
-5.664639,50,6227.385237
-4.365927,50,6228.525592
-0.034398,1,6228.556837
-3.141558,50,6229.759676
-0.01623,1,6229.790921
-0.047168,1,6229.822165
-5.935567,50,6231.025004
-0.01543,1,6231.056245
-0.455614,9,6231.274945
-0.027943,1,6231.30619
-3.60915,50,6232.524654
-5.487612,50,6233.711872
-4.372875,50,6234.899093
-0.045069,1,6234.930337
-5.012394,50,6236.070695
-1.591575,15,6236.414362
-0.048067,1,6236.445605
-3.309206,50,6237.570348
-0.023715,1,6237.585963
-0.005835,1,6237.617206
-0.020878,1,6237.664069
-1.159763,12,6237.945256
-4.998215,50,6239.038751
-4.340005,50,6240.241587
-3.959683,50,6241.397567
-5.052103,50,6242.506684
-0.716166,11,6242.741005
-0.025016,1,6242.756627
-0.032345,1,6242.787866
-3.636339,50,6243.928222
-3.837049,50,6245.14669
-0.904126,13,6245.427875
-2.50772,50,6246.568232
-0.951825,14,6246.896279
-1.458893,15,6247.239946
-3.417936,50,6248.411545
-4.186571,50,6249.567522
-0.044272,1,6249.614388
-0.766945,13,6249.911195
-0.040319,1,6249.926824
-0.710912,12,6250.207997
-5.130805,50,6251.363988
-1.777288,20,6251.801374
-0.036666,1,6251.816999
-4.785647,50,6252.941735
-6.20728,50,6254.128951
-0.016125,1,6254.160195
-0.047726,1,6254.175816
-2.389892,40,6255.12872
-0.565059,10,6255.394281
-3.738109,50,6256.550257
-0.030254,1,6256.565879
-0.04257,1,6256.581507
-3.563768,50,6257.768725
-5.205819,50,6258.893457
-2.844645,50,6260.080679
-4.591025,50,6261.189846
-4.059653,50,6262.361395
-0.027138,1,6262.37702
-0.036053,1,6262.392641
-4.334532,50,6263.564234
-0.028416,1,6263.595544
-3.687356,50,6264.720219
-4.203218,50,6265.907438
-4.957666,50,6267.047793
-4.82108,50,6268.141291
-0.929152,12,6268.42247
-0.026078,1,6268.438091
-0.025524,1,6268.469334
-4.761637,50,6269.672176
-1.191241,12,6269.953363
-1.310131,25,6270.531353
-4.55175,50,6271.70295
-0.032486,1,6271.749813
-5.424183,50,6272.890171
-3.700785,50,6274.01491
-5.432002,50,6275.186505
-0.041803,1,6275.20213
-4.512679,50,6276.342485
-5.447208,50,6277.467221
-4.831896,50,6278.576339
-2.981278,50,6279.779184
-4.634382,50,6281.013266
-0.045854,1,6281.04451
-4.667469,50,6282.138001
-2.095881,31,6282.887822
-4.796176,50,6284.090664
-6.309,50,6285.199777
-3.372687,50,6286.371378
-3.846062,50,6288.042864
-4.592937,50,6289.230085
-0.037668,1,6289.245708
-0.029571,1,6289.261329
-5.911487,50,6290.401683
-3.937849,50,6291.620151
-3.353927,50,6292.791749
-4.61947,50,6294.01021
-4.517216,50,6295.416133
-0.046986,1,6295.431755
-1.278474,15,6295.791045
-5.17974,50,6296.931398
-1.202297,14,6297.275074
-0.025499,1,6297.290693
-2.681328,50,6298.477909
-3.448654,50,6299.680753
-4.47117,50,6300.852358
-4.764847,50,6302.008332
-1.681244,25,6302.601949
-0.046164,1,6302.617566
-4.398628,50,6303.773547
-3.432065,50,6304.992005
-0.008012,1,6305.007626
-4.151497,50,6306.179227
-0.67612,13,6306.522896
-4.13877,50,6307.663257
-0.646239,12,6307.913198
-4.33047,50,6309.131659
-3.940263,50,6310.303258
-2.829579,50,6311.349887
-3.762909,50,6312.521485
-0.048482,1,6312.55273
-4.528202,50,6313.677467
-0.019965,1,6313.708708
-3.809599,50,6314.942799
-5.835072,50,6316.098778
-0.950462,14,6316.458063
-4.950472,50,6317.567177
-5.610764,50,6318.707535
-4.723812,50,6319.879137
-3.623388,50,6321.035114
-0.039742,1,6321.050733
-3.85321,50,6322.112984
-2.706704,50,6323.36269
-0.046343,1,6323.393972
-3.336497,50,6324.503085
-0.040501,1,6324.53429
-2.338346,32,6325.252874
-4.200048,50,6326.502578
-0.031953,1,6326.518201
-4.467497,50,6327.674184
-3.501074,50,6328.861397
-4.383766,50,6330.079867
-1.500592,22,6330.610988
-2.811459,50,6331.782591
-0.35633,7,6331.970044
-0.041512,1,6332.001292
-4.802091,50,6333.141646
-4.758337,50,6334.313247
-0.010063,1,6334.328868
-4.387834,50,6335.453601
-1.102484,12,6335.719163
-6.377877,50,6336.859522
-5.682077,50,6338.015499
-2.634066,28,6338.687217
-4.61305,50,6342.733142
-0.036882,1,6342.764387
-0.958495,10,6342.998708
-2.634284,50,6344.185924
-3.837478,50,6345.357524
-4.91375,50,6346.513509
-5.006263,50,6347.65386
-4.910889,50,6348.809844
-5.087385,50,6350.043928
-0.018587,1,6350.075172
-0.032786,1,6350.090792
-5.132313,50,6351.278008
-3.507264,50,6352.44961
-4.944033,50,6353.636831
-4.577459,50,6354.761566
-1.198306,21,6355.261452
-3.273316,50,6356.448675
-4.784169,50,6357.620269
-2.512128,50,6358.745005
-4.072013,50,6359.94785
-0.012285,1,6359.963471
-0.676615,10,6360.197792
-4.633936,50,6361.36939
-1.944778,28,6362.072348
-2.649446,50,6363.275192
-4.167823,50,6364.384309
-4.183074,50,6365.493421
-5.6472,50,6366.680641
-2.934143,50,6367.883487
-0.889457,13,6368.195911
-4.709864,50,6369.367511
-4.77016,50,6370.492249
-5.921788,50,6371.601362
-0.042429,1,6371.632601
-4.103122,50,6372.804202
-5.077429,50,6373.928943
-3.691474,50,6375.131783
-4.964422,50,6376.287763
-0.8572,12,6376.568949
-4.360288,50,6377.67806
-6.561227,50,6378.834035
-0.032354,1,6378.849663
-0.039329,1,6378.86528
-1.113823,12,6379.146464
-1.479445,22,6379.677594
-4.56564,50,6380.896052
-1.490544,14,6381.192862
-4.485799,50,6382.442566
-4.747823,50,6383.551682
-4.186009,50,6384.754521
-0.04905,1,6384.785764
-3.014288,50,6385.988611
-4.864166,50,6387.144588
-2.621747,50,6388.284945
-2.910236,50,6389.519027
-3.617661,50,6390.675008
-4.611758,50,6391.830983
-5.112898,50,6393.00259
-4.409007,50,6394.158593
-3.620877,50,6395.283298
-4.804731,50,6396.454898
-4.145935,50,6397.642118
-4.612969,50,6398.782482
-4.67074,50,6399.954075
-6.017902,50,6401.250649
-0.008565,1,6401.281889
-4.599406,50,6402.609703
-2.866178,50,6403.796929
-3.449936,34,6404.609231
-1.167723,13,6404.921659
-0.048378,1,6404.937284
-0.941842,11,6405.202877
-2.712274,50,6406.327578
-6.239472,50,6407.436697
-3.38978,50,6408.592677
-0.036887,1,6408.639568
-4.108956,50,6409.826758
-4.393982,50,6410.935872
-3.732702,50,6412.09185
-5.009399,50,6413.294698
-5.112106,50,6414.466292
-5.929794,50,6415.575408
-0.935172,11,6415.840974
-0.046141,1,6415.872216
-0.017626,1,6415.903455
-0.945767,13,6416.200266
-4.757392,50,6417.356243
-3.441849,50,6418.527844
-0.950794,18,6418.933994
-3.552301,50,6420.168079
-0.029017,1,6420.1837
-3.778904,50,6421.355299
-5.029579,50,6422.589385
-1.405575,19,6423.026788
-4.631144,50,6424.167144
-6.17578,50,6425.307496
-4.855674,50,6426.447857
-5.434243,50,6427.57259
-5.398302,50,6428.828233
-3.348364,50,6430.062318
-0.874698,13,6430.327884
-1.461449,16,6430.687172
-1.300611,16,6431.015223
-1.184775,15,6431.390135
-4.092322,50,6432.514871
-3.099831,50,6433.733332
-3.825368,50,6434.920585
-0.045159,1,6434.951795
-1.3386,13,6435.279844
-2.511464,50,6436.404581
-4.743704,50,6437.576184
-3.715148,50,6438.716536
-5.091005,50,6439.856896
-0.720531,9,6440.07559
-3.243543,50,6441.325298
-1.19575,19,6441.793939
-0.72391,10,6442.043878
-0.462586,8,6442.231339
-0.006851,1,6442.262578
-2.561258,50,6443.418561
-3.848573,50,6444.480812
-0.027907,1,6444.512049
-5.161723,50,6445.636786
-0.043394,1,6445.668067
-4.967478,50,6446.80839
-4.116849,50,6447.979988
-0.045326,1,6448.011229
-3.65074,50,6449.182826
-3.025698,50,6450.370052
-4.568616,50,6451.541649
-4.302292,50,6452.765953
-4.374318,50,6454.078807
-5.124614,50,6455.42871
-2.584442,50,6456.763558
-5.64224,50,6458.0923
-5.147933,50,6459.353833
-0.032735,1,6459.383569
-4.162475,50,6460.768987
-4.06013,50,6462.083931
-0.036739,1,6462.108858
-0.921468,14,6462.458673
-0.911778,12,6462.758705
-8.071746,50,6464.02087
-0.036205,1,6464.048599
-2.604769,35,6464.948576
-4.049412,50,6466.161715
-1.108375,12,6466.458835
-3.079674,50,6467.743915
-4.516575,50,6469.048498
-3.000205,50,6470.268764
-0.626894,12,6470.553904
-0.010667,1,6470.585151
-3.49181,50,6471.687908
-4.346349,50,6472.840033
-3.956428,50,6474.123126
-3.47751,50,6475.247864
-6.405623,50,6476.572423
-0.036228,1,6476.592549
-3.935752,50,6477.862571
-3.66595,50,6479.244524
-5.323264,50,6480.522357
-4.337224,50,6481.782753
-3.646619,50,6483.177477
-5.558089,50,6484.416942
-4.559357,50,6485.692418
-2.895345,50,6487.008818
-3.739103,50,6488.262389
-1.621365,24,6488.887306
-4.356557,50,6490.222363
-0.042818,1,6490.247318
-2.734536,50,6491.532339
-0.048344,1,6491.572594
-4.2673,50,6492.730844
-3.037512,50,6493.928838
-2.086237,23,6494.462483
-4.836267,50,6495.676317
-4.683281,50,6496.855394
-5.075759,50,6497.995752
-4.891771,50,6499.118255
-0.963966,12,6499.415059
-4.574924,50,6500.727254
-0.709161,10,6501.039679
-4.586275,50,6502.38315
-4.224809,50,6503.539097
-0.91798,12,6503.789037
-5.87069,50,6504.882525
-0.574734,11,6505.163709
-3.76224,50,6506.335308
-3.184875,50,6507.522534
-4.607721,50,6508.662892
-0.912452,11,6508.912829
-0.717053,10,6509.147149
-3.671789,50,6510.303129
-0.044169,1,6510.334372
-5.350267,50,6511.552837
-1.176617,23,6512.130826
-4.462682,50,6513.318048
-0.022703,1,6513.349286
-4.837113,50,6514.474026
-4.886492,50,6515.630002
-3.107149,50,6516.895327
-4.583039,50,6518.113793
-0.788953,14,6518.457467
-1.025343,10,6518.723028
-4.978523,50,6519.879002
-3.988631,50,6521.03498
-0.580702,11,6521.269301
-3.202752,50,6522.472143
-4.451735,50,6523.628122
-0.014543,1,6523.659365
-5.254988,50,6524.924692
-5.107113,48,6526.14316
-2.638002,50,6527.23665
-0.686859,11,6527.517836
-4.559261,50,6528.720676
-0.023372,1,6528.751924
-1.681248,19,6529.189317
-0.013053,1,6529.220558
-3.774177,50,6530.329676
-4.933903,50,6531.532521
-0.732603,10,6531.751214
-0.982298,11,6532.016777
-2.467607,42,6532.938438
-4.019182,50,6534.094419
-0.023305,1,6534.125661
-2.779597,50,6535.297256
-4.751607,50,6536.562587
-0.611388,11,6536.843769
-0.018217,1,6536.875014
-3.337099,50,6538.030988
-0.044078,1,6538.046611
-2.266462,33,6538.812057
-3.382763,50,6540.093006
-0.02675,1,6540.124251
-0.799554,14,6540.436677
-5.45832,50,6541.608274
-2.67235,50,6542.764256
-3.143231,50,6543.920231
-3.969576,50,6545.123075
-5.525487,50,6546.279052
-3.93095,50,6547.450653
-5.936948,50,6548.622252
-3.264494,50,6549.746988
-4.770709,50,6550.949829
-6.156754,50,6552.07457
-3.420849,50,6553.339897
-2.757492,50,6554.480253
-4.217454,50,6555.6831
-3.418546,50,6556.885938
-0.049257,1,6556.90156
-2.012084,27,6557.542033
-5.057554,50,6558.744877
-3.646012,50,6559.885231
-0.012762,1,6559.900853
-1.499754,15,6560.269988
-3.827667,50,6561.5978
-0.494931,8,6561.769631
-4.501174,50,6562.972475
-2.550962,50,6564.222182
-2.976303,50,6565.362539
-4.464432,50,6566.487274
-5.116436,50,6567.612013
-5.247876,50,6568.877337
-2.708938,50,6570.127044
-4.052053,50,6571.298649
-2.978119,50,6572.470246
-0.791943,11,6572.751426
-0.389133,7,6572.892022
-0.024087,1,6572.923264
-0.503984,8,6573.079479
-0.030034,1,6573.126338
-0.516333,9,6573.36066
-4.192743,50,6574.579124
-0.522744,9,6574.782199
-5.03184,50,6576.06146
-4.592383,50,6577.56586
-3.973073,50,6578.880629
-5.397701,50,6580.29501
-0.037777,1,6580.333832
-4.109612,50,6585.270467
-2.577834,50,6586.588226
-2.983485,50,6587.89554
-0.783034,12,6588.198415
-0.638281,10,6588.450491
-4.359225,50,6589.707878
-3.788828,50,6590.949147
-6.101204,50,6592.220647
-4.78781,50,6593.427218
-2.839015,50,6594.675377
-0.004825,1,6594.695495
-5.469411,50,6595.914581
-0.981639,11,6596.195609
-4.736523,50,6597.411152
-4.280045,50,6598.632625
-2.795874,50,6599.72417
-0.60675,11,6600.005344
-4.475411,50,6601.114462
-4.717133,50,6602.379789
-3.292239,50,6603.599777
-0.011194,1,6603.629775
-3.806508,50,6604.801381
-0.461748,8,6604.973218
-4.324676,50,6606.08233
-4.191001,50,6607.222685
-5.403809,50,6608.378662
-0.04793,1,6608.394285
-3.323534,50,6609.503402
-1.113876,13,6609.847066
-3.835418,50,6611.049912
-5.711241,50,6612.221513
-3.459145,49,6613.377487
-4.886749,50,6614.549127
-0.562197,9,6614.752167
-1.261784,13,6615.017732
-5.013481,50,6616.236192
-0.016843,1,6616.267435
-0.013424,1,6616.298677
-4.346329,50,6617.439035
-0.035655,1,6617.470279
-0.030365,1,6617.501519
-0.719542,10,6617.75146
-3.899964,50,6618.923064
-2.968676,33,6619.6729
-0.417003,8,6619.860341
-4.726346,50,6621.063184
-0.044138,1,6621.094425
-1.112207,16,6621.453719
-5.000073,50,6622.609694
-6.05829,50,6623.750051
-0.038639,1,6623.781294
-0.033955,1,6623.796916
-0.025444,1,6623.828158
-4.076702,50,6624.98414
-0.045357,1,6624.99976
-4.772566,50,6626.171397
-2.1644,34,6626.952424
-3.306654,50,6628.092782
-5.479634,50,6629.233142
-4.906506,50,6630.435986
-4.160542,50,6631.560718
-4.956955,50,6632.76356
-5.275152,50,6633.966405
-1.017265,12,6634.231965
-1.209896,14,6634.591257
-5.292126,50,6635.799684
-0.997542,13,6636.096492
-0.954567,12,6636.408918
-5.002432,50,6637.786967
-0.047927,1,6637.811652
-0.024221,1,6637.841899
-1.213132,15,6638.226762
-1.028672,11,6638.53213
-4.282704,50,6639.921995
-0.837623,11,6640.193325
-6.505388,50,6641.706666
-4.926422,50,6643.058861
-3.950686,50,6644.402096
-3.296489,50,6645.695731
-1.760834,21,6646.243745
-0.90418,11,6646.551881
-0.043538,1,6646.577
-4.937304,50,6647.891687
-0.981276,11,6648.171764
-4.815601,50,6649.512068
-4.625649,50,6650.659427
-0.042862,1,6650.679561
-4.669727,50,6651.948429
-0.039006,1,6651.978747
-4.230839,50,6653.146845
-0.862902,11,6653.408937
-5.641686,50,6654.65689
-0.030727,1,6654.672509
-1.239496,13,6654.984935
-0.016107,1,6655.00056
-4.255155,50,6656.265885
-0.018261,1,6656.297125
-1.374394,14,6656.609557
-3.783871,50,6657.781157
-0.048636,1,6657.812399
-2.071826,25,6658.406007
-4.644912,50,6659.591248
-5.946766,50,6660.715978
-0.778639,10,6660.9503
-0.023407,1,6660.997163
-3.364801,50,6662.137519
-4.356485,50,6663.30912
-0.012551,1,6663.340364
-2.959492,50,6664.480724
-3.801683,50,6665.638717
-2.626377,50,6666.841561
-0.018439,1,6666.857186
-3.768764,50,6668.044406
-0.029403,1,6668.060027
-0.713003,13,6668.356829
-4.82632,50,6669.622155
-0.046648,1,6669.653399
-6.285894,50,6670.856245
-5.583398,50,6672.012222
-5.450961,50,6673.121336
-0.739906,12,6673.418141
-0.36924,7,6673.574361
-0.030396,1,6673.58998
-0.509932,9,6673.808672
-3.258543,50,6674.995898
-3.393552,50,6676.198738
-1.264088,24,6676.729863
-0.036594,1,6676.745483
-5.433589,50,6677.901462
-4.854584,50,6679.135547
-0.04115,1,6679.151173
-0.759545,10,6679.36987
-0.045825,1,6679.416731
-3.336054,50,6680.635234
-1.028743,11,6680.86952
-5.733784,50,6682.119225
-3.52873,50,6683.275203
-3.892953,50,6684.478043
-3.932436,50,6685.649644
-2.93006,50,6686.852493
-0.893697,11,6687.118052
-0.0261,1,6687.133672
-3.790848,50,6688.336515
-2.943797,50,6689.539354
-2.661568,45,6690.679713
-0.048354,1,6690.695334
-5.916393,50,6691.913796
-4.204913,50,6693.027299
-0.049549,1,6693.074158
-4.737476,50,6694.183278
-3.617072,50,6695.490419
-4.451421,50,6696.646395
-6.401689,50,6697.802406
-1.305872,14,6698.130424
-0.043958,1,6698.146044
-3.682168,50,6699.364508
-4.961085,50,6700.567349
-0.021054,1,6700.598592
-4.446641,50,6701.707707
-0.015728,1,6701.723328
-0.036381,1,6701.75457
-6.419876,50,6702.957414
-0.048226,1,6702.988655
-0.422739,8,6703.176116
-1.037373,12,6703.457299
-0.04261,1,6703.48854
-4.169388,50,6704.628899
-0.814983,11,6704.87884
-3.950724,50,6706.097298
-0.043528,1,6706.128543
-6.25014,50,6707.425115
-1.822547,25,6708.362394
-0.044161,1,6708.409257
-5.109821,50,6709.705832
-3.324331,50,6710.799325
-4.793557,50,6712.002164
-4.141309,50,6713.189385
-4.189001,50,6714.37661
-5.170205,50,6715.516968
-3.950098,50,6716.641699
-0.044236,1,6716.688563
-3.96017,50,6717.797678
-1.330055,15,6718.110107
-3.78706,50,6719.32862
-3.443314,50,6720.562654
-0.575003,9,6720.828215
-3.157806,50,6722.03106
-4.449865,50,6723.233904
-2.801629,50,6724.405502
-0.032894,1,6724.436744
-0.028106,1,6724.467985
-1.12531,14,6724.827316
-4.624507,50,6726.014501
-3.695846,50,6727.201719
-1.396878,25,6727.77971
-5.012376,50,6728.888823
-5.568139,50,6730.044801
-0.010251,1,6730.076044
-0.688492,10,6730.294742
-6.009444,50,6731.388235
-4.866523,50,6732.559839
-0.939535,17,6732.965989
-3.413038,50,6734.184455
-7.319893,50,6735.340436
-5.732634,50,6736.49641
-3.324095,50,6737.714879
-3.217867,50,6738.823992
-0.505915,9,6739.058312
-4.420774,50,6740.183044
-1.27919,24,6740.776659
-4.644209,50,6741.854528
-0.023604,1,6741.885773
-1.073476,11,6742.151332
-4.583431,50,6743.354177
-5.162928,50,6744.510153
-0.025106,1,6744.541396
-4.237641,50,6745.74424
-0.040978,1,6745.775487
-0.045358,1,6745.791107
-4.326969,50,6746.962703
-3.657875,50,6748.134306
-0.017599,1,6748.165545
-5.752366,50,6749.29028
-0.664018,9,6749.555845
-4.671931,50,6750.805552
-4.643185,50,6751.97715
-2.873063,50,6753.179991
-3.59404,50,6754.429701
-0.75936,15,6754.80461
-0.042761,1,6754.835871
-0.02605,1,6754.851477
-0.038033,1,6754.882719
-0.462178,8,6755.070171
-0.043,1,6755.101416
-4.194326,50,6756.210531
-0.027325,1,6756.226152
-4.970164,50,6757.38213
-4.740091,50,6758.538109
-0.744778,10,6758.772432
-3.37835,50,6759.975271
-3.79016,50,6761.146871
-5.580137,50,6762.380962
-4.318401,50,6763.458832
-0.030121,1,6763.474452
-0.006722,1,6763.505694
-0.566472,9,6763.740013
-0.029462,1,6763.755632
-4.553446,50,6764.927238
-0.020979,1,6764.942858
-5.373186,50,6766.11446
-4.211514,50,6767.207947
-4.770785,50,6768.410794
-0.678585,10,6768.645112
-3.52208,50,6769.863571
-5.383816,50,6771.082038
-2.983497,50,6772.347364
-0.737613,10,6772.581688
-0.039105,1,6772.59731
-1.509399,30,6773.284648
-0.034207,1,6773.315892
-0.768598,10,6773.55021
-3.976021,50,6774.674948
-1.447253,16,6775.034235
-0.035421,1,6775.065478
-6.616303,50,6776.205837
-4.327531,50,6777.393058
-3.392336,50,6778.502174
-4.308592,50,6779.673774
-0.030524,1,6779.720642
-4.930345,50,6780.892236
-2.882804,50,6782.110696
-3.753165,50,6783.235436
-3.823836,50,6784.485181
-5.138637,50,6785.719225
-0.033343,1,6785.734848
-2.442526,27,6786.640884
-0.977536,10,6787.031417
-3.949761,50,6788.343608
-4.374356,50,6789.562075
-5.381994,50,6790.733671
-0.022434,1,6790.780535
-1.204247,18,6791.171072
-0.048103,1,6791.202312
-0.036231,1,6791.217932
-0.046073,1,6791.249213
-4.786649,50,6792.405157
-0.459433,8,6792.623852
-5.981083,50,6793.842319
-3.59796,50,6795.029537
-5.016718,50,6796.216758
-0.026362,1,6796.248005
-0.699738,9,6796.451078
-2.941232,50,6797.65392
-6.662258,50,6798.841142
-5.030079,50,6800.043985
-4.736021,50,6801.340556
-5.83837,50,6802.543397
-4.449608,50,6803.761861
-4.12916,50,6804.933461
-2.72105,37,6805.839497
-3.839355,50,6806.979856
-3.268394,50,6808.088973
-0.297685,6,6808.229566
-3.370665,50,6809.38554
-5.827661,50,6810.510274
-0.443533,8,6810.682111
-5.655107,50,6811.775608
-2.77985,48,6812.900343
-2.545419,29,6813.6033
-4.679751,50,6814.88425
-2.659011,50,6816.102715
-2.648229,50,6817.227452
-2.787979,50,6818.44592
-5.057004,50,6819.648754
-4.674384,50,6820.773492
-0.698777,11,6820.992193
-4.961704,50,6822.16379
-0.389346,7,6822.351278
-1.778702,21,6822.851129
-3.578741,50,6824.085216
-2.649432,50,6828.240488
-1.584992,25,6828.787235
-5.121067,50,6829.92759
-4.158835,50,6831.146057
-0.953668,16,6831.505346
-4.189666,50,6832.723823
-3.861674,50,6833.973519
-0.395884,7,6834.114111
-3.754102,50,6835.254469
-4.366603,50,6836.472931
-4.060171,50,6837.644533
-0.044674,1,6837.675774
-0.049705,1,6837.707018
-2.943808,50,6838.878613
-4.681623,50,6840.050213
-0.046648,1,6840.065834
-4.806934,50,6841.237437
-4.100247,50,6842.455898
-3.189941,50,6843.627498
-0.910495,15,6843.986789
-4.764818,50,6845.15839
-1.364948,17,6845.564543
-0.026321,1,6845.580165
-3.17005,50,6846.814248
-4.942087,50,6848.048335
-5.875541,50,6849.282419
-0.032917,1,6849.298041
-0.035674,1,6849.329289
-4.338719,50,6850.516505
-4.646409,50,6851.703758
-1.828308,27,6852.328579
-0.048541,1,6852.359822
-0.29648,6,6852.500416
-4.330602,50,6853.609532
-5.475208,50,6854.765506
-5.267379,50,6855.890247
-0.046027,1,6855.921484
-6.360481,50,6857.046225
-0.925334,10,6857.249303
-9.305051,50,6858.405282
-3.461525,50,6859.561255
-3.687139,50,6860.84221
-0.041397,1,6860.873447
-0.030701,1,6860.889068
-3.7951,50,6862.076329
-1.356114,23,6862.638662
-3.891666,50,6863.857121
-0.009156,1,6863.888365
-4.824249,50,6865.091211
-0.029633,1,6865.122449
-0.046351,1,6865.138075
-0.372155,7,6865.294291
-4.318024,50,6866.481504
-4.79031,50,6867.684349
-0.529424,11,6867.949912
-1.202717,13,6868.231093
-4.654502,50,6869.387074
-4.945034,50,6870.558674
-3.156726,50,6871.761515
-3.812563,50,6872.964358
-3.340017,50,6874.120347
-4.49701,50,6875.307557
-0.039626,1,6875.323182
-0.588574,9,6875.57312
-0.011049,1,6875.619983
-4.478041,50,6876.729099
-3.325143,50,6877.822593
-4.66792,50,6879.025436
-4.777276,50,6880.228277
-0.589743,9,6880.509463
-0.776564,10,6880.790648
-4.526894,50,6881.993488
-3.603881,50,6883.243193
-0.030529,1,6883.274436
-6.5942,50,6884.446035
-0.490163,8,6884.649114
-3.96171,50,6885.820719
-2.856834,50,6887.086045
-4.352245,50,6888.226398
-5.17785,50,6889.319896
-5.970137,50,6890.507114
-4.111909,50,6891.741202
-5.0071,50,6892.881557
-3.231277,50,6894.100017
-4.43868,50,6895.271622
-0.019383,1,6895.302865
-4.457443,50,6896.583813
-0.037225,1,6896.599437
-0.427455,8,6896.78689
-1.809253,24,6897.318012
-5.184765,50,6898.489644
-4.73848,50,6899.692461
-3.65889,50,6900.957787
-0.31359,6,6901.082754
-0.018858,1,6901.098376
-4.409801,50,6902.316838
-3.70548,50,6903.457199
-5.772734,50,6904.628799
-4.082955,50,6905.769154
-0.027926,1,6905.80041
-0.634126,9,6906.019094
-2.567491,50,6907.128211
-0.04355,1,6907.143834
-0.023976,1,6907.15945
-0.012577,1,6907.190693
-0.801422,10,6907.440636
-8.364626,50,6908.534132
-3.88676,50,6909.783836
-5.174885,50,6910.955436
-4.994486,50,6912.064549
-4.960628,50,6913.158042
-4.843589,50,6914.360888
-0.881511,10,6914.579587
-3.416419,50,6915.938639
-3.790134,50,6917.172725
-3.229948,50,6918.297459
-0.945276,11,6918.563022
-1.64392,27,6919.187878
-0.388197,7,6919.344088
-0.599405,9,6919.547168
-0.030516,1,6919.57841
-0.796296,15,6919.937702
-3.422552,50,6921.171788
-0.635629,10,6921.374866
-5.101664,50,6922.562086
-1.670951,23,6923.108834
-6.041626,50,6924.264808
-0.046692,1,6924.28043
-4.657254,50,6925.467656
-6.37363,50,6926.608012
-4.518617,50,6927.763986
-3.612721,50,6929.029317
-0.794222,10,6929.26364
-7.15048,50,6930.482098
-5.580496,50,6931.731807
-7.060062,50,6932.934651
-5.152612,50,6934.106246
-7.467279,50,6935.277845
-0.037414,1,6935.293468
-0.042492,1,6935.309095
-0.606018,11,6935.559031
-0.044348,1,6935.590273
-3.673535,50,6936.8556
-4.77256,50,6938.042826
-0.682753,9,6938.261525
-2.802454,50,6939.448745
-2.674695,50,6940.667206
-6.476752,50,6941.823187
-0.045596,1,6941.85443
-0.819554,10,6942.088747
-5.312054,50,6943.275968
-5.589019,50,6944.338219
-4.170578,50,6945.572305
-3.68878,50,6946.806391
-0.028231,1,6946.822016
-0.032712,1,6946.853253
-6.069794,50,6947.97799
-3.392843,50,6949.196455
-0.041524,1,6949.21208
-3.674523,50,6950.383676
-4.033494,50,6951.617762
-0.007653,1,6951.633384
-3.256064,50,6952.773769
-5.387119,50,6953.976579
-5.365126,50,6955.14818
-3.665688,50,6956.351021
-4.383509,50,6957.522621
-0.525008,9,6957.74132
-0.005569,1,6957.756945
-5.217956,50,6958.944163
-0.721412,11,6959.225351
-4.71655,50,6960.396951
-0.349293,7,6960.568781
-4.99565,50,6961.724766
-5.360964,50,6962.818257
-4.589092,50,6964.021098
-4.262825,50,6965.23956
-6.453924,50,6966.379919
-2.736972,50,6967.614007
-0.044472,1,6967.629626
-2.841022,50,6968.816847
-4.322867,50,6969.925961
-3.704309,50,6971.066314
-0.560932,11,6971.347504
-0.364746,7,6971.519338
-6.157857,50,6972.65969
-3.656478,50,6973.862536
-0.529383,9,6974.081232
-4.074215,50,6975.221589
-4.028877,50,6976.361947
-0.043332,1,6976.377569
-5.025049,50,6977.502304
-0.009335,1,6977.53355
-1.170145,14,6977.830352
-0.046057,1,6977.861595
-0.037468,1,6977.877218
-0.031447,1,6977.908459
-0.039665,1,6977.939701
-4.717371,50,6979.111301
-4.669926,50,6980.282905
-0.648458,9,6980.5016
-0.026711,1,6980.517222
-0.029725,1,6980.532844
-0.969386,12,6980.798409
-0.874623,13,6981.079594
-1.464108,26,6981.673199
-0.650576,9,6981.860661
-1.183648,12,6982.126222
-1.142293,11,6982.407403
-4.823641,50,6983.610248
-4.676185,50,6984.703737
-5.821897,50,6985.875337
-3.888721,50,6987.046937
-1.504832,18,6987.43747
-3.180135,50,6988.562205
-5.29447,50,6989.936885
-2.857668,50,6991.186594
-0.642775,9,6991.405288
-6.696702,50,6992.545645
-2.603578,50,6993.764113
-4.209068,50,6995.04506
-0.044153,1,6995.060683
-0.644856,9,6995.263757
-3.967339,50,6996.419735
-0.009576,1,6996.450978
-0.618888,9,6996.654055
-0.03523,1,6996.669677
-1.508439,24,6997.232049
-0.033981,1,6997.263297
-0.620245,9,6997.450746
-0.014704,1,6997.481989
-0.376995,7,6997.6382
-4.87841,50,6998.841044
-1.799886,17,6999.200333
-3.260168,50,7000.387554
-0.0465,1,7000.418797
-4.565979,50,7001.527911
-0.044517,1,7001.559154
-1.142467,13,7001.855959
-3.600775,50,7003.074433
-0.031057,1,7003.105666
-1.101291,15,7003.464957
-4.35312,50,7004.620939
-4.883727,50,7005.792575
-3.708385,50,7006.979755
-0.037701,1,7006.99538
-4.844008,50,7008.16698
-3.884793,50,7009.322954
-0.0264,1,7009.3542
-1.015639,18,7009.760352
-0.852153,10,7009.963431
-3.894837,50,7011.166275
-0.047666,1,7011.197515
-4.236397,39,7012.10359
-0.762423,14,7012.415979
-5.951,50,7013.603206
-2.987659,50,7014.79042
-0.383462,7,7014.946634
-0.015509,1,7014.962255
-1.812962,18,7015.352792
-0.027126,1,7015.384038
-0.029314,1,7015.399654
-0.024214,1,7015.415274
-2.542713,50,7016.633739
-2.337646,33,7017.430426
-0.030234,1,7017.446048
-4.439961,50,7018.617648
-6.166512,50,7019.758004
-0.047675,1,7019.789247
-0.045311,1,7019.820489
-2.501845,37,7020.64842
-0.808016,11,7020.88274
-0.612732,9,7021.132681
-0.776159,10,7021.351384
-1.564875,23,7021.92937
-5.743419,50,7023.100971
-2.474774,27,7023.741448
-0.586574,9,7023.928899
-3.837129,50,7025.100499
-0.965467,11,7025.366062
-0.55071,9,7025.584761
-1.252634,15,7025.92843
-0.043067,1,7025.959672
-0.04483,1,7025.975295
-5.302507,50,7027.162519
-2.047643,32,7027.974829
-0.01651,1,7028.006067
-0.028449,1,7028.02169
-3.392508,50,7029.193288
-0.013308,1,7029.224535
-4.918318,50,7030.411756
-1.692495,18,7030.849164
-3.087876,50,7032.036371
-1.082091,14,7032.364419
-3.965813,50,7033.489156
-0.392319,7,7033.645366
-0.044798,1,7033.67661
-0.96744,13,7033.957798
-4.983759,50,7035.113777
-5.21596,50,7036.316615
-5.271929,50,7037.456972
-0.019862,1,7037.472595
-1.342635,17,7037.878747
-5.044932,50,7039.019109
-4.668411,50,7040.25319
-0.022815,1,7040.268814
-1.700878,17,7040.674969
-2.934729,50,7041.862191
-5.154547,50,7043.033792
-1.393109,18,7043.471184
-0.470194,7,7043.658645
-0.465571,8,7043.83048
-1.310249,17,7044.236685
-0.0486,1,7044.252256
-1.077143,13,7044.549055
-5.263431,50,7045.705041
-0.042033,1,7045.751899
-4.902002,50,7046.93912
-0.314139,6,7047.064092
-4.752832,50,7048.251312
-0.034117,1,7048.282555
-6.32268,50,7049.532272
-0.807447,11,7049.782202
-1.262097,16,7050.172739
-1.315518,15,7050.532028
-1.790566,25,7051.125638
-4.423452,50,7052.312859
-0.008072,1,7052.3441
-0.038907,1,7052.375344
-0.011935,1,7052.406586
-3.433748,50,7053.609431
-1.49102,19,7054.031206
-1.853415,18,7054.499846
-5.483845,50,7055.655823
-6.324925,50,7056.811834
-2.341914,30,7057.45228
-6.103562,50,7058.67074
-4.717008,50,7059.889208
-0.517331,9,7060.092286
-1.524707,20,7060.639031
-5.720523,50,7061.857496
-0.993645,11,7062.107432
-0.04187,1,7062.123054
-0.033001,1,7062.1543
-1.066042,13,7062.482348
-3.428788,50,7066.137788
-4.320452,50,7067.403067
-3.799046,40,7068.340343
-3.198932,50,7069.574428
-0.02719,1,7069.605673
-0.463966,8,7069.79313
-4.321315,50,7070.980348
-3.605104,50,7072.198816
-0.45524,8,7072.401941
-0.683951,10,7072.636214
-0.040768,1,7072.651833
-0.043606,1,7072.683075
-4.217604,50,7073.885916
-9.422331,50,7075.0419
-0.866713,11,7075.291837
-4.026077,50,7076.416575
-5.392761,50,7077.619415
-1.352225,15,7077.97871
-0.040948,1,7077.994332
-0.316543,6,7078.150538
-5.405904,50,7079.32214
-0.68354,10,7079.572082
-0.77941,11,7079.822026
-3.77768,50,7080.962383
-0.509681,8,7081.149838
-1.101589,11,7081.415403
-2.777546,50,7082.61824
-13.480634,50,7083.758597
-0.027348,1,7083.789841
-4.707209,50,7085.023948
-4.390461,50,7086.195529
-6.414233,50,7087.367129
-0.501119,8,7087.55458
-4.379691,50,7088.773047
-0.96548,17,7089.163579
-3.01513,50,7090.382046
-0.021412,1,7090.397664
-5.018836,50,7091.60051
-7.697382,50,7092.787727
-0.489379,8,7092.990804
-0.77919,10,7093.209507
-3.058166,50,7094.427968
-4.520642,50,7095.583947
-0.445935,8,7095.787026
-0.040976,1,7095.833886
-3.884863,50,7097.036731
-2.248432,23,7097.552236
-4.617958,50,7098.755076
-0.018463,1,7098.786317
-0.531025,8,7098.958153
-5.240921,50,7100.17662
-1.33861,24,7100.801468
-1.660113,21,7101.28573
-3.007216,50,7102.457331
-4.143366,50,7103.628933
-0.025124,1,7103.660177
-0.042554,1,7103.691453
-1.447064,20,7104.113195
-0.038809,1,7104.144436
-4.283911,50,7105.284792
-4.812485,50,7106.487633
-5.227035,50,7107.627994
-3.127913,35,7108.424683
-0.048357,1,7108.471555
-0.970516,12,7108.737109
-0.845466,11,7108.987052
-4.564857,50,7110.158648
-3.960946,50,7111.392731
-4.444592,50,7112.548712
-4.248549,50,7113.735931
-5.526242,50,7114.923154
-5.492954,50,7116.110372
-0.830729,10,7116.344697
-3.542148,50,7117.516297
-0.600012,9,7117.734997
-3.242382,50,7118.937839
-0.797457,16,7119.297125
-2.803734,50,7120.49997
-2.869519,50,7121.702814
-0.535487,9,7121.905887
-0.596246,10,7122.108964
-4.634542,50,7123.249326
-4.753286,50,7124.436543
-0.534985,8,7124.608377
-0.518175,9,7124.811455
-0.029605,1,7124.827077
-2.137711,31,7125.576899
-6.668889,50,7126.764124
-0.824926,9,7126.951584
-0.672409,10,7127.185901
-6.716095,50,7128.404364
-4.67263,50,7129.622828
-2.748624,50,7130.888152
-0.03142,1,7130.919394
-6.266707,50,7132.10662
-0.282719,6,7132.262832
-3.961126,50,7133.41881
-1.463097,20,7133.871834
-4.648418,50,7135.043426
-3.962133,50,7136.261893
-1.425271,15,7136.636804
-2.735396,50,7137.886508
-3.509101,50,7139.026865
-0.030776,1,7139.058149
-6.108281,50,7140.292194
-3.075965,37,7141.166987
-0.507764,8,7141.370065
-0.765006,12,7141.635631
-4.048069,50,7142.760367
-4.481754,50,7143.931965
-0.466275,8,7144.103801
-0.047615,1,7144.135041
-0.037268,1,7144.150666
-0.971472,12,7144.416225
-0.936227,12,7144.697416
-1.194618,17,7145.103564
-1.252997,14,7145.447233
-3.603151,50,7146.634454
-3.277679,50,7147.852918
-0.032808,1,7147.899782
-4.777347,50,7149.087003
-1.443922,15,7149.446295
-3.222967,50,7150.602276
-2.935739,34,7151.430202
-5.08285,50,7152.695536
-1.448513,21,7153.195412
-0.045099,1,7153.211035
-0.868975,12,7153.492219
-0.649296,9,7153.695299
-0.049038,1,7153.710923
-0.79667,10,7153.945236
-0.553873,8,7154.179557
-0.041401,1,7154.195179
-0.41631,8,7154.382637
-0.039544,1,7154.398258
-1.89051,20,7154.898137
-0.021614,1,7154.91376
-5.487225,50,7156.250093
-4.908334,50,7157.702837
-1.945519,27,7158.427759
-0.535212,9,7158.65795
-0.035682,1,7158.687653
-6.296657,50,7159.982902
-0.652721,8,7160.202543
-3.521957,50,7161.688084
-5.295717,50,7162.992629
-4.628735,50,7164.274097
-1.08424,14,7164.64276
-2.531214,50,7165.93296
-0.013977,1,7165.962942
-1.46934,16,7166.372962
-5.315918,50,7167.667758
-0.655612,11,7167.93293
-3.838666,50,7169.234037
-5.726074,50,7170.502852
-4.824097,50,7171.689603
-0.013044,1,7171.709714
-0.049037,1,7171.737835
-0.043437,1,7171.757941
-0.726471,10,7171.98183
-0.934692,11,7172.243651
-7.458584,50,7173.482279
-0.86668,10,7173.7119
-1.694449,26,7174.37757
-0.646521,8,7174.549413
-4.523199,50,7175.721011
-0.620653,9,7175.908468
-3.163331,50,7177.158179
-2.223033,22,7177.651374
-4.753852,50,7178.869838
-4.334245,50,7180.088304
-0.032131,1,7180.119545
-0.635561,9,7180.35387
-0.928585,11,7180.572564
-5.845829,50,7181.837891
-4.749452,50,7183.040734
-0.047885,1,7183.071976
-3.883649,50,7184.227959
-0.023989,1,7184.24358
-5.088326,50,7185.462039
-0.811755,13,7185.758845
-5.470349,50,7186.961691
-5.647267,50,7188.133287
-1.308582,15,7188.47696
-1.049548,15,7188.820627
-3.737617,50,7189.99223
-0.379394,7,7190.16406
-3.23104,50,7191.491872
-3.049368,50,7192.897793
-5.449141,50,7194.053776
-0.047219,1,7194.085015
-3.3434,46,7195.162887
-3.983752,50,7196.412596
-4.125145,50,7197.521712
-3.198939,50,7198.740175
-3.477713,50,7199.958636
-7.746677,50,7201.036512
-5.71305,50,7202.270592
-2.83959,50,7203.504677
-0.027716,1,7203.535921
-0.707269,10,7203.754622
-0.044094,1,7203.770244
-0.024196,1,7203.785864
-2.892838,50,7205.019946
-0.039843,1,7205.035567
-5.195603,50,7206.238414
-2.74272,50,7207.425631
-0.046304,1,7207.456875
-0.036339,1,7207.472497
-0.009355,1,7207.50374
-0.035488,1,7207.519362
-0.987451,12,7207.800545
-0.045389,1,7207.816165
-0.767403,11,7208.066106
-3.731919,50,7209.300191
-0.019527,1,7209.331434
-0.046697,1,7209.347058
-1.329804,17,7209.72197
-0.040079,1,7209.73759
-0.837681,10,7210.00315
-0.869298,13,7210.315578
-4.66861,50,7211.58091
-4.631048,50,7212.783747
-0.484173,7,7212.955582
-2.541378,27,7213.580436
-3.316644,50,7214.720792
-0.644311,10,7214.939492
-0.040969,1,7214.970741
-1.191513,14,7215.314402
-3.445792,50,7216.501628
-2.632559,50,7217.720088
-0.936097,11,7217.985652
-4.36585,50,7219.266603
-0.015148,1,7219.282227
-4.380713,50,7220.469445
-0.94486,16,7220.859976
-2.200461,30,7221.547318
-1.828099,23,7222.125305
-3.633868,50,7223.234419
-0.571822,9,7223.468738
-4.255579,50,7224.640338
-5.600194,50,7225.843182
-4.592203,50,7226.99916
-0.529561,8,7227.202239
-4.105782,50,7228.405079
-8.814582,50,7229.498572
-0.03592,1,7229.529814
-1.158041,13,7229.935968
-4.932215,50,7231.045085
-0.040151,1,7231.076326
-0.666309,9,7231.248161
-0.047596,1,7231.279405
-4.509494,50,7232.482247
-5.933309,50,7233.669467
-0.677395,9,7233.872586
-3.008763,50,7234.997284
-0.910562,11,7235.294087
-1.338519,18,7235.684623
-4.470247,50,7236.840602
-5.042755,50,7238.105926
-4.406957,50,7239.293147
-3.956463,50,7240.511608
-3.311609,50,7241.730074
-0.035987,1,7241.761318
-4.089464,50,7242.932916
-1.147825,14,7243.260964
-0.838502,12,7243.526531
-4.132969,50,7244.744993
-1.363607,19,7245.198009
-0.47105,7,7245.369844
-2.544982,26,7245.994697
-0.031014,1,7246.025942
-4.164247,50,7247.275651
-1.364574,14,7247.603701
-0.032193,1,7247.619321
-4.932743,50,7248.728434
-2.015925,29,7249.400151
-4.288551,50,7250.524883
-1.917605,21,7251.024765
-4.60566,50,7252.19637
-0.295494,6,7252.336958
-0.462663,8,7252.540037
-0.016433,1,7252.57128
-3.84942,50,7253.649153
-0.026274,1,7253.66477
-4.807021,50,7255.055069
-4.688488,50,7256.179805
-4.986064,50,7257.367031
-0.572212,9,7257.570104
-0.018497,1,7257.601346
-0.881531,11,7257.866911
-1.775688,17,7258.257447
-1.162582,12,7258.507384
-0.401699,7,7258.663601
-0.453023,8,7258.835431
-0.782051,10,7259.085377
-4.680002,50,7260.225729
-0.035251,1,7260.256974
-0.034428,1,7260.272594
-1.217862,14,7260.616267
-0.040211,1,7260.631889
-4.748865,50,7261.834731
-4.575047,50,7263.03757
-0.016304,1,7263.068816
-0.456013,8,7263.240648
-0.044846,1,7263.271896
-6.300141,50,7264.505974
-0.048324,1,7264.537222
-3.349062,50,7265.70882
-0.014156,1,7265.724438
-0.299465,6,7265.865034
-1.343007,17,7266.255567
-4.723658,50,7267.380303
-4.325592,50,7268.567528
-7.31546,50,7269.707879
-0.495667,8,7269.910954
-6.046779,50,7271.098177
-1.643928,18,7271.566816
-0.957531,12,7271.848039
-4.669818,50,7273.019604
-1.005993,17,7273.410132
-4.847155,50,7274.581735
-0.047538,1,7274.597358
-3.787824,50,7275.737712
-1.865536,21,7276.253215
-3.279907,50,7277.409194
-5.128927,50,7278.56517
-6.004096,50,7279.877366
-1.472614,15,7280.252278
-0.426686,8,7280.439736
-5.22005,50,7281.564468
-3.950886,50,7282.782931
-4.926423,50,7283.892047
-0.030439,1,7283.923289
-4.242922,50,7285.094887
-0.713342,9,7285.297968
-0.043391,1,7285.329209
-1.119009,12,7285.594771
-0.044146,1,7285.626016
-0.038837,1,7285.657256
-5.611602,50,7286.766373
-6.268053,50,7288.016076
-4.746813,50,7289.203299
-0.428035,7,7289.390757
-5.685164,50,7290.593602
-0.024189,1,7290.624839
-0.964767,12,7290.906024
-0.006574,1,7290.93727
-4.548154,50,7292.14015
-5.05435,50,7293.269221
-3.262853,50,7294.40958
-4.542331,50,7295.560575
-5.881414,50,7296.700929
-2.058623,25,7297.325785
-4.665925,50,7298.513006
-0.043344,1,7298.544248
-3.008942,50,7299.731467
-0.027739,1,7299.747092
-5.584084,50,7300.996797
-0.467461,8,7301.184251
-0.034058,1,7301.199875
-0.006498,1,7301.215496
-0.36305,7,7301.37171
-0.900182,13,7301.668513
-0.047974,1,7301.699754
-0.888889,11,7301.965318
-4.38134,50,7303.152542
-0.013758,1,7303.183781
-1.433718,15,7303.527453
-4.797074,50,7304.636568
-1.012814,14,7304.948991
-3.953691,50,7309.041785
-0.01624,1,7309.073025
-0.992691,11,7309.307346
-4.584169,50,7310.478946
-0.534612,10,7310.744505
-0.864487,14,7311.072555
-0.026403,1,7311.088175
-0.041542,1,7311.119418
-3.69523,50,7312.33788
-1.278114,14,7312.634689
-0.846941,11,7312.88463
-3.317435,50,7314.024985
-1.418285,15,7314.368653
-0.043776,1,7314.384274
-0.049172,1,7314.399898
-0.992986,11,7314.64984
-0.048287,1,7314.681102
-0.431384,7,7314.837296
-4.764862,50,7316.071378
-0.871858,12,7316.336943
-0.64538,8,7316.524397
-4.840125,50,7317.695998
-3.37559,50,7318.898843
-2.501866,50,7320.117304
-0.04764,1,7320.148547
-0.644349,8,7320.336035
-4.886815,50,7321.460737
-0.718781,9,7321.663815
-1.122216,14,7321.976245
-1.581281,17,7322.366775
-0.949594,12,7322.647963
-1.451742,17,7323.038492
-0.882736,16,7323.429028
-5.528336,50,7324.585005
-0.669971,8,7324.788084
-5.641718,50,7325.944059
-0.8766,11,7326.225245
-6.166138,50,7327.381224
-0.043012,1,7327.396848
-6.762941,50,7328.552821
-5.624372,50,7329.708802
-1.84161,23,7330.239926
-0.383043,7,7330.39614
-5.143226,50,7331.598983
-3.975454,50,7332.754959
-0.960059,12,7333.083013
-3.547465,50,7334.254607
-4.903683,50,7335.426211
-0.550872,8,7335.613664
-3.539478,37,7336.535321
-0.578434,9,7336.738398
-4.575834,50,7337.941244
-1.794244,23,7338.441127
-0.542907,8,7338.628582
-0.043945,1,7338.644202
-0.035423,1,7338.675445
-0.043884,1,7338.706688
-3.025287,50,7339.847045
-1.375702,16,7340.221956
-5.182632,50,7341.440423
-0.776041,10,7341.721604
-2.56139,50,7342.877584
-0.897972,11,7343.127528
-4.091759,50,7344.314749
-1.256133,13,7344.642792
-0.946125,14,7344.955224
-3.278784,50,7346.111199
-0.026569,1,7346.142442
-0.045831,1,7346.173683
-0.040701,1,7346.204931
-0.020713,1,7346.220551
-0.375407,7,7346.376761
-0.023091,1,7346.408009
-5.126687,50,7347.595226
-4.462528,50,7348.766824
-0.021291,1,7348.782446
-1.522566,18,7349.219842
-3.441758,37,7350.016531
-1.62083,17,7350.422685
-0.048799,1,7350.453928
-0.043841,1,7350.485175
-0.768436,10,7350.719498
-4.963052,50,7351.953579
-4.42031,50,7353.140798
-0.028605,1,7353.172047
-4.271627,50,7354.296807
-3.484433,50,7355.437137
-0.038535,1,7355.45276
-1.635579,22,7355.999504
-4.617804,50,7357.217963
-4.564253,50,7358.373946
-0.03236,1,7358.40519
-4.995454,50,7360.123533
-4.243196,50,7361.310753
-0.036507,1,7361.326374
-3.332694,50,7362.576087
-0.044159,1,7362.607323
-3.556837,50,7363.74768
-0.640435,8,7363.935147
-0.49196,7,7364.075729
-0.039423,1,7364.106973
-0.009785,1,7364.138213
-3.403834,50,7365.262952
-3.963117,50,7366.481418
-0.043413,1,7366.528282
-0.042038,1,7366.543911
-6.449052,50,7367.793605
-4.532954,50,7368.902726
-0.538007,8,7369.090178
-4.775459,50,7370.277402
-0.048808,1,7370.293021
-1.869628,25,7370.886633
-2.689259,50,7371.995746
-0.028747,1,7372.026989
-1.066505,18,7372.401902
-0.572342,9,7372.589357
-3.939327,50,7373.745336
-4.782396,50,7374.916932
-0.046794,1,7374.948174
-0.661038,8,7375.120015
-4.502304,50,7376.291613
-1.166364,11,7376.510314
-6.174453,50,7377.744393
-3.87906,50,7378.915994
-0.389713,6,7379.072206
-0.026595,1,7379.087831
-1.392328,15,7379.447117
-1.181037,15,7379.77517
-0.002963,1,7379.806409
-0.037538,1,7379.822033
-0.018389,1,7379.853277
-2.937758,50,7380.946769
-3.633375,50,7382.118365
-4.769667,50,7383.352453
-4.924263,50,7384.602159
-4.269268,50,7385.789382
-1.833036,22,7386.304884
-0.505731,9,7386.492339
-5.892413,50,7387.679561
-0.021925,1,7387.726423
-0.042214,1,7387.757665
-4.010784,50,7388.944889
-0.689419,9,7389.132347
-5.513494,50,7390.241459
-5.325463,50,7391.428679
-0.450325,7,7391.584891
-2.749076,50,7392.740877
-5.676974,50,7393.834365
-0.588657,9,7394.03744
-4.458374,50,7395.162182
-1.504613,16,7395.568332
-0.041175,1,7395.583955
-0.042792,1,7395.615197
-1.22057,18,7396.036973
-4.060359,50,7397.146088
-0.399005,7,7397.302298
-0.309727,6,7397.458512
-0.836098,11,7397.692832
-1.304543,18,7398.083366
-0.964517,16,7398.458278
-0.556816,8,7398.630115
-0.599952,9,7398.833195
-0.020266,1,7398.848815
-3.602794,50,7400.03603
-0.540628,7,7400.192246
-3.229975,47,7401.254496
-4.716903,50,7402.535448
-0.866962,11,7402.894736
-4.428276,50,7404.378763
-4.736053,50,7405.550365
-3.895355,50,7406.690722
-3.312215,50,7408.002915
-3.055627,50,7409.268255
-1.231161,15,7409.611912
-0.01212,1,7409.627537
-2.872746,50,7410.767887
-0.721407,10,7411.002209
-3.696762,50,7412.205052
-0.425898,8,7412.376888
-1.0471,12,7412.673702
-0.983334,12,7412.970498
-1.151342,13,7413.282921
-0.995643,13,7413.579726
-0.750214,10,7413.798425
-0.500436,7,7413.970263
-3.211621,50,7415.110622
-0.798383,9,7415.360559
-11.370385,50,7416.500916
-0.866917,11,7416.766483
-4.494749,50,7417.922456
-4.992256,50,7419.031571
-0.048598,1,7419.062818
-2.826547,50,7420.140685
-1.502901,15,7420.499975
-0.457656,7,7420.65619
-0.034562,1,7420.687433
-0.007806,1,7420.734296
-5.608726,50,7421.905897
-3.322902,50,7423.077502
-3.231836,50,7424.342824
-0.029669,1,7424.374069
-0.649937,9,7424.561523
-0.904802,11,7424.811466
-0.04146,1,7424.827084
-0.74581,9,7425.045785
-4.701162,50,7426.154901
-0.046102,1,7426.170521
-0.291993,6,7426.295495
-3.790535,50,7427.482714
-1.882206,23,7428.02946
-3.59373,50,7429.232304
-0.478454,8,7429.404136
-0.600289,10,7429.70094
-2.867646,50,7430.85692
-6.102835,50,7431.997278
-0.043432,1,7432.028519
-4.617576,50,7433.23136
-0.438635,8,7433.418821
-4.565744,50,7434.606037
-4.57734,50,7435.777678
-1.215201,15,7436.136927
-0.024159,1,7436.152552
-0.043278,1,7436.168175
-4.653172,50,7437.371016
-0.810999,13,7437.667824
-1.326834,22,7438.152079
-4.709987,50,7439.276817
-0.037762,1,7439.308062
-5.404468,50,7440.526525
-4.165166,50,7441.729364
-1.204128,17,7442.10428
-0.023958,1,7442.119902
-6.458052,50,7443.30712
-0.524324,9,7443.5102
-3.95915,50,7444.666178
-1.137691,16,7445.041089
-0.457555,8,7445.275409
-1.558036,20,7445.712804
-0.853391,10,7445.931503
-0.300988,6,7446.072096
-3.710499,50,7447.274937
-0.670448,8,7447.462394
-1.016963,12,7447.712339
-4.959109,50,7448.852696
-3.927433,50,7450.071159
-0.788699,11,7450.321099
-3.967436,50,7451.477078
-0.879096,10,7451.695773
-2.192745,22,7452.226898
-3.84085,50,7453.367255
-0.492232,7,7453.539094
-1.027065,13,7453.86714
-0.664089,8,7454.038978
-0.035858,1,7454.0546
-5.486167,50,7455.16371
-0.555336,8,7455.351169
-4.855133,50,7456.538387
-0.757558,9,7456.741467
-0.417357,7,7456.897677
-0.754936,9,7457.100754
-2.482471,30,7457.788093
-4.157988,50,7458.99094
-0.032556,1,7459.022181
-3.303981,50,7460.178159
-0.011556,1,7460.209434
-0.809786,10,7460.44372
-0.510995,8,7460.63118
-0.859476,10,7460.865497
-3.483726,50,7462.068342
-2.973936,50,7463.25556
-1.331872,17,7463.614855
-0.80596,10,7463.849171
-0.04797,1,7463.896033
-0.704542,11,7464.145975
-1.158271,13,7464.427159
-0.392398,7,7464.598995
-1.103025,12,7464.880178
-0.577202,9,7465.083258
-0.045588,1,7465.098876
-0.342739,7,7465.239468
-0.009136,1,7465.270726
-1.332731,15,7465.661244
-3.955303,50,7466.817221
-0.045444,1,7466.848468
-0.414567,8,7467.035925
-1.372767,14,7467.348349
-3.39828,50,7468.551189
-4.044882,50,7469.816518
-0.897742,10,7470.050842
-3.694128,50,7471.191199
-0.390992,7,7471.34741
-2.382267,28,7471.987886
-5.383088,50,7473.20635
-3.206866,50,7474.393568
-3.299632,50,7475.643275
-3.355457,39,7476.502449
-0.019609,1,7476.549311
-0.893144,10,7476.768014
-4.273996,50,7477.923992
-4.50035,50,7479.142454
-4.509849,50,7480.439022
-1.493398,17,7480.829562
-2.578464,26,7481.391927
-0.95004,12,7481.641869
-5.077069,50,7482.829093
-4.584409,42,7483.797612
-0.552847,8,7483.969443
-6.097065,50,7485.172286
-0.690096,10,7485.422262
-1.112871,13,7485.765899
-1.200664,13,7486.062703
-1.295345,21,7486.562588
-0.852562,10,7486.796904
-1.0114,11,7487.031227
-6.065923,50,7488.218452
-1.042498,11,7488.484012
-0.649174,10,7488.74957
-0.024209,1,7488.765193
-1.92301,33,7489.56188
-3.301407,50,7490.749104
-3.559763,50,7492.137334
-0.044955,1,7492.165472
-0.485644,8,7492.376899
-1.084724,13,7492.745066
-1.232218,12,7493.040515
-3.440199,50,7494.351336
-0.031653,1,7494.37504
-3.679956,48,7495.590253
-3.064959,43,7496.854849
-0.049469,1,7496.874926
-0.044069,1,7496.905583
-0.01643,1,7496.930022
-4.868721,50,7498.170291
-0.510593,8,7498.385209
-0.037486,1,7498.409784
-0.639128,12,7498.725464
-0.41593,7,7498.920675
-0.765953,11,7499.210407
-0.047165,1,7499.240101
-1.005222,12,7499.535223
-0.026647,1,7499.57517
-0.349426,7,7499.75026
-3.567577,50,7501.060137
-5.052199,50,7502.315223
-0.959194,16,7502.745176
-4.431535,50,7504.064992
-4.501637,50,7505.248248
-0.00518,1,7505.268363
-3.472861,50,7506.495198
-0.042677,1,7506.515307
-6.46902,50,7507.66352
-4.996586,50,7508.892321
-0.591694,9,7509.101674
-3.839422,50,7510.223763
-5.74915,50,7511.413228
-0.049067,1,7511.428851
-0.303665,6,7511.569444
-3.128639,50,7512.694181
-1.09285,17,7513.115957
-0.387239,7,7513.287788
-0.746754,9,7513.49087
-3.499571,50,7514.646846
-0.021679,1,7514.662468
-0.041711,1,7514.678091
-0.044836,1,7514.70933
-0.849873,11,7514.959276
-0.780756,9,7515.162348
-2.782084,38,7516.052769
-0.709794,9,7516.287086
-0.426819,7,7516.42768
-0.418525,8,7516.630754
-0.033973,1,7516.646375
-0.924503,15,7517.021293
-0.390553,7,7517.208743
-3.789609,50,7518.364722
-5.216175,50,7519.520701
-5.137979,50,7520.801651
-4.178566,50,7522.018768
-0.996716,11,7522.284328
-0.036062,1,7522.315569
-0.831622,10,7522.534272
-0.356447,7,7522.690481
-4.546095,50,7523.783978
-4.842483,50,7524.877471
-5.17925,50,7526.080311
-4.21743,50,7527.251912
-4.721448,50,7528.392274
-1.176025,15,7528.751559
-7.268536,50,7529.891916
-0.038666,1,7529.907536
-4.656674,50,7531.094757
-0.027291,1,7531.126001
-5.269783,50,7532.250736
-0.012507,1,7532.266358
-3.90222,50,7533.469203
-1.181747,21,7533.953461
-0.635842,9,7534.203402
-1.220907,14,7534.515829
-3.231738,50,7535.656187
-1.950171,25,7536.218557
-0.826255,10,7536.515359
-0.028038,1,7536.546602
-0.024392,1,7536.562224
-4.359913,50,7537.827553
-4.028971,50,7538.967912
-0.382144,7,7539.139745
-0.034198,1,7539.170986
-5.192324,50,7540.389453
-4.120364,50,7541.592292
-0.030673,1,7541.62357
-0.354726,7,7541.779752
-1.442106,14,7542.107796
-0.567898,9,7542.342119
-4.212328,50,7543.419992
-4.145293,50,7544.575965
-1.214551,13,7544.888393
-3.449313,50,7548.200116
-1.072898,15,7548.559406
-0.033599,1,7548.590703
-0.307055,6,7548.746861
-0.737292,9,7548.981181
-4.472708,50,7550.137159
-0.040889,1,7550.152782
-4.38693,50,7551.324381
-4.031945,50,7552.511603
-0.840757,10,7552.745924
-0.517436,8,7552.933378
-0.662061,8,7553.105213
-4.752139,50,7554.323677
-4.964106,50,7555.526519
-0.776609,9,7555.745221
-0.046735,1,7555.760842
-3.631283,50,7556.932439
-3.475431,50,7558.088419
-0.005536,1,7558.104039
-0.044406,1,7558.135287
-1.163871,15,7558.478951
-0.765017,10,7558.697653
-2.888358,50,7559.822384
-4.97382,50,7560.947124
-0.574535,9,7561.150199
-4.899586,50,7562.368669
-0.036667,1,7562.399905
-0.032774,1,7562.41553
-5.290793,50,7563.587127
-2.780215,50,7564.836835
-6.709542,50,7565.914707
-0.859856,10,7566.164649
-0.863156,11,7566.477075
-0.466452,7,7566.633291
-0.040071,1,7566.648917
-0.72579,8,7566.836366
-3.734866,50,7568.101696
-0.636598,9,7568.336011
-0.855617,10,7568.570335
-0.405216,6,7568.695304
-1.302564,14,7569.023363
-4.810081,50,7570.210571
-0.047666,1,7570.241813
-0.507337,7,7570.38241
-2.605439,50,7571.554006
-0.380119,7,7571.725841
-0.288912,6,7571.850814
-0.038054,1,7571.866438
-4.471044,50,7572.975558
-0.49386,8,7573.163002
-0.759104,9,7573.381704
-0.669163,10,7573.61602
-0.044568,1,7573.662884
-1.291383,14,7574.006554
-3.330865,50,7575.209464
-3.574493,50,7576.427858
-0.778095,10,7576.693423
-0.029008,1,7576.709045
-4.530307,50,7577.818163
-1.09281,12,7578.114967
-3.529704,50,7579.302189
-3.798922,50,7580.473786
-4.276585,50,7581.582901
-0.335973,7,7581.754736
-4.097178,50,7583.004441
-1.545294,21,7583.551193
-0.049666,1,7583.566812
-0.659331,10,7583.801127
-4.232204,50,7585.035217
-4.978281,50,7586.15995
-5.231151,50,7587.300307
-0.025461,1,7587.331549
-3.535005,50,7588.53439
-0.832449,10,7588.768714
-0.014377,1,7588.799957
-3.551185,50,7590.002798
-0.031582,1,7590.03404
-0.378206,7,7590.205877
-0.026127,1,7590.221499
-4.774704,50,7591.424338
-0.661502,12,7591.705522
-0.692729,9,7591.908602
-0.027156,1,7591.939842
-5.854159,50,7593.127062
-4.100163,50,7594.298666
-0.397155,7,7594.486123
-3.06261,50,7595.610862
-3.414632,50,7596.751215
-3.729415,50,7597.954053
-0.804607,9,7598.157131
-1.200454,14,7598.485183
-4.651446,50,7599.641158
-1.647243,17,7600.094177
-0.559818,8,7600.26601
-0.033956,1,7600.297254
-0.609729,9,7600.578437
-0.045324,1,7600.609695
-4.278647,50,7601.937493
-0.027575,1,7601.968737
-0.039816,1,7601.984357
-4.178395,50,7603.140372
-1.327732,13,7603.437145
-3.691227,50,7604.515012
-0.007032,1,7604.54626
-0.953442,12,7604.811818
-0.030236,1,7604.827442
-5.071826,50,7605.9678
-0.020449,1,7605.999044
-3.984572,50,7607.1394
-3.717393,50,7608.248513
-0.035864,1,7608.279754
-1.870941,20,7608.764016
-3.730364,50,7609.935615
-4.836882,50,7611.107215
-4.870325,50,7612.247573
-3.827234,50,7613.387932
-4.395935,50,7614.559533
-0.016,1,7614.575152
-6.787605,50,7615.918588
-6.673033,50,7617.15267
-2.410756,30,7617.855631
-0.593067,11,7618.074326
-0.045256,1,7618.105573
-0.830065,11,7618.386809
-0.618857,10,7618.621078
-0.741014,9,7618.80853
-0.684207,8,7618.964745
-0.636421,8,7619.136582
-0.049644,1,7619.16782
-0.888019,11,7619.433385
-0.770527,9,7619.620843
-0.045059,1,7619.652083
-0.820241,10,7619.870788
-0.989812,10,7620.073858
-0.014996,1,7620.105102
-0.376302,7,7620.245694
-0.525603,8,7620.480017
-0.92186,11,7620.729959
-0.882298,14,7621.073627
-0.768974,11,7621.33919
-1.075291,12,7621.635991
-1.65402,19,7622.073392
-0.042912,1,7622.104632
-0.618426,9,7622.323333
-0.841682,10,7622.604514
-3.571703,50,7623.744874
-0.690702,9,7623.932331
-0.678421,9,7624.135406
-0.049369,1,7624.166647
-0.979659,18,7624.604044
-4.702151,50,7625.775647
-0.59693,8,7625.947483
-0.347032,7,7626.119313
-0.793083,10,7626.338016
-0.455643,9,7626.541091
-5.076791,50,7627.697069
-4.416338,50,7628.868668
-0.0341,1,7628.884293
-0.559801,9,7629.087367
-0.406211,7,7629.227958
-0.030332,1,7629.259202
-1.115315,12,7629.571629
-1.319849,14,7629.899675
-0.040879,1,7629.930939
-0.480832,7,7630.087131
-4.526701,50,7631.243114
-2.959155,50,7632.36785
-2.722595,50,7633.555067
-0.047209,1,7633.586309
-0.805659,10,7633.851872
-0.049707,1,7633.867494
-0.016551,1,7633.898741
-0.824538,11,7634.148715
-1.478428,15,7634.554837
-1.281918,14,7634.851642
-1.42681,15,7635.164066
-3.908018,50,7636.320047
-0.035411,1,7636.335669
-0.464194,8,7636.554378
-0.031834,1,7636.569989
-3.926747,50,7637.757215
-1.558667,17,7638.132117
-4.336592,50,7639.272474
-0.379154,7,7639.444308
-0.465971,8,7639.631765
-0.989564,11,7639.928571
-6.538728,50,7641.068927
-0.837389,10,7641.272005
-3.963226,38,7642.1468
-0.048709,1,7642.162421
-0.048761,1,7642.178043
-4.305708,50,7643.380884
-1.206142,13,7643.693314
-0.421146,7,7643.833903
-0.489374,8,7644.052601
-0.043543,1,7644.068228
-2.774327,50,7645.224201
-0.712172,9,7645.442904
-4.074211,50,7646.645784
-0.95412,12,7646.895688
-2.332774,26,7647.504919
-4.658213,50,7648.692142
-0.46884,9,7648.895216
-0.360342,7,7649.051429
-1.681641,21,7649.535694
-4.299674,50,7650.754155
-0.742966,10,7650.988472
-0.021631,1,7651.019715
-0.533349,9,7651.238414
-0.568312,8,7651.410254
-2.914319,50,7652.691198
-0.329051,6,7652.831789
-5.422385,50,7653.956528
-0.002249,1,7653.987768
-0.026735,1,7654.003389
-0.023603,1,7654.019009
-3.665875,50,7655.143789
-0.515538,8,7655.346825
-0.020923,1,7655.362446
-0.019179,1,7655.393689
-0.949194,12,7655.690495
-4.396123,50,7656.815267
-0.735266,9,7657.018307
-0.042745,1,7657.033931
-1.090617,12,7657.315112
-0.636603,9,7657.502567
-4.766119,50,7658.70541
-4.909196,50,7659.892631
-0.03202,1,7659.923873
-2.914637,50,7661.064235
-4.605342,50,7662.220212
-0.821719,9,7662.423291
-0.840786,10,7662.673229
-1.149631,12,7662.938792
-0.680888,11,7663.204357
-0.048963,1,7663.219979
-4.522169,50,7664.344717
-4.479163,50,7665.453827
-0.648408,9,7665.672527
-3.281047,50,7666.734776
-0.012349,1,7666.766017
-0.026383,1,7666.797276
-5.829069,50,7667.890756
-0.609933,9,7668.109454
-0.419147,7,7668.265665
-4.721121,50,7669.421644
-0.410939,7,7669.593477
-3.860578,50,7670.733838
-5.279842,50,7671.858572
-3.43626,50,7673.045796
-0.608454,9,7673.264495
-0.023355,1,7673.280115
-0.997056,10,7673.514436
-3.599311,50,7674.670414
-0.017211,1,7674.701657
-4.552252,50,7675.92012
-0.463625,7,7676.10761
-4.453427,50,7677.263551
-0.037649,1,7677.279174
-5.584448,50,7678.466393
-0.018553,1,7678.497638
-4.864786,50,7679.653618
-0.761308,11,7679.903559
-4.185704,50,7681.05954
-0.70764,9,7681.278238
-0.758437,10,7681.512553
-0.508536,7,7681.700011
-0.974263,12,7681.981193
-4.578407,50,7683.137172
-4.886539,50,7684.480607
-1.090842,13,7684.964872
-4.177995,50,7686.573867
-5.231768,50,7687.776709
-0.889017,10,7687.995408
-3.45831,50,7689.198249
-0.490388,8,7689.385708
-0.581162,8,7689.573164
-0.709205,10,7689.838723
-5.981235,50,7690.9947
-4.724986,50,7692.260029
-3.103215,50,7693.494115
-0.485638,8,7693.712814
-0.628112,9,7693.900273
-4.52441,50,7695.118732
-0.483184,8,7695.337434
-2.083598,17,7695.712342
-1.468308,18,7696.118498
-0.025237,1,7696.14974
-0.774219,9,7696.368443
-0.381281,7,7696.509034
-1.352781,14,7696.790215
-5.203122,50,7697.946193
-1.816485,24,7698.539804
-0.033282,1,7698.571046
-0.030801,1,7698.586672
-4.309818,50,7699.758268
-0.723394,10,7700.008209
-0.591059,8,7700.180047
-0.935735,10,7700.414374
-5.254121,50,7701.679693
-0.029455,1,7701.710933
-1.162588,13,7701.99212
-3.982406,50,7703.288692
-4.199871,50,7704.460299
-3.834035,50,7705.67875
-0.741089,9,7705.89745
-0.293568,5,7706.0068
-0.456132,9,7706.209878
-0.365777,7,7706.381713
-0.03987,1,7706.412954
-4.339674,50,7707.615798
-0.830831,11,7707.865743
-0.520993,9,7708.068816
-1.715408,20,7708.537493
-0.356216,7,7708.693674
-4.762151,50,7709.834028
-1.30454,17,7710.240188
-1.54176,14,7710.552611
-3.477427,50,7711.724211
-0.03703,1,7711.739833
-0.043645,1,7711.771074
-0.049253,1,7711.802314
-0.438369,8,7711.989769
-0.0323,1,7712.021013
-3.735589,50,7713.223862
-3.041563,50,7714.395455
-0.411376,7,7714.536048
-3.371101,50,7715.770131
-0.601833,9,7716.004452
-2.977475,50,7717.207295
-0.018011,1,7717.238537
-4.479532,50,7718.441383
-0.825975,10,7718.691321
-0.034922,1,7718.722564
-1.125882,12,7719.003751
-1.075272,12,7719.253689
-3.548074,50,7720.409669
-1.121963,11,7720.643989
-4.9744,50,7721.878072
-0.681568,12,7722.128013
-4.986526,50,7723.283996
-0.953584,14,7723.565178
-0.437815,7,7723.705777
-0.036542,1,7723.737056
-4.392504,50,7724.89299
-6.000326,50,7726.002103
-4.632152,50,7727.204949
-0.028888,1,7727.220573
-0.895099,12,7727.548616
-2.943642,41,7728.470273
-0.834357,10,7728.689008
-4.384133,50,7729.907437
-0.816825,8,7730.094893
-2.890652,43,7731.047799
-0.426485,7,7731.219632
-0.013848,1,7731.25087
-4.343533,50,7732.422471
-0.745737,9,7732.625551
-0.049657,1,7732.656794
-3.74362,50,7733.82839
-6.131555,50,7734.984374
-0.907222,11,7735.218691
-0.393069,7,7735.359298
-0.537403,8,7735.546742
-0.041501,1,7735.57799
-0.488411,8,7735.76544
-5.289164,50,7736.843313
-0.738073,9,7737.030766
-0.012632,1,7737.062006
-1.060056,11,7737.311948
-0.03938,1,7737.34319
-0.042517,1,7737.35881
-0.757827,9,7737.593131
-0.037312,1,7737.624376
-4.466476,50,7738.764736
-0.430614,7,7738.952187
-1.134414,12,7739.264616
-0.848458,9,7739.483367
-0.476883,8,7739.655147
-1.056343,15,7739.967578
-3.210865,50,7741.09231
-0.659922,10,7741.357875
-0.704357,11,7741.592195
-0.04407,1,7741.607817
-0.044984,1,7741.639061
-0.652622,8,7741.842174
-0.362573,7,7741.982725
-6.107223,50,7743.232431
-0.025057,1,7743.248057
-0.047127,1,7743.279297
-0.754546,9,7743.544857
-4.430716,50,7744.638351
-0.037583,1,7744.669594
-0.500053,8,7744.872673
-2.621172,50,7746.091137
-0.620329,8,7746.294213
-0.674794,9,7746.481676
-0.049035,1,7746.512916
-0.955774,11,7746.762852
-0.026593,1,7746.778475
-17.984383,50,7747.950074
-0.021269,1,7747.965699
-4.38876,50,7749.090431
-0.033516,1,7749.121679
-0.521156,8,7749.324751
-0.6102,8,7749.512206
-1.118782,16,7749.840258
-2.826692,50,7750.96499
-0.019216,1,7750.996233
-0.587043,8,7751.183691
-3.314397,36,7752.042862
-1.569868,22,7752.573988
-0.047659,1,7752.605229
-0.01318,1,7752.636472
-0.911679,11,7752.886417
-2.827478,50,7754.058014
-2.834327,50,7755.260861
-0.764217,9,7755.495176
-2.737374,50,7756.66678
-2.053511,29,7757.30725
-3.539877,50,7758.541338
-0.046578,1,7758.572578
-5.43672,50,7759.791085
-0.967739,13,7760.087847
-0.626674,8,7760.275305
-3.955864,49,7761.400042
-0.600951,8,7761.587496
-0.694101,10,7761.853058
-0.041446,1,7761.884301
-4.528862,50,7763.071525
-3.299569,50,7764.336854
-0.04993,1,7764.352472
-0.994663,13,7764.680518
-3.252554,50,7765.85212
-5.304304,50,7767.008098
-0.838619,10,7767.226793
-0.416232,7,7767.398636
-0.789425,10,7767.617332
-0.037018,1,7767.632951
-0.949457,10,7767.851649
-0.039682,1,7767.882892
-1.494678,18,7768.289051
-4.025659,50,7769.523134
-0.322318,6,7769.663725
-4.494824,50,7770.819705
-4.413979,50,7771.960058
-0.022933,1,7771.9913
-4.293859,50,7773.194144
-0.016636,1,7773.241006
-0.310243,6,7773.381602
-3.278132,50,7774.521959
-7.410189,50,7775.662316
-1.238708,13,7775.95912
-3.89489,50,7777.24007
-1.63613,17,7777.646226
-0.983376,11,7777.911786
-4.251266,50,7779.145875
-1.587606,18,7779.536404
-4.220104,50,7780.770495
-0.042055,1,7780.786116
-4.881971,50,7781.988954
-1.422634,15,7782.332623
-0.471224,7,7782.488837
-0.667879,9,7782.723156
-0.557159,8,7782.941859
-0.488785,7,7783.129363
-0.617365,8,7783.285523
-0.019917,1,7783.316771
-0.547367,8,7783.504222
-2.329319,29,7786.862807
-5.015411,50,7788.034412
-3.505275,50,7789.159148
-3.452266,50,7790.268263
-0.382602,7,7790.440098
-0.034485,1,7790.455718
-3.032981,31,7791.252402
-0.666401,9,7791.486723
-0.588697,9,7791.689804
-0.475641,8,7791.877257
-0.039842,1,7791.908499
-4.446477,50,7793.158206
-3.874849,50,7794.376669
-0.641181,8,7794.579746
-0.597558,9,7794.798444
-3.95999,50,7795.938803
-4.901569,50,7797.063538
-4.830029,50,7798.235141
-1.700599,22,7798.719404
-0.413365,7,7798.891239
-1.234932,16,7799.219286
-0.348964,7,7799.375496
-4.519831,50,7800.515852
-0.799225,11,7800.781415
-1.007012,11,7801.000117
-6.287636,50,7802.187339
-4.938673,50,7803.312077
-2.786096,50,7804.499294
-0.62124,9,7804.717989
-0.659763,11,7804.967931
-0.043277,1,7804.983553
-0.017669,1,7805.014796
-0.680538,9,7805.217895
-0.030792,1,7805.24912
-1.09123,20,7805.702135
-3.718379,50,7806.936219
-1.453216,14,7807.233025
-0.922296,11,7807.514209
-4.05697,50,7808.685813
-0.033075,1,7808.717055
-0.724869,11,7808.982617
-0.031787,1,7808.998238
-0.030597,1,7809.029477
-1.143889,13,7809.34191
-0.031787,1,7809.373151
-0.47131,7,7809.529363
-4.769077,50,7810.638474
-0.391106,8,7810.857173
-5.935034,50,7811.919423
-0.381263,6,7812.044395
-0.38551,6,7812.16937
-4.781826,50,7813.35659
-3.144155,50,7814.543807
-0.029251,1,7814.559429
-4.129202,50,7815.793519
-0.429627,7,7815.980971
-0.430709,7,7816.121562
-4.249987,50,7817.215059
-0.035961,1,7817.23068
-3.692764,50,7818.417897
-3.926081,50,7819.589497
-5.810387,50,7820.682993
-5.532735,50,7821.885834
-4.33012,50,7823.088678
-0.047254,1,7823.104301
-0.673304,8,7823.291757
-0.742843,9,7823.47921
-1.162497,13,7823.80726
-0.703667,10,7824.010338
-0.049864,1,7824.025959
-3.553884,50,7825.197555
-5.296263,50,7826.369155
-0.337043,6,7826.478507
-0.298801,6,7826.634718
-5.025084,50,7827.790696
-1.015534,13,7828.103122
-0.63837,11,7828.353063
-6.071982,50,7829.634017
-0.047615,1,7829.665259
-0.285771,6,7829.805848
-0.042369,1,7829.821477
-3.569358,50,7830.993069
-0.351346,7,7831.133666
-0.766947,9,7831.383606
-0.373918,7,7831.539817
-4.634407,50,7832.711416
-0.312874,6,7832.852019
-5.360646,50,7834.070471
-5.670971,50,7835.195208
-0.440703,8,7835.367045
-3.241135,50,7836.523021
-0.042272,1,7836.554264
-0.578619,9,7836.772964
-4.452035,50,7837.913326
-0.033375,1,7837.944565
-4.753847,50,7839.084918
-0.042692,1,7839.100539
-0.506013,8,7839.303617
-3.836719,50,7840.39711
-3.776183,50,7841.6312
-0.03487,1,7841.662439
-5.094485,50,7842.849663
-0.664737,8,7843.037114
-0.457716,7,7843.20895
-0.642102,8,7843.380785
-0.041392,1,7843.396408
-0.037087,1,7843.412029
-0.877814,10,7843.661973
-0.686245,11,7843.911915
-1.11139,15,7844.255619
-0.630855,8,7844.427414
-1.121672,12,7844.708599
-0.991649,12,7844.989781
-0.350775,6,7845.130375
-1.1914,14,7845.4428
-1.599911,24,7846.020793
-0.635023,9,7846.239491
-0.035645,1,7846.255113
-1.051178,12,7846.536293
-2.253251,26,7847.145526
-1.741849,20,7847.567304
-2.136037,22,7848.067198
-0.024401,1,7848.098429
-0.569846,8,7848.301503
-0.831384,13,7848.598312
-0.731057,10,7848.863872
-0.586028,9,7849.051332
-0.398496,6,7849.20754
-1.470425,16,7849.566832
-0.872192,12,7849.848015
-3.31117,50,7851.050859
-3.645587,50,7852.269325
-6.967509,50,7853.487789
-0.037125,1,7853.503407
-0.34083,6,7853.644
-4.139057,50,7854.971812
-3.998865,50,7856.065305
-0.949719,11,7856.330868
-6.912866,50,7857.486851
-0.041716,1,7857.53371
-0.884753,11,7857.783657
-0.592629,8,7857.986732
-4.622233,50,7859.158367
-5.042408,50,7860.32993
-0.711446,10,7860.564249
-0.625821,8,7860.736084
-0.006018,1,7860.767326
-0.005795,1,7860.798579
-0.604304,9,7861.032889
-2.926872,50,7862.266974
-0.566684,8,7862.423191
-0.615904,8,7862.641884
-0.044037,1,7862.65751
-2.826543,50,7863.891593
-2.581231,50,7865.110055
-0.349644,6,7865.281928
-4.979802,50,7866.437869
-3.548047,50,7867.609507
-1.048722,12,7867.890652
-4.705514,50,7869.062258
-0.49582,9,7869.280954
-4.018883,50,7870.421307
-2.90649,50,7871.514835
-4.190528,50,7872.733266
-3.178,50,7873.92049
-0.743476,9,7874.107946
-3.467644,50,7875.279547
-0.036982,1,7875.32641
-1.081696,16,7875.779427
-0.4919,7,7875.998125
-4.813615,50,7877.060381
-0.524965,8,7877.247831
-0.670839,9,7877.435287
-0.853445,11,7877.68523
-0.91473,10,7877.919547
-0.437837,7,7878.091381
-0.913221,10,7878.310087
-3.873925,50,7879.481681
-2.595745,50,7880.762629
-1.047154,12,7881.043816
-3.962663,50,7882.231037
-0.049274,1,7882.246659
-0.028686,1,7882.26228
-0.04635,1,7882.293521
-0.033711,1,7882.324775
-0.804765,11,7882.590325
-0.007887,1,7882.605946
-0.890131,10,7882.824649
-0.666122,9,7883.012102
-0.845942,11,7883.262043
-5.768414,50,7884.4024
-5.261562,50,7885.620868
-0.761339,9,7885.839562
-1.210981,15,7886.183232
-0.048144,1,7886.214478
-0.045604,1,7886.245719
-1.537212,18,7886.620634
-1.042017,12,7886.901814
-0.836611,10,7887.136132
-0.012426,1,7887.167373
-1.500062,21,7887.604776
-1.014066,11,7887.854752
-3.730258,50,7889.041937
-0.489015,8,7889.229394
-1.647419,20,7889.698034
-21.144418,50,7890.854009
-4.116475,50,7892.088095
-0.04634,1,7892.119337
-1.18683,13,7892.436314
-1.177982,12,7892.701876
-0.040845,1,7892.733119
-0.6145,8,7892.920581
-1.752379,19,7893.373597
-0.790982,9,7893.607913
-0.003731,1,7893.623536
-0.711398,9,7893.842235
-0.046854,1,7893.857857
-2.431337,28,7894.49833
-3.88072,50,7895.602477
-3.598454,50,7896.742835
-0.714019,11,7897.008396
-0.397933,7,7897.195853
-4.410405,50,7898.336212
-4.078325,50,7899.570295
-9.166716,50,7900.726272
-0.45905,7,7900.882488
-4.296286,50,7902.05409
-2.950373,50,7903.288172
-4.503349,50,7904.522257
-6.197318,50,7905.631372
-3.590757,50,7906.834214
-3.310924,50,7908.083925
-0.767258,12,7908.365104
-0.476543,8,7908.583803
-1.161132,12,7908.86499
-3.026356,50,7910.052212
-0.832563,10,7910.317805
-5.052189,50,7911.48937
-3.09086,50,7912.676597
-1.02164,11,7912.942154
-0.041772,1,7912.95778
-4.119601,50,7914.035651
-5.453279,50,7915.238492
-4.850803,50,7916.34761
-4.488092,50,7917.487965
-0.017474,1,7917.503582
-1.186947,11,7917.769149
-0.024855,1,7917.816023
-4.870003,50,7918.925124
-3.476348,50,7920.143595
-1.710816,27,7920.81531
-1.152898,12,7921.112114
-0.01349,1,7921.127735
-0.029546,1,7921.158974
-0.014312,1,7921.174597
-0.535609,9,7921.408916
-0.671923,7,7921.596375
-3.930773,50,7922.767972
-0.712932,11,7923.017913
-1.939169,18,7923.408447
-3.015973,50,7924.611289
-0.442269,7,7924.767505
-0.813413,9,7924.970583
-0.440561,7,7925.126797
-3.522591,50,7926.282807
-0.488749,8,7926.470226
-0.038745,1,7926.501469
-2.622063,50,7927.68869
-1.005411,12,7927.985496
-0.302273,6,7928.11047
-3.627223,50,7929.344551
-4.92038,50,7930.469289
-5.661478,50,7931.656508
-0.710303,9,7931.859588
-1.513603,25,7932.484443
-0.672924,8,7932.687517
-1.098223,12,7932.937458
-4.129469,50,7934.109058
-2.814371,50,7935.233796
-0.77963,10,7935.514977
-0.891338,11,7935.843025
-5.966667,50,7937.030247
-0.007854,1,7937.045868
-0.019727,1,7937.077111
-1.11547,12,7937.342678
-0.669518,9,7937.530129
-0.545412,9,7937.748828
-0.026477,1,7937.780069
-0.441444,7,7937.951943
-2.759276,50,7939.154751
-1.077765,12,7939.404688
-4.095898,50,7940.591914
-0.719951,11,7940.857477
-3.925243,50,7942.029075
-0.039826,1,7942.0447
-2.70345,50,7943.247538
-6.231246,50,7944.466005
-5.214566,50,7945.668843
-0.047564,1,7945.700086
-0.034743,1,7945.731334
-4.625671,50,7946.902926
-0.03104,1,7946.918549
-2.908122,30,7947.605888
-0.049472,1,7947.637131
-0.897851,11,7947.887076
-0.679221,8,7948.043288
-0.877043,10,7948.29323
-5.880936,50,7949.464825
-3.098257,50,7950.589562
-0.337639,6,7950.714536
-0.013049,1,7950.730158
-4.680239,50,7951.964241
-2.291628,45,7953.010868
-0.040289,1,7953.026495
-0.629926,10,7953.260808
-0.763316,10,7953.495133
-4.861548,50,7954.604245
-0.638239,9,7954.838565
-0.036939,1,7954.854187
-3.650358,50,7956.088271
-0.630453,8,7956.306971
-6.21709,50,7957.47857
-1.562331,24,7957.994073
-0.570738,9,7958.212777
-5.113765,50,7959.38437
-0.997163,11,7959.649935
-5.402114,50,7960.868398
-0.925203,10,7961.087101
-0.49526,8,7961.274553
-4.937962,50,7962.430534
-3.216428,50,7963.664619
-1.123095,13,7963.961425
-0.729882,9,7964.180121
-3.160876,50,7965.414208
-0.527618,8,7965.632907
-0.036312,1,7965.664146
-1.452795,15,7966.007817
-0.963791,10,7966.242136
-0.032109,1,7966.257757
-4.615362,50,7967.444978
-4.797483,50,7968.569718
-0.376915,6,7968.694688
-10.321124,50,7969.803799
-0.049324,1,7969.835042
-4.573066,50,7971.053508
-4.449874,50,7972.240726
-4.453128,50,7973.506055
-3.270364,50,7974.708895
-0.707367,9,7974.911978
-3.771704,50,7976.114819
-1.094544,12,7976.411622
-0.010419,1,7976.442869
-1.180911,13,7976.755294
-3.158652,50,7977.989377
-0.507815,7,7978.14559
-4.765552,50,7979.332814
-4.847345,50,7980.566896
-0.84427,10,7980.801218
-0.503422,8,7981.004294
-0.488611,7,7981.160506
-5.483475,50,7982.36335
-0.528643,10,7982.582051
-4.811571,50,7983.78489
-0.419446,7,7983.972346
-0.039651,1,7983.98797
-0.763827,12,7984.253532
-0.049679,1,7984.284776
-3.913434,50,7985.409509
-0.866806,11,7985.690699
-0.77017,11,7985.971915
-0.026824,1,7986.003119
-0.51323,8,7986.190576
-0.479099,7,7986.33117
-0.324908,6,7986.487379
-0.567992,8,7986.643593
-0.781133,10,7986.893535
-1.025752,11,7987.127856
-3.144399,50,7988.315084
-1.329538,14,7988.627507
-1.053468,12,7988.939933
-3.508809,50,7990.174015
-1.199415,13,7990.470822
-0.418489,8,7990.65828
-4.073475,50,7991.892359
-0.739266,9,7992.095444
-0.584911,9,7992.298519
-0.768456,11,7992.564078
-0.024637,1,7992.595323
-3.634597,50,7993.782584
-0.569746,9,7994.016864
-0.414534,7,7994.188699
-0.03333,1,7994.219939
-0.916124,11,7994.501122
-4.541395,50,7995.703969
-0.047774,1,7995.719593
-0.827944,10,7995.938287
-0.888259,11,7996.297576
-0.037886,1,7996.344439
-4.345223,50,7997.672253
-4.477984,50,7998.875108
-1.699455,19,7999.312493
-4.713098,50,8000.499718
-1.358477,17,8000.921489
-0.048167,1,8000.952737
-4.948199,50,8002.202443
-7.5657,50,8003.374041
-0.893334,11,8003.623981
-0.039242,1,8003.67086
-5.541872,50,8004.967417
-3.526805,50,8006.123394
-0.010312,1,8006.154638
-0.764671,10,8006.435823
-0.037942,1,8006.451444
-0.437395,7,8006.638897
-0.569255,9,8006.857596
-0.478742,8,8007.060677
-0.671556,9,8007.263752
-0.901814,11,8007.529313
-0.622579,12,8007.826118
-1.001673,11,8008.091685
-0.759401,9,8008.279141
-1.026403,11,8008.513457
-2.866133,37,8009.419494
-4.48857,50,8010.544235
-0.032489,1,8010.575472
-0.027884,1,8010.591094
-0.446723,8,8010.778557
-0.719629,10,8011.028494
-0.276832,5,8011.137843
-0.442905,8,8011.356542
-1.210571,14,8011.715868
-0.413513,7,8011.918907
-5.136379,50,8013.184236
-3.50903,50,8014.324592
-0.038,1,8014.340217
-2.341712,24,8014.886965
-0.634324,8,8015.074416
-7.969971,50,8016.214772
-0.656772,9,8016.417851
-0.629086,9,8016.636549
-0.022876,1,8016.652171
-0.324215,6,8016.777144
-0.485042,8,8016.964598
-0.429402,7,8017.136436
-4.701912,50,8018.308033
-4.483475,50,8019.448424
-0.603544,10,8019.667086
-0.843345,10,8019.88579
-0.498479,10,8020.151352
-1.245337,14,8020.526263
-0.521787,8,8020.729336
-6.34754,50,8021.822833
-0.025561,1,8021.854077
-0.020762,1,8021.869697
-0.035704,1,8021.885322
-0.773704,12,8022.18212
-2.379756,20,8023.931711
-3.738971,50,8025.072067
-3.476771,50,8026.274915
-3.25726,50,8027.477753
-0.514513,8,8027.649587
-0.823178,10,8027.868285
-0.632046,10,8028.086988
-2.113986,23,8028.680596
-0.454175,7,8028.836847
-0.033075,1,8028.868093
-0.039405,1,8028.883676
-0.685446,10,8029.117996
-1.035286,13,8029.430422
-0.73794,9,8029.6335
-2.547394,27,8030.305214
-0.025879,1,8030.336457
-3.169017,50,8031.601787
-0.401639,7,8031.773618
-0.046625,1,8031.78924
-3.468082,50,8032.976461
-0.942497,12,8033.226408
-4.121514,50,8034.44487
-8.372771,50,8035.616467
-0.563256,8,8035.835166
-0.483075,8,8036.038242
-0.420669,6,8036.163213
-4.831,50,8037.36606
-3.618499,50,8038.522034
-0.044838,1,8038.537653
-3.905424,50,8039.678013
-0.587478,8,8039.849852
-1.898224,27,8040.505942
-2.013861,25,8041.083933
-4.314584,50,8042.255535
-0.035643,1,8042.271156
-3.403382,50,8043.489617
-0.505985,9,8043.692698
-4.766098,50,8044.864295
-1.063826,10,8045.129861
-2.572435,50,8046.317084
-4.484358,50,8047.394953
-0.024189,1,8047.426198
-2.721983,50,8048.597794
-0.665496,11,8048.878976
-0.73887,11,8049.128917
-6.00697,50,8050.253654
-5.005932,50,8051.409631
-0.028347,1,8051.440878
-1.103026,13,8051.706444
-1.429111,20,8052.143839
-0.823762,10,8052.378155
-0.599288,8,8052.581231
-4.770764,50,8053.721589
-1.191828,18,8054.158986
-4.343263,50,8055.37745
-1.935993,27,8056.033553
-4.803725,50,8057.25201
-4.493324,50,8058.486095
-0.030514,1,8058.501714
-0.521353,8,8058.689172
-5.00535,50,8059.876395
-0.494996,8,8060.079475
-1.944364,28,8060.735572
-3.157769,50,8061.844712
-3.911906,50,8063.094388
-0.30257,6,8063.21936
-0.041868,1,8063.250601
-3.453332,50,8064.406579
-0.772806,10,8064.640931
-0.966677,10,8064.859597
-0.951936,11,8065.12516
-0.019712,1,8065.156413
-0.040156,1,8065.187646
-0.415597,7,8065.34386
-0.697042,9,8065.546937
-1.00619,11,8065.812503
-1.128913,13,8066.109304
-4.644121,50,8067.312148
-0.65128,9,8067.515224
-0.383618,6,8067.687096
-3.015042,50,8068.905522
-5.259679,50,8070.045884
-0.049782,1,8070.077123
-4.134963,50,8071.21748
-1.144652,13,8071.529905
-2.730901,50,8072.74837
-0.27873,5,8072.857719
-0.04111,1,8072.888963
-1.176171,17,8073.295119
-0.703061,9,8073.482577
-0.550381,8,8073.654406
-0.374418,7,8073.841864
-0.761598,9,8074.02932
-1.299195,13,8074.341745
-0.718911,9,8074.560444
-0.396475,8,8074.763526
-0.024124,1,8074.779146
-0.690016,10,8074.99784
-0.593816,8,8075.169677
-0.57979,8,8075.357132
-0.967287,12,8075.622697
-3.512631,50,8076.809918
-0.975399,11,8077.059858
-3.603419,50,8078.293944
-5.808197,50,8079.418679
-6.198476,50,8080.637142
-0.019142,1,8080.652763
-5.775944,50,8081.902469
-5.285904,50,8083.1678
-0.651892,8,8083.370925
-1.380188,16,8083.730169
-0.699629,10,8083.995729
-5.72172,50,8085.08922
-0.019068,1,8085.120471
-0.490835,8,8085.292303
-0.300058,6,8085.448511
-0.043724,1,8085.464134
-0.031466,1,8085.495376
-0.599876,9,8085.682833
-0.344791,7,8085.85467
-0.342934,6,8086.0265
-0.959738,11,8086.276442
-0.684144,8,8086.479529
-0.325833,6,8086.635736
-2.938266,50,8087.8542
-0.787951,10,8088.088517
-0.551653,8,8088.260355
-3.12602,50,8089.49444
-1.358759,14,8089.806868
-3.539034,50,8090.962844
-5.285485,50,8092.150063
-0.85614,10,8092.431247
-0.785839,9,8092.634324
-1.104044,12,8092.915509
-0.891899,12,8093.227934
-1.291836,17,8093.602851
-0.808639,10,8093.837167
-5.048347,50,8094.977524
-0.489002,8,8095.149359
-4.671221,50,8096.352205
-2.175178,28,8096.992679
-1.065475,12,8097.27386
-5.861326,50,8098.445459
-0.695961,9,8098.66416
-0.509277,8,8098.851615
-0.045259,1,8098.867237
-0.045194,1,8098.89848
-0.781272,12,8099.210903
-0.792641,11,8099.476468
-4.777454,50,8100.632447
-0.031726,1,8100.663689
-0.872267,11,8100.944873
-2.886969,50,8102.163336
-6.039657,50,8103.444286
-1.327912,16,8103.803576
-1.308597,16,8104.194112
-0.61683,8,8104.365945
-0.360796,6,8104.506541
-0.537019,8,8104.709613
-0.312579,6,8104.850206
-0.020546,1,8104.865827
-4.157713,50,8105.990565
-0.666305,8,8106.162397
-4.703934,50,8107.302753
-0.026671,1,8107.333999
-0.887418,11,8107.630801
-0.399777,6,8107.771392
-0.501999,8,8107.95885
-0.344422,6,8108.115062
-5.871139,50,8109.317905
-0.553931,8,8109.48974
-1.586348,23,8110.020867
-3.856622,50,8111.161222
-0.619568,8,8111.348682
-0.683549,9,8111.567377
-0.364342,7,8111.754835
-0.030091,1,8111.770454
-1.01059,11,8112.020396
-6.585602,50,8113.238863
-0.022491,1,8113.270105
-0.027279,1,8113.301345
-2.894968,50,8114.457328
-1.002846,11,8114.707264
-0.813955,10,8114.941587
-0.747524,10,8115.160283
-4.277551,50,8116.347508
-0.384986,7,8116.519344
-0.351147,6,8116.659935
-0.526915,9,8116.878629
-3.788485,50,8117.987744
-0.25039,5,8118.097094
-0.70856,12,8118.378279
-0.366184,6,8118.518872
-0.046034,1,8118.534495
-4.502059,50,8119.659225
-0.765428,9,8119.877928
-0.664997,8,8120.065382
-6.249602,50,8121.205741
-0.256546,5,8121.330709
-0.010862,1,8121.361954
-0.882723,10,8121.611894
-4.875989,50,8122.752254
-0.386657,7,8122.892843
-0.025917,1,8122.924082
-4.618977,50,8124.126927
-2.164047,29,8124.767402
-5.233253,50,8125.876523
-0.5806,9,8126.095221
-0.043683,1,8126.110841
-0.029466,1,8126.142082
-0.021487,1,8126.15772
-0.840059,10,8126.407641
-0.006309,1,8126.423264
-1.089062,14,8126.782552
-0.688994,9,8126.970009
-5.197866,50,8128.204099
-0.656204,9,8128.422832
-0.91844,10,8128.641496
-6.267035,50,8129.828718
-4.676927,50,8131.078433
-3.971266,50,8132.234403
-4.491371,50,8133.437239
-0.953066,12,8133.749667
-0.447836,6,8133.921502
-0.324247,6,8134.046472
-0.983887,12,8134.34328
-0.67462,9,8134.561979
-1.819528,24,8135.171212
-2.833365,50,8136.358429
-1.306129,15,8136.702132
-3.946948,50,8137.974726
-3.724228,50,8139.350096
-3.785111,50,8140.700748
-0.526677,10,8140.97558
-0.048986,1,8141.003865
-3.676166,50,8142.315629
-1.211738,17,8142.790402
-2.841815,50,8144.269669
-4.50903,50,8145.481329
-0.925267,13,8145.822071
-4.420544,50,8147.071727
-0.029303,1,8147.095405
-0.314443,6,8147.255577
-1.059072,12,8147.580833
-0.581859,8,8147.765572
-0.654117,8,8147.96056
-0.333615,6,8148.106473
-4.860155,50,8149.395358
-0.976763,11,8149.680703
-1.807317,24,8150.310495
-0.904113,10,8150.575639
-3.673773,50,8151.858596
-1.123459,11,8152.128079
-1.015029,12,8152.401927
-0.387265,6,8152.532677
-3.148509,50,8153.689267
-0.764696,9,8153.951413
-0.74978,8,8154.142537
-0.45387,8,8154.344167
-0.028129,1,8154.384384
-0.609337,9,8154.637017
-1.945588,18,8155.049585
-0.048546,1,8155.069697
-0.028506,1,8155.103372
-0.70522,8,8155.266111
-6.442712,50,8156.515086
-1.212858,15,8156.87438
-1.761627,25,8157.452371
-1.184622,12,8157.733555
-0.674023,9,8157.921005
-0.716703,8,8158.124083
-0.030257,1,8158.155325
-2.847352,50,8159.358169
-0.347988,6,8159.498767
-0.687614,9,8159.701892
-0.557144,8,8159.889296
-0.793762,9,8160.107993
-1.191884,13,8160.389176
-0.025252,1,8160.404797
-5.791654,50,8161.592437
-3.630785,50,8162.76404
-2.759098,50,8164.044988
-0.048427,1,8164.07623
-0.049251,1,8164.107471
-0.028319,1,8164.123092
-6.35463,50,8165.247828
-0.322112,6,8165.357181
-0.496309,7,8165.529016
-2.927609,50,8166.731906
-0.468257,7,8166.88807
-0.03127,1,8166.919316
-0.246052,5,8167.044287
-0.351816,6,8167.169253
-3.663954,50,8168.41896
-0.785091,9,8168.684525
-0.251679,5,8168.840736
-0.614307,10,8169.090677
-0.042382,1,8169.12192
-1.758571,26,8169.73115
-0.455823,7,8169.918612
-0.027031,1,8169.934228
-4.276088,50,8171.074586
-0.043969,1,8171.090207
-0.03194,1,8171.12145
-0.485749,7,8171.293284
-0.009142,1,8171.308907
-2.131417,21,8171.808793
-0.448368,7,8171.980628
-0.800145,9,8172.1837
-1.146834,14,8172.48051
-0.653517,8,8172.667962
-0.031807,1,8172.699207
-0.883269,12,8172.949145
-4.589413,50,8174.136366
-0.351618,6,8174.29258
-4.424493,50,8175.52667
-2.513449,50,8176.776375
-0.385465,7,8176.948205
-3.672623,50,8178.166672
-5.25282,50,8179.338271
-3.414695,50,8180.541118
-1.242086,14,8180.884785
-0.341897,6,8181.040995
-0.351915,6,8181.21283
-0.040498,1,8181.228452
-0.250509,5,8181.353421
-0.894397,11,8181.58774
-0.859893,11,8181.86893
-14.363247,50,8182.962418
-0.549744,8,8183.165497
-1.483531,17,8183.618517
-5.850168,50,8184.868225
-4.240885,50,8185.977336
-0.585069,9,8186.164794
-2.555482,21,8186.695916
-1.202182,17,8187.086451
-1.664769,18,8187.508224
-2.821489,50,8188.742317
-0.406065,6,8188.898527
-0.041659,1,8188.929771
-0.544375,7,8189.101604
-0.037154,1,8189.132844
-0.345243,6,8189.273439
-0.837369,10,8189.50776
-0.004243,1,8189.538998
-1.003189,13,8189.820183
-4.342226,50,8190.929299
-1.037927,14,8191.241727
-6.287256,50,8192.335218
-3.253179,50,8193.522438
-3.77615,50,8194.694037
-0.349134,7,8194.865872
-3.838568,50,8196.068716
-0.044509,1,8196.099957
-1.198651,12,8196.349897
-6.952102,50,8197.599609
-0.04655,1,8197.615239
-0.589526,8,8197.787065
-0.746218,8,8197.990138
-4.336704,50,8199.224228
-0.327451,6,8199.364816
-0.576267,8,8199.552274
-0.033628,1,8199.567895
-0.348696,6,8199.724112
-0.510334,8,8199.89594
-0.689454,10,8200.09902
-0.017632,1,8200.114639
-0.033848,1,8200.161504
-0.750785,9,8200.395824
-4.049011,50,8201.692394
-0.498955,7,8201.848615
-3.347991,34,8202.707784
-0.023716,1,8202.739024
-0.480875,8,8202.942102
-0.025504,1,8202.957726
-0.805027,9,8203.192041
-0.335772,6,8203.317016
-4.738203,50,8204.472991
-0.510723,8,8204.644827
-0.405037,8,8204.879186
-0.611112,11,8205.175956
-0.043276,1,8205.191572
-0.797085,9,8205.394649
-0.538521,7,8205.582109
-0.322005,6,8205.722702
-0.99258,12,8206.035125
-4.518487,50,8207.206724
-1.33352,14,8207.550393
-1.019661,12,8207.815956
-0.491323,7,8208.003412
-0.287906,5,8208.128386
-0.791756,9,8208.331463
-1.418194,15,8208.675129
-1.496911,22,8209.221875
-5.469007,50,8210.455962
-4.465293,50,8211.705669
-0.648418,9,8211.924366
-0.341007,6,8212.049339
-1.376592,15,8212.424248
-0.045951,1,8212.455495
-0.686903,9,8212.674193
-0.043381,1,8212.705436
-4.05765,50,8213.892653
-1.538375,30,8214.626859
-1.624716,16,8214.970533
-4.522957,50,8216.142125
-0.041323,1,8216.157748
-0.048095,1,8216.188991
-0.049459,1,8216.220235
-0.025485,1,8216.235856
-0.545819,8,8216.438931
-0.467634,7,8216.610767
-3.445596,50,8217.782365
-0.608564,8,8217.954206
-0.040534,1,8217.969827
-1.085044,14,8218.297873
-0.450035,7,8218.438463
-4.471113,50,8219.688169
-0.803175,12,8219.969389
-0.316506,6,8220.109948
-3.796109,45,8221.140955
-0.826838,9,8221.35965
-0.922123,11,8221.609592
-0.02175,1,8221.640841
-0.038135,1,8221.656454
-2.833994,50,8222.859298
-0.974814,10,8223.124864
-0.909708,11,8223.390423
-0.704337,9,8223.609159
-0.79669,10,8223.84344
-0.839879,12,8224.140246
-0.689452,9,8224.343324
-3.203006,50,8225.514925
-0.940199,11,8225.78049
-0.798213,9,8225.983563
-0.739295,9,8226.202267
-4.244676,50,8227.35824
-0.044654,1,8227.389485
-0.271552,5,8227.483216
-0.020455,1,8227.51446
-0.044056,1,8227.545699
-0.806972,10,8227.780021
-0.933649,11,8228.061236
-0.029465,1,8228.092446
-0.676929,9,8228.295521
-7.766566,50,8229.435878
-0.50562,7,8229.592091
-0.019787,1,8229.623337
-0.671353,9,8229.842033
-5.598283,50,8230.982391
-3.642158,50,8232.216474
-0.320133,6,8232.372688
-3.927569,50,8233.591152
-1.0506,12,8233.887957
-0.38523,6,8234.012929
-2.842516,50,8235.200186
-1.044496,12,8235.496958
-3.619312,50,8237.215304
-1.677612,16,8237.574593
-1.113843,14,8237.887022
-3.859306,50,8239.089865
-0.718794,9,8239.308564
-6.777637,50,8240.448917
-5.5787,50,8241.620517
-3.428946,50,8242.807737
-0.605944,8,8242.995195
-0.044699,1,8243.010816
-3.420167,50,8244.213656
-0.691569,9,8244.416738
-0.563115,9,8244.619812
-3.609862,50,8245.775793
-3.091387,50,8246.978636
-3.724078,50,8248.243963
-0.822848,9,8248.462662
-0.505204,7,8248.618872
-4.950828,50,8249.82172
-0.394209,7,8249.977926
-0.695657,9,8250.212248
-0.451204,8,8250.415326
-0.341219,6,8250.555918
-4.838047,50,8251.758764
-14.004966,50,8252.883498
-4.332798,50,8253.992614
-0.027438,1,8254.023862
-0.046992,1,8254.055098
-0.327667,6,8254.18007
-0.983503,11,8254.414385
-3.490975,50,8255.554743
-3.95124,50,8256.710725
-4.174504,50,8257.882324
-0.769885,10,8258.101023
-6.245192,50,8259.303866
-3.674647,50,8260.600433
-0.619286,9,8260.834754
-1.29111,14,8261.162805
-0.019533,1,8261.209669
-0.016302,1,8261.24091
-4.611764,50,8262.334406
-0.284397,5,8262.443755
-0.044587,1,8262.474993
-0.635441,8,8262.662448
-3.744784,50,8264.990029
-4.038805,50,8266.239739
-4.807028,50,8267.411337
-0.84141,11,8267.676895
-1.207267,12,8267.95808
-0.486415,8,8268.145545
-0.473828,7,8268.317374
-3.605723,50,8269.520216
-0.691696,8,8269.692056
-0.592288,8,8269.910746
-0.422047,7,8270.06696
-0.046922,1,8270.082582
-0.487295,7,8270.238794
-0.352826,6,8270.39501
-0.343756,6,8270.535601
-4.385346,50,8271.769689
-1.022033,11,8272.019629
-3.155982,42,8272.988151
-6.04227,50,8274.097264
-4.246216,50,8275.268861
-0.643234,9,8275.487564
-3.605417,50,8276.612299
-0.029604,1,8276.64354
-0.047105,1,8276.674784
-0.019218,1,8276.706031
-0.953636,12,8276.95597
-1.19628,12,8277.23715
-0.034191,1,8277.268398
-0.381448,7,8277.408986
-0.56686,11,8277.705791
-1.93349,30,8278.455615
-0.569445,8,8278.627454
-3.64483,50,8279.767809
-6.010589,50,8280.97065
-0.717788,10,8281.204972
-0.493405,7,8281.361186
-0.018429,1,8281.376808
-5.25031,50,8282.564032
-0.035448,1,8282.595267
-0.521411,7,8282.782722
-1.653199,21,8283.282607
-5.76134,50,8284.45421
-0.015912,1,8284.485454
-0.881723,10,8284.735389
-1.120928,12,8285.000957
-0.048873,1,8285.032228
-3.508054,50,8286.172556
-0.048628,1,8286.203796
-0.380685,6,8286.328769
-1.164697,13,8286.625574
-1.028229,11,8286.891134
-1.02302,11,8287.156699
-0.759558,10,8287.375394
-0.044847,1,8287.39102
-0.375558,6,8287.515986
-0.59056,8,8287.719064
-0.723136,12,8288.000248
-4.445517,50,8289.140604
-0.953337,12,8289.453033
-0.046161,1,8289.468654
-0.58763,8,8289.671732
-4.894635,50,8290.843332
-0.047142,1,8290.874573
-0.977026,11,8291.12452
-5.181132,50,8292.26487
-3.681963,50,8293.483336
-0.041404,1,8293.514579
-0.385418,7,8293.717657
-0.647417,9,8293.920737
-4.301248,50,8295.045474
-0.561078,9,8295.264172
-8.797142,50,8296.373283
-0.652189,11,8296.623222
-4.091854,50,8297.857311
-3.521731,50,8299.04453
-0.040975,1,8299.075772
-1.528442,21,8299.591274
-0.974557,14,8299.934986
-0.025374,1,8299.966192
-0.461725,7,8300.122404
-4.059598,50,8301.325246
-0.758612,9,8301.543941
-1.154999,13,8301.88761
-0.550002,8,8302.043824
-0.594985,8,8302.246902
-0.479089,7,8302.387497
-7.398708,50,8303.637199
-0.030203,1,8303.652822
-3.905151,50,8304.980635
-0.569094,8,8305.214954
-0.046027,1,8305.246199
-0.042179,1,8305.27744
-0.592091,8,8305.51176
-0.049903,1,8305.543004
-0.444473,7,8305.761701
-0.400991,6,8305.933549
-0.438156,6,8306.058507
-4.3329,50,8307.245743
-0.308395,6,8307.401941
-1.696294,23,8307.933067
-0.786392,9,8308.183007
-0.037614,1,8308.198629
-0.018215,1,8308.229886
-0.651966,9,8308.432952
-0.328054,6,8308.573541
-0.330751,6,8308.698516
-0.029918,1,8308.745391
-7.406796,50,8309.932595
-0.74158,9,8310.120053
-0.021399,1,8310.151298
-0.640912,8,8310.369996
-6.786601,50,8311.541593
-0.785783,9,8311.744676
-1.340921,14,8312.08834
-0.834329,10,8312.322664
-0.049041,1,8312.338286
-1.833476,24,8312.931901
-0.031517,1,8312.963138
-5.112707,50,8314.197223
-0.272633,5,8314.30657
-0.534701,7,8314.462783
-0.840563,11,8314.712725
-0.530174,8,8314.900179
-5.410408,50,8316.103022
-1.652988,16,8316.477938
-0.308048,6,8316.602904
-3.276131,50,8317.727639
-0.61936,8,8317.946338
-1.330391,14,8318.258769
-2.030773,29,8318.992973
-0.820525,10,8319.227292
-1.35266,16,8319.602201
-0.040373,1,8319.617822
-0.480442,8,8319.805279
-3.267795,50,8321.101853
-0.426102,7,8321.242444
-0.027215,1,8321.258062
-4.668108,50,8322.429661
-0.03654,1,8322.460906
-3.904244,50,8323.601264
-10.629975,50,8324.86659
-0.551158,10,8325.132157
-6.975242,50,8326.303757
-0.028063,1,8326.334993
-0.606884,10,8326.569315
-3.438106,50,8327.819021
-0.492734,7,8327.990859
-0.044758,1,8328.00648
-0.466218,6,8328.131447
-0.467768,7,8328.272042
-4.401016,50,8329.396778
-0.805752,10,8329.740442
-1.012317,10,8330.05287
-0.92623,10,8330.380921
-0.885492,10,8330.787071
-1.343392,12,8331.396304
-0.500192,7,8331.56814
-3.408609,50,8332.770986
-4.787766,50,8333.942583
-4.693383,50,8335.114185
-4.41002,50,8336.332649
-0.034423,1,8336.348271
-4.395268,50,8337.582353
-0.011591,1,8337.613595
-0.33321,6,8337.754189
-9.574471,50,8338.957029
-0.027011,1,8339.003893
-1.283429,18,8339.425668
-0.484559,7,8339.581881
-0.847807,10,8339.847445
-0.421516,7,8340.034901
-0.532144,7,8340.191118
-0.270185,5,8340.300468
-0.034306,1,8340.316087
-0.044777,1,8340.347327
-6.19509,50,8341.487686
-0.047441,1,8341.518928
-0.69493,9,8341.722007
-0.980263,11,8342.003188
-4.188261,50,8343.065439
-0.022612,1,8343.081059
-1.658711,25,8343.705915
-0.046178,1,8343.737156
-0.355314,6,8343.862127
-0.51325,9,8344.049584
-0.049128,1,8344.080828
-4.595855,50,8345.283667
-1.070192,12,8345.549235
-0.587755,9,8345.76793
-0.778191,10,8346.002249
-0.038847,1,8346.033493
-10.405642,50,8347.142607
-0.409026,7,8347.29882
-0.047378,1,8347.314442
-4.620341,50,8348.407938
-0.37624,7,8348.595389
-0.025286,1,8348.611011
-1.932264,22,8349.157757
-3.474978,50,8350.407468
-0.412842,8,8350.579303
-4.489569,50,8351.782143
-0.569534,8,8351.95398
-1.628713,17,8352.406998
-0.031815,1,8352.42262
-0.304853,6,8352.547589
-1.109192,12,8352.844393
-0.565079,8,8353.06309
-0.304169,6,8353.188061
-0.029176,1,8353.219309
-3.248981,50,8354.422148
-0.408973,7,8354.593982
-0.024292,1,8354.609602
-0.031461,1,8354.625225
-0.57129,9,8354.812684
-3.31439,50,8356.156115
-6.008893,50,8357.296474
-0.483461,8,8357.483967
-0.485893,7,8357.655763
-0.037721,1,8357.687009
-3.50751,50,8358.87423
-0.839726,10,8359.09293
-3.717347,50,8360.373873
-0.043172,1,8360.420738
-3.844727,50,8361.561097
-3.521251,50,8362.779562
-3.266425,50,8363.96678
-1.374066,15,8364.341692
-1.243619,13,8364.622878
-0.358022,6,8364.763467
-2.809117,50,8365.95069
-3.686388,50,8367.200394
-0.633232,7,8367.340987
-6.092085,50,8368.512588
-1.229367,13,8368.825015
-0.55323,8,8369.043714
-1.184181,13,8369.340519
-1.488284,15,8369.66857
-0.008187,1,8369.699825
-1.784878,19,8370.19969
-0.390743,6,8370.324666
-1.685192,14,8370.715195
-0.602547,8,8370.902652
-0.314099,6,8371.074485
-3.976044,47,8372.16798
-0.035809,1,8372.199239
-1.109644,12,8372.496027
-3.338322,38,8373.370827
-0.483772,7,8373.542658
-0.721194,10,8373.776979
-3.561108,50,8374.97982
-0.779943,9,8375.214143
-0.048345,1,8375.229763
-3.377609,38,8376.120179
-1.072195,12,8376.416985
-2.441013,26,8377.041838
-0.245779,5,8377.166804
-0.018976,1,8377.182438
-5.11025,50,8378.322784
-1.224786,11,8378.572726
-0.031169,1,8378.603967
-0.717817,9,8378.807046
-0.87094,10,8379.025742
-2.909354,37,8379.931782
-0.874662,10,8380.166104
-4.627559,50,8381.290835
-5.313434,50,8382.446818
-3.409198,50,8383.618413
-0.013393,1,8383.634038
-0.042475,1,8383.665278
-0.032761,1,8383.680901
-0.981803,11,8383.946463
-1.018384,20,8384.446344
-0.402237,7,8384.586937
-0.882936,10,8384.836878
-0.834683,9,8385.05558
-0.406956,7,8385.227411
-0.471234,7,8385.399249
-0.678779,9,8385.602325
-0.896244,10,8385.821023
-0.021055,1,8385.836645
-0.899747,11,8386.102206
-0.028133,1,8386.133449
-0.479368,9,8386.367768
-0.308522,6,8386.523982
-0.607311,9,8386.727059
-0.020488,1,8386.742681
-0.007308,1,8386.789542
-4.343653,50,8387.976765
-3.883167,50,8389.163986
-0.035233,1,8389.195228
-0.023405,1,8389.226471
-0.297135,6,8389.382686
-1.754837,20,8389.851326
-4.895699,50,8391.101035
-1.38409,16,8391.491565
-1.008456,13,8391.803992
-0.606342,8,8392.02269
-0.925616,11,8392.288258
-0.041832,1,8392.319498
-0.421811,8,8392.491335
-0.542981,9,8392.67879
-0.628251,9,8392.881863
-0.409747,7,8393.038077
-0.259465,5,8393.178669
-0.005635,1,8393.19429
-0.304463,6,8393.334883
-0.412204,7,8393.506718
-0.33731,6,8393.631689
-0.583274,8,8393.819144
-0.465019,7,8393.975357
-0.03174,1,8394.022223
-4.808051,50,8395.131358
-1.043882,11,8395.381276
-0.469144,7,8395.537493
-3.58437,50,8396.755955
-3.870597,50,8397.927555
-1.099784,11,8398.193117
-4.945434,50,8399.333475
-0.565908,8,8399.520933
-1.334762,14,8399.833357
-0.009318,1,8399.848978
-0.837971,12,8400.130164
-0.769012,11,8400.395729
-0.041593,1,8400.411348
-0.044233,1,8400.426969
-0.985139,11,8400.692529
-0.380677,6,8400.848746
-0.607918,9,8401.051858
-0.025946,1,8401.067441
-4.972788,50,8402.410875
-0.547691,8,8402.629579
-2.764094,36,8403.48875
-0.787699,10,8403.691825
-1.113209,10,8403.910527
-0.280361,5,8404.035494
-4.337822,50,8405.222715
-1.062611,13,8405.519523
-0.67891,9,8405.722598
-0.812173,9,8405.972541
-3.36365,50,8407.15976
-0.037293,1,8407.191005
-0.737716,10,8407.425323
-0.592341,8,8407.628404
-0.04349,1,8407.659641
-0.274203,5,8407.784616
-1.558825,19,8408.237632
-0.503371,8,8408.456331
-0.700827,10,8408.706275
-0.671404,8,8408.878106
-0.037869,1,8408.909354
-0.992102,11,8409.174915
-0.646558,9,8409.377988
-0.453254,8,8409.549826
-1.432607,19,8410.018467
-1.427612,14,8410.346512
-0.035218,1,8410.362134
-0.511111,7,8410.518349
-3.084218,50,8411.752435
-0.504397,9,8411.971133
-0.407915,7,8412.127344
-3.998665,50,8413.2677
-0.474609,8,8413.439535
-3.925385,50,8414.611138
-0.661897,8,8414.79859
-4.559686,50,8415.923326
-1.340401,13,8416.220136
-0.244434,5,8416.345103
-0.03005,1,8416.376345
-1.50799,15,8416.720018
-0.362879,6,8416.84499
-0.360271,7,8417.032441
-0.428428,7,8417.20428
-0.397861,6,8417.329251
-6.400818,50,8418.485228
-4.442423,50,8419.688067
-0.716991,9,8419.875527
-0.045846,1,8419.891149
-0.721422,9,8420.078604
-0.510609,10,8420.328542
-0.795083,9,8420.562865
-6.244066,50,8421.671975
-4.376414,50,8422.781096
-1.085797,11,8423.015415
-0.705877,10,8423.265354
-4.949726,50,8424.452573
-1.80371,18,8424.843109
-0.616252,8,8425.030566
-0.036716,1,8425.061808
-0.593258,9,8425.249262
-0.713813,10,8425.483586
-1.008065,11,8425.733527
-0.399055,6,8425.858496
-1.149252,13,8426.155302
-0.887595,11,8426.405241
-0.587285,8,8426.60832
-3.10546,40,8427.545602
-0.440423,7,8427.717432
-0.916627,11,8427.982994
-0.452231,7,8428.154829
-0.026638,1,8428.186073
-0.765066,9,8428.389149
-0.803499,10,8428.607847
-0.608353,8,8428.795303
-4.228868,50,8429.998145
-0.045376,1,8430.029392
-1.180453,11,8430.27933
-5.651556,50,8431.482176
-3.443785,50,8432.669396
-0.020204,1,8432.685014
-0.34129,6,8432.841262
-0.033597,1,8432.872474
-4.460549,50,8434.044071
-0.465407,9,8434.231527
-3.759311,50,8435.40313
-0.348204,6,8435.559341
-3.134815,50,8436.793424
-0.720926,9,8436.980881
-1.106701,12,8437.246442
-0.72046,8,8437.44952
-0.028746,1,8437.465146
-0.555397,8,8437.652604
-0.036036,1,8437.668225
-0.532974,7,8437.840058
-1.0094,16,8438.183727
-0.711297,9,8438.371186
-0.442068,7,8438.527393
-0.775663,9,8438.761716
-0.39368,7,8438.917927
-0.769199,10,8439.136661
-0.013151,1,8439.167908
-0.034001,1,8439.199112
-0.029385,1,8439.214733
-0.308174,6,8439.386566
-1.435065,13,8439.714613
-4.791587,50,8440.933079
-0.044055,1,8440.948702
-5.97468,50,8442.08906
-0.83113,10,8442.339
-0.322991,6,8442.49521
-3.79914,50,8443.651189
-1.044573,12,8443.932373
-0.023316,1,8443.947995
-1.710662,19,8444.401054
-3.465106,50,8445.619478
-8.153368,50,8446.791078
-0.473759,9,8447.009777
-0.581677,8,8447.197235
-1.079992,12,8447.462798
-3.073207,32,8448.24386
-0.312937,6,8448.384452
-2.324911,21,8448.884338
-0.47066,7,8449.056169
-0.030645,1,8449.071791
-0.031099,1,8449.103038
-0.043483,1,8449.149898
-0.598841,9,8449.337354
-5.185958,50,8450.477747
-0.420042,8,8450.64955
-0.474983,7,8450.837004
-0.352536,6,8450.977597
-5.468529,50,8452.180439
-0.820388,9,8452.383518
-3.907226,50,8453.617599
-6.89237,50,8454.726713
-0.029551,1,8454.757962
-3.105265,50,8455.929559
-0.968831,11,8456.210742
-0.950364,11,8456.445061
-0.310487,6,8456.554411
-0.039976,1,8456.585655
-3.148903,50,8457.72601
-0.456455,7,8457.882224
-4.718016,50,8459.100684
-0.272587,5,8459.225658
-0.685301,8,8459.459976
-11.457142,50,8460.631578
-0.324556,6,8460.772169
-0.43105,6,8460.897142
-4.195731,50,8462.084365
-0.043714,1,8462.115602
-0.294575,6,8462.27182
-0.672163,8,8462.459271
-0.626815,8,8462.662349
-0.04946,1,8462.677971
-0.674488,11,8462.927916
-1.859899,17,8463.334069
-1.473422,20,8463.802707
-0.525076,7,8463.958919
-3.822896,50,8465.052415
-0.02747,1,8465.068038
-0.890881,11,8465.333649
-1.195043,15,8465.661644
-0.498395,7,8465.817864
-0.480435,7,8466.020934
-2.064288,26,8466.645792
-0.599001,9,8466.864493
-0.294467,5,8466.973841
-0.657418,8,8467.145671
-0.55929,8,8467.333128
-0.047586,1,8467.348749
-0.308804,6,8467.504997
-0.682277,9,8467.708038
-0.049786,1,8467.739314
-4.308844,50,8468.832774
-3.073291,50,8470.066862
-1.183635,13,8470.363667
-3.848877,50,8471.55089
-0.049712,1,8471.566508
-0.022892,1,8471.59775
-0.352373,6,8471.722721
-0.802958,11,8472.003902
-0.672604,8,8472.160123
-0.311277,6,8472.300714
-0.030945,1,8472.316336
-0.033987,1,8472.363197
-6.055113,50,8473.487934
-0.645275,8,8473.659764
-0.025977,1,8473.675387
-0.617652,9,8473.909707
-0.24997,5,8474.003439
-3.915064,44,8475.018826
-0.501826,8,8475.221902
-0.764006,9,8475.471839
-0.048213,1,8475.487462
-1.046296,12,8475.893618
-1.461297,14,8476.252906
-0.343908,6,8476.409121
-0.756427,9,8476.659061
-1.389892,12,8476.971488
-0.802904,9,8477.174567
-1.276466,17,8477.565103
-0.038019,1,8477.596347
-0.020453,1,8477.611968
-3.085176,50,8478.799184
-0.032247,1,8478.830431
-0.046168,1,8478.861669
-0.52716,7,8479.002264
-0.81171,11,8479.252207
-0.026363,1,8479.28345
-0.036243,1,8479.299068
-0.036166,1,8479.33031
-5.022265,50,8480.564393
-2.161937,26,8481.17363
-0.390169,6,8481.329839
-3.570122,50,8482.657652
-0.008206,1,8482.688894
-0.35406,6,8482.876351
-0.042803,1,8482.907593
-0.041385,1,8482.954458
-0.689117,9,8483.141915
-0.508567,9,8483.376234
-3.124181,50,8484.516593
-4.106578,50,8485.703817
-0.885779,10,8485.922516
-3.6081,50,8487.187841
-4.68857,50,8488.343817
-0.835636,9,8488.562519
-0.648538,8,8488.734349
-4.684317,50,8489.937193
-0.713913,9,8490.155891
-1.125475,14,8490.499565
-1.060724,11,8490.765124
-4.692585,50,8491.90548
-0.506182,7,8492.061698
-3.998286,50,8493.222158
-0.379582,7,8493.378375
-0.256016,5,8493.503346
-0.028833,1,8493.518968
-0.039902,1,8493.550209
-0.031647,1,8493.58145
-0.0231,1,8493.612696
-0.044248,1,8493.628313
-0.043835,1,8493.659556
-0.45392,7,8493.815787
-0.640795,9,8494.065713
-5.183514,50,8495.232324
-0.443157,7,8495.404155
-0.808406,10,8495.638477
-6.09232,50,8496.84132
-3.365577,50,8498.106647
-0.598607,8,8498.262864
-0.889712,10,8498.497181
-0.335415,6,8498.669015
-1.388189,15,8499.012688
-0.039296,1,8499.043937
-0.493929,7,8499.18452
-4.34168,50,8500.340506
-0.034004,1,8500.371741
-0.634197,9,8500.574822
-0.72608,9,8500.762274
-4.416318,50,8502.043223
-3.067348,50,8504.823818
-3.413947,50,8506.01104
-0.015884,1,8506.026663
-0.535064,8,8506.229741
-0.359535,6,8506.370332
-0.332049,6,8506.510923
-0.742194,9,8506.729651
-0.759507,8,8506.917083
-0.450536,7,8507.073292
-4.242342,50,8508.260517
-3.858347,50,8509.369631
-0.043636,1,8509.400871
-3.532331,50,8510.525606
-0.016602,1,8510.541228
-0.38696,6,8510.69744
-0.03975,1,8510.728684
-5.088479,50,8511.869044
-2.804041,50,8513.040644
-4.258884,50,8514.243483
-0.630609,8,8514.430939
-0.734201,8,8514.634015
-0.024015,1,8514.665258
-0.665257,9,8514.868338
-0.935717,12,8515.196384
-0.913459,10,8515.415081
-1.00412,12,8515.727508
-5.381818,50,8516.914735
-0.634966,9,8517.13343
-0.598023,8,8517.305263
-0.603494,8,8517.477099
-0.787252,10,8517.695796
-1.03609,11,8517.961363
-1.086859,12,8518.226926
-0.027053,1,8518.242547
-1.270844,15,8518.586214
-1.398991,18,8519.007988
-0.529562,8,8519.179823
-0.564881,8,8519.367279
-0.040583,1,8519.398522
-0.360857,6,8519.554737
-5.159101,50,8520.741961
-0.45064,7,8520.89817
-3.753007,43,8521.929177
-0.618047,8,8522.132259
-0.590574,9,8522.350953
-0.008123,1,8522.366575
-1.161816,12,8522.616516
-0.755987,9,8522.835216
-2.83757,50,8524.006849
-0.029814,1,8524.038056
-0.315117,6,8524.16303
-0.01615,1,8524.194274
-25.280063,50,8525.303385
-1.894632,19,8525.756405
-0.683432,10,8525.990726
-2.886618,50,8527.162325
-0.029575,1,8527.177946
-3.514897,50,8528.318306
-0.911183,11,8528.552621
-0.685156,9,8528.755699
-0.037325,1,8528.786942
-1.091306,11,8529.021268
-0.029576,1,8529.052508
-0.327098,5,8529.177475
-1.335965,14,8529.489909
-0.769145,8,8529.677359
-0.498953,7,8529.849191
-5.790395,50,8531.020792
-0.55792,7,8531.192629
-0.738025,9,8531.411365
-0.349002,6,8531.567539
-0.80995,9,8531.786238
-0.505412,7,8531.973735
-0.63732,8,8532.161149
-1.264654,14,8532.442337
-0.605318,8,8532.645411
-0.807368,11,8532.895351
-0.036246,1,8532.926596
-0.657631,9,8533.145295
-0.024895,1,8533.17654
-0.261353,5,8533.285889
-0.661145,8,8533.457718
-1.077243,11,8533.70766
-0.956074,14,8534.066951
-0.257619,5,8534.207545
-0.403859,6,8534.363759
-0.808158,10,8534.566835
-0.380655,6,8534.723047
-0.572847,8,8534.894882
-0.034504,1,8534.910504
-0.815255,10,8535.129203
-0.019459,1,8535.176065
-0.511563,10,8535.410384
-0.044174,1,8535.426007
-3.908585,50,8536.535126
-0.304514,6,8536.675716
-0.018197,1,8536.706962
-0.353086,6,8536.831926
-5.861741,50,8537.925421
-0.519874,8,8538.112877
-3.335839,50,8539.253234
-0.860552,11,8539.503174
-0.004878,1,8539.518797
-0.976338,11,8539.815604
-3.123309,50,8540.940341
-4.397075,50,8542.127563
-0.613889,8,8542.283775
-0.342438,7,8542.455606
-0.695795,8,8542.627445
-0.379843,6,8542.768033
-1.044464,17,8543.15857
-0.020579,1,8543.189827
-3.181734,50,8544.408276
-0.766763,9,8544.61135
-0.576986,10,8544.830052
-0.026209,1,8544.861293
-0.045118,1,8544.89254
-1.591318,17,8545.267487
-0.691979,9,8545.454905
-3.440324,50,8546.673367
-0.023834,1,8546.688986
-0.487062,7,8546.845201
-1.344064,14,8547.204491
-0.839175,10,8547.454432
-0.748184,9,8547.65751
-6.165639,50,8548.797866
-0.038184,1,8548.813488
-4.670769,50,8549.953846
-3.204148,40,8550.922367
-0.591851,9,8551.125446
-0.042503,1,8551.141066
-0.622433,8,8551.344144
-1.282527,14,8551.703435
-0.366248,7,8551.875272
-0.859486,10,8552.109593
-0.722043,10,8552.390774
-0.397931,6,8552.515747
-0.288624,6,8552.640718
-0.615648,8,8552.812552
-0.633896,9,8553.015627
-1.038439,11,8553.281191
-1.040881,12,8553.546751
-0.00256,1,8553.562373
-0.66028,9,8553.781075
-1.467739,19,8554.218469
-0.736631,10,8554.452787
-1.081115,19,8554.905808
-0.046253,1,8554.95267
-3.996858,50,8556.171135
-0.645709,9,8556.389836
-1.202412,12,8556.717881
-0.367038,7,8556.905339
-0.005869,1,8556.920959
-4.25268,50,8558.07694
-0.548649,7,8558.23315
-3.827712,50,8559.514098
-2.2008,28,8560.170195
-0.021087,1,8560.201438
-0.702904,9,8560.404519
-0.477455,7,8560.607595
-0.044867,1,8560.638836
-0.045394,1,8560.654459
-0.550521,8,8560.841919
-0.024239,1,8560.888775
-0.609512,8,8561.076235
-0.752709,10,8561.294937
-4.380548,50,8562.466535
-1.298537,14,8562.841443
-1.010011,10,8563.075763
-0.843963,10,8563.310082
-0.038341,1,8563.325704
-0.763698,9,8563.528782
-0.044966,1,8563.544402
-0.044874,1,8563.575647
-0.036525,1,8563.591268
-0.525924,7,8563.778724
-0.620567,8,8563.966179
-4.127527,50,8565.184648
-3.760844,50,8566.30938
-0.045753,1,8566.340621
-0.41752,7,8566.512459
-1.428461,14,8566.856125
-0.034962,1,8566.887369
-0.474374,7,8567.043585
-0.645768,8,8567.246658
-0.453522,7,8567.434114
-1.825015,32,8568.387048
-0.459783,7,8568.55885
-0.898184,10,8568.840034
-2.436323,30,8569.527376
-0.522817,8,8569.69921
-0.635641,8,8569.902287
-0.254341,5,8570.042878
-4.453597,50,8571.136369
-0.844742,10,8571.386311
-0.044439,1,8571.417552
-0.027543,1,8571.448796
-0.017287,1,8571.464417
-2.919383,37,8572.292353
-3.446193,50,8573.495196
-0.045415,1,8573.510815
-0.581555,7,8573.651405
-0.875254,9,8573.885723
-3.419683,34,8574.682411
-3.427016,30,8575.385373
-4.224183,50,8576.463244
-0.657264,8,8576.635087
-3.299592,50,8577.775435
-0.393859,6,8577.900409
-0.015412,1,8577.931651
-0.655093,8,8578.119119
-0.671363,10,8578.353429
-0.555794,7,8578.509642
-0.029104,1,8578.525263
-1.496626,18,8578.947039
-0.469087,8,8579.118871
-0.578758,7,8579.275083
-4.779778,50,8580.384202
-0.049731,1,8580.399824
-0.743402,8,8580.602897
-0.718867,10,8580.852843
-5.557674,50,8582.086924
-0.944443,10,8582.290001
-1.001778,12,8582.57119
-1.438858,15,8582.946099
-0.33617,6,8583.071066
-0.935218,11,8583.321009
-0.43637,7,8583.492845
-0.042809,1,8583.524087
-5.937031,50,8584.726928
-0.338277,6,8584.851902
-1.566145,14,8585.195569
-4.620751,50,8586.289061
-0.351146,6,8586.41404
-0.749947,8,8586.585869
-4.354316,50,8587.773087
-1.101203,12,8588.023028
-4.640021,50,8589.132147
-0.557569,8,8589.350844
-0.589556,8,8589.553924
-0.478174,7,8589.710132
-0.810786,9,8589.913212
-0.015766,1,8589.944454
-0.405586,7,8590.147529
-6.177322,50,8591.319129
-3.80953,50,8592.475108
-0.987485,10,8592.74067
-0.021032,1,8592.771917
-0.008016,1,8592.787538
-0.047524,1,8592.818781
-0.00141,1,8592.834404
-0.041936,1,8592.865641
-6.038849,50,8594.037244
-0.016668,1,8594.052869
-0.014781,1,8594.068487
-0.027155,1,8594.115347
-0.567903,7,8594.271564
-0.348592,6,8594.396537
-0.042678,1,8594.427774
-0.395691,6,8594.568369
-0.773294,9,8594.755824
-0.696073,8,8594.943282
-1.240272,12,8595.208844
-0.565308,8,8595.411922
-4.086432,50,8596.61476
-0.020072,1,8596.646003
-0.619801,10,8596.895946
-0.917534,10,8597.161505
-3.081932,50,8598.317485
-4.501858,50,8599.567193
-0.652935,8,8599.78589
-0.774995,9,8600.00459
-18.18208,50,8601.176193
-0.024737,1,8601.191814
-0.778966,9,8601.39489
-0.930612,13,8601.707318
-1.412598,12,8601.972877
-0.447201,7,8602.113475
-0.961271,11,8602.363415
-0.909562,9,8602.58211
-0.685226,9,8602.80081
-0.330134,7,8603.03513
-0.045023,1,8603.066373
-0.456728,6,8603.222585
-1.270194,16,8603.628738
-0.255371,5,8603.738087
-0.695218,8,8603.894306
-1.049871,12,8604.191106
-0.466141,7,8604.347323
-0.339672,6,8604.487915
-0.378025,6,8604.612883
-0.022653,1,8604.644125
-0.031604,1,8604.675368
-7.862612,50,8605.800105
-0.637183,9,8605.987562
-1.483538,19,8606.456203
-0.032099,1,8606.487441
-0.024629,1,8606.503063
-4.867355,50,8607.690284
-0.63387,8,8607.862122
-2.808362,50,8609.080582
-1.125597,13,8609.377388
-3.378027,50,8610.548989
-0.248754,5,8610.673959
-0.543952,7,8610.814557
-0.507853,8,8611.002011
-2.789521,28,8611.62686
-0.028933,1,8611.658104
-0.505406,9,8611.876803
-0.519122,7,8612.04864
-0.020721,1,8612.064262
-0.757043,9,8612.282959
-0.024268,1,8612.29858
-0.590419,8,8612.486033
-0.738154,10,8612.720351
-0.944984,11,8612.985953
-0.048751,1,8613.017164
-3.102999,50,8614.157515
-0.044581,1,8614.173139
-1.365577,13,8614.469942
-0.966477,11,8614.735504
-5.177099,50,8615.813383
-0.478788,9,8616.016453
-0.5607,8,8616.219531
-0.382337,6,8616.344503
-0.873935,10,8616.563203
-0.662575,9,8616.797522
-1.280577,18,8617.203682
-0.70806,8,8617.406752
-0.651687,8,8617.594213
-0.035076,1,8617.609837
-0.921766,10,8617.844152
-4.865591,50,8618.984506
-0.311744,6,8619.109477
-0.359638,6,8619.234448
-0.327661,6,8619.390662
-0.044785,1,8619.421904
-4.881527,50,8620.593503
-0.640371,8,8620.765343
-1.004915,15,8621.140252
-0.496082,10,8621.405812
-4.405473,50,8622.546171
-5.72212,50,8623.670906
-0.447614,7,8623.842741
-3.533713,50,8624.983097
-0.821585,9,8625.170554
-3.856971,50,8626.264048
-0.92957,10,8626.513989
-0.034105,1,8626.52961
-3.386922,43,8627.544997
-0.014466,1,8627.560618
-0.649195,8,8627.763694
-0.766591,9,8627.951149
-0.774464,9,8628.122989
-2.932946,50,8629.278964
-0.645036,9,8629.513283
-6.548502,50,8630.653644
-0.027923,1,8630.669266
-0.58426,8,8630.856719
-0.648965,8,8631.075432
-0.446892,8,8631.262871
-3.537898,50,8632.403232
-0.333515,6,8632.543826
-0.42596,7,8632.71566
-0.331399,6,8632.84063
-0.393532,6,8632.965599
-0.927063,10,8633.168675
-0.444397,7,8633.371753
-0.278593,5,8633.496725
-0.049822,1,8633.51236
-0.034809,1,8633.527968
-4.125534,50,8634.887025
-3.468369,50,8636.152351
-0.622644,9,8636.355426
-0.376474,6,8636.4804
-0.341367,6,8636.620992
-0.031704,1,8636.652234
-0.245298,5,8636.777207
-4.441984,50,8637.870696
-0.029135,1,8637.91756
-3.611096,50,8639.104781
-0.946113,10,8639.32348
-0.006656,1,8639.339101
-0.037716,1,8639.370346
-0.017451,1,8639.401586
-1.174124,11,8639.651531
-0.261121,5,8639.745262
-1.982859,22,8640.292008
-0.901799,10,8640.5107
-0.029794,1,8640.541943
-2.360004,20,8641.010584
-0.029554,1,8641.041825
-0.845426,9,8641.27615
-4.292886,50,8642.525851
-0.533194,8,8642.72893
-0.031213,1,8642.760175
-0.043213,1,8642.791422
-0.766838,9,8642.994494
-0.046865,1,8643.010115
-0.823287,9,8643.228812
-0.966081,11,8643.478756
-0.890812,10,8643.697456
-0.436446,7,8643.869286
-4.545412,50,8644.96278
-1.844107,19,8645.462665
-0.549376,8,8645.650119
-0.518131,8,8645.821956
-4.805208,50,8647.009173
-0.627674,11,8647.274738
-0.025066,1,8647.305984
-0.626479,9,8647.555921
-0.809005,9,8647.774622
-0.689001,8,8647.946458
-0.574094,8,8648.118288
-4.4102,50,8649.274268
-0.760063,9,8649.492965
-0.741214,9,8649.711668
-0.5717,7,8649.867877
-4.329777,50,8651.023857
-3.530795,50,8652.148595
-1.167712,18,8652.570371
-1.562216,14,8652.867173
-0.040505,1,8652.882799
-0.538482,7,8653.039009
-5.907139,50,8654.101262
-0.025813,1,8654.116883
-0.047932,1,8654.148145
-0.672099,8,8654.366822
-0.49127,7,8654.507416
-1.435516,15,8654.866709
-0.01827,1,8654.882328
-1.574552,20,8655.366586
-3.487816,50,8656.538192
-1.064422,12,8656.819381
-0.550446,8,8656.991205
-0.044177,1,8657.022448
-5.737782,50,8658.194051
-0.045098,1,8658.209674
-0.807837,9,8658.412752
-1.375093,15,8658.787658
-5.514731,50,8659.943638
-4.874877,50,8661.130861
-4.985547,50,8662.239977
-3.892349,50,8663.39595
-0.020077,1,8663.411572
-0.013976,1,8663.442814
-0.294306,6,8663.599059
-0.043946,1,8663.630275
-0.39722,6,8663.770863
-0.029934,1,8663.802111
-0.835035,9,8663.989561
-0.682693,8,8664.192644
-0.703534,10,8664.42696
-1.510002,18,8664.833112
-0.780357,10,8665.083057
-0.552101,8,8665.270512
-0.040003,1,8665.286133
-0.637673,9,8665.473593
-4.790082,50,8666.582702
-4.289557,50,8667.738684
-0.372803,6,8667.863652
-0.385523,6,8668.004246
-0.8405,11,8668.254184
-0.025589,1,8668.285427
-0.58485,8,8668.488504
-0.586117,9,8668.707206
-0.510257,7,8668.86342
-0.474702,7,8669.019637
-0.609782,9,8669.207089
-0.042919,1,8669.22271
-0.028218,1,8669.253955
-1.900051,18,8669.706968
-0.039845,1,8669.73821
-0.033904,1,8669.753835
-0.577463,8,8669.95691
-0.252659,5,8670.06626
-0.455874,7,8670.222471
-5.213738,50,8671.315968
-0.03665,1,8671.347208
-5.29806,50,8672.518813
-0.43651,6,8672.690641
-2.513413,50,8673.862243
-3.968722,50,8674.986979
-0.634587,8,8675.190073
-0.845299,10,8675.408756
-0.666407,8,8675.61183
-1.445881,14,8675.92426
-0.263243,5,8676.049227
-0.354239,6,8676.205445
-0.345513,6,8676.361658
-0.01954,1,8676.377281
-0.482008,7,8676.564733
-0.569871,10,8676.799056
-1.515874,14,8677.127104
-0.336881,7,8677.283317
-0.014839,1,8677.31456
-2.877922,50,8678.5174
-0.659866,8,8678.689233
-1.124327,11,8678.939177
-1.065432,11,8679.189122
-3.455904,50,8680.4232
-0.696813,9,8680.657522
-1.664282,16,8681.048058
-0.022289,1,8681.079301
-1.175114,12,8681.376103
-0.037788,1,8681.391725
-0.559856,7,8681.547939
-0.715383,9,8681.766635
-0.246784,5,8681.891608
-3.030284,50,8683.000722
-1.488683,14,8683.375632
-0.036825,1,8683.406879
-1.681591,18,8683.813033
-0.039888,1,8683.82865
-1.179301,13,8684.141077
-0.041611,1,8684.172321
-3.693899,41,8685.203329
-4.569526,50,8686.312444
-0.048385,1,8686.343686
-4.193461,50,8687.452801
-1.881437,18,8687.890198
-0.605426,9,8688.093278
-0.479717,7,8688.249488
-0.048416,1,8688.280729
-0.86761,12,8688.577535
-0.599002,8,8688.780613
-0.261344,5,8688.905624
-1.140448,12,8689.202389
-1.407716,13,8689.530437
-7.274654,50,8690.686416
-1.331683,13,8690.998841
-0.402459,7,8691.155056
-0.033264,1,8691.186299
-0.041546,1,8691.201923
-0.757322,9,8691.405
-0.813826,11,8691.670563
-0.626622,8,8691.873641
-0.369375,6,8691.998611
-0.046079,1,8692.02985
-0.551446,8,8692.248548
-5.182514,50,8693.373287
-0.650785,8,8693.560745
-0.771661,8,8693.748196
-0.040329,1,8693.795078
-0.044431,1,8693.810683
-0.443688,6,8693.935655
-4.688894,50,8695.060389
-0.362835,6,8695.216605
-1.049656,12,8695.513408
-0.021413,1,8695.529032
-0.846754,10,8695.763347
-0.853767,11,8696.013294
-0.014514,1,8696.044531
-0.429666,7,8696.200748
-4.996306,50,8697.387969
-4.283416,50,8698.590808
-0.048206,1,8698.606433
-0.040405,1,8698.622056
-0.81209,11,8698.872014
-0.713966,9,8699.07507
-0.045078,1,8699.090691
-5.463466,50,8700.293538
-0.609961,8,8700.465373
-0.566983,8,8700.68407
-0.538467,7,8700.840281
-0.324984,6,8700.980912
-0.547828,8,8701.137089
-0.71378,9,8701.387027
-1.287345,13,8701.683835
-1.283204,14,8702.058745
-5.260653,50,8703.183479
-0.005323,1,8703.214724
-1.283165,13,8703.51158
-0.042745,1,8703.542812
-0.588713,8,8703.730231
-0.934971,10,8703.96455
-0.415985,7,8704.12076
-0.964926,11,8704.370723
-1.219732,12,8704.636268
-0.039411,1,8704.683128
-0.021444,1,8704.71437
-0.915022,11,8704.948694
-0.631244,8,8705.104909
-1.030457,13,8705.417329
-0.030301,1,8705.448573
-0.040159,1,8705.464199
-0.89671,10,8705.714139
-6.812815,50,8706.901358
-0.925493,10,8707.104438
-1.044906,12,8707.416859
-0.016849,1,8707.432485
-8.681001,50,8708.572841
-0.406346,6,8708.713431
-4.609842,50,8709.869411
-0.440893,7,8710.056865
-0.79884,14,8710.40054
-0.035816,1,8710.416158
-0.82934,9,8710.634858
-1.203924,12,8710.900419
-0.856581,10,8711.150358
-0.346299,6,8711.290955
-0.707221,8,8711.447165
-0.85198,10,8711.681489
-0.788452,9,8711.915806
-1.63371,22,8712.431309
-5.754006,50,8713.602909
-0.599753,9,8713.805985
-0.040559,1,8713.83723
-4.260371,50,8715.024453
-0.365393,6,8715.149441
-0.834023,9,8715.352494
-4.892835,50,8716.570961
-1.199372,12,8716.852143
-5.851516,50,8717.992503
-0.80546,10,8718.195579
-0.915716,10,8718.429903
-0.042562,1,8718.445524
-0.682532,8,8718.601752
-1.074194,13,8718.882917
-0.655787,9,8719.101617
-4.000126,50,8720.366944
-0.033799,1,8720.382565
-0.878131,9,8720.601264
-0.314173,6,8720.773099
-0.041613,1,8720.804344
-0.873331,11,8721.069904
-1.182216,12,8721.36671
-0.855089,10,8721.616656
-0.255162,5,8721.757243
-0.548799,7,8721.91346
-4.240137,50,8723.100713
-0.379241,7,8723.288133
-0.884149,11,8723.553695
-4.021513,50,8724.756538
-0.020659,1,8724.78778
-0.545876,7,8724.97524
-3.466972,50,8726.099973
-0.264369,5,8726.209335
-0.411592,7,8726.365536
-0.041509,1,8726.396782
-4.515381,50,8727.537137
-0.474144,7,8727.708974
-0.739923,9,8727.896431
-0.541917,8,8728.099505
-1.152519,11,8728.396309
-0.832707,13,8728.708735
-1.019352,11,8728.974299
-5.838764,50,8730.114659
-0.016899,1,8730.145901
-0.044744,1,8730.161519
-3.820376,50,8731.30188
-0.644191,9,8731.536199
-1.540456,16,8731.91111
-0.713531,8,8732.082947
-0.701191,9,8732.270403
-3.776751,50,8733.520107
-0.276545,5,8733.645076
-0.004023,1,8733.660698
-1.413942,19,8734.113715
-0.037923,1,8734.14496
-0.762027,9,8734.34804
-4.677803,50,8735.519635
-0.365653,6,8735.660228
-0.727426,10,8735.941415
-0.426601,7,8736.128906
-0.601573,8,8736.316325
-0.665368,9,8736.535022
-1.290408,13,8736.847453
-0.800544,11,8737.081772
-0.827966,10,8737.316092
-0.049197,1,8737.331714
-0.89607,11,8737.58165
-0.019855,1,8737.597276
-1.404672,20,8738.050297
-1.14784,13,8738.347097
-0.707224,8,8740.002958
-0.044152,1,8740.034203
-3.270257,37,8741.002722
-1.325457,15,8741.362012
-4.749488,50,8742.517992
-0.364841,6,8742.658584
-0.57005,10,8742.892908
-5.187441,50,8744.09575
-0.354772,6,8744.251959
-0.845658,10,8744.486284
-0.282044,6,8744.61125
-0.429961,6,8744.736222
-8.024496,50,8745.876581
-6.112954,50,8747.048181
-0.025316,1,8747.079424
-0.321083,5,8747.220014
-8.235024,50,8748.391616
-1.004247,10,8748.625931
-3.873981,50,8749.8444
-0.965605,12,8750.141204
-0.853895,10,8750.375526
-0.592023,9,8750.578598
-1.552105,15,8750.937889
-0.769036,9,8751.125345
-0.030376,1,8751.156588
-0.615686,8,8751.344043
-0.396957,6,8751.46902
-0.352187,6,8751.593987
-0.527038,8,8751.812685
-0.363541,7,8751.984518
-1.429236,13,8752.265704
-0.33817,6,8752.406294
-0.327962,6,8752.562507
-3.539824,50,8753.74973
-0.461309,7,8753.890325
-4.840266,50,8755.0463
-0.726752,9,8755.265001
-0.410739,6,8755.42121
-0.635558,9,8755.624288
-5.045417,50,8756.842752
-0.451813,7,8757.01459
-0.020381,1,8757.045832
-0.677012,8,8757.217663
-0.398418,7,8757.373877
-0.880624,10,8757.608201
-0.048187,1,8757.623823
-0.025723,1,8757.655066
-0.430324,6,8757.780037
-4.417349,50,8759.029742
-0.743847,8,8759.217193
-1.029534,11,8759.467139
-0.623991,8,8759.638971
-7.680968,50,8760.794955
-0.421175,7,8760.951162
-1.085,12,8761.201104
-0.04772,1,8761.216725
-0.57753,7,8761.404182
-0.039742,1,8761.435424
-0.815858,10,8761.685366
-0.365404,6,8761.810335
-0.837978,10,8762.029039
-0.873292,11,8762.263358
-0.020982,1,8762.278979
-0.009517,1,8762.2946
-0.046634,1,8762.32584
-0.539942,8,8762.528957
-0.558735,9,8762.747654
-3.122239,50,8763.966079
-0.540334,7,8764.137913
-0.792926,9,8764.356613
-0.544804,7,8764.497208
-0.048687,1,8764.512828
-0.043932,1,8764.544075
-0.008959,1,8764.575311
-0.038212,1,8764.59093
-1.21387,13,8764.903365
-0.344347,6,8765.043953
-0.585184,8,8765.215785
-0.047468,1,8765.247027
-5.217128,50,8766.387386
-0.443187,7,8766.55922
-0.038327,1,8766.574844
-0.699369,10,8766.80916
-0.498905,7,8766.965379
-0.668232,8,8767.168452
-4.377975,50,8768.40254
-1.1254,13,8768.683722
-0.038053,1,8768.714964
-0.532663,7,8768.871178
-0.761458,14,8769.199227
-0.35148,6,8769.339823
-0.027472,1,8769.371064
-0.677731,9,8769.621002
-0.71707,8,8769.777217
-0.332995,6,8769.902185
-3.256976,50,8771.105027
-1.501138,21,8771.573666
-2.902788,50,8772.745268
-1.142132,13,8773.057695
-0.544027,8,8773.260771
-1.987977,22,8773.760654
-0.013817,1,8773.776277
-0.277396,5,8773.885624
-3.406979,50,8775.072849
-1.231111,12,8775.400894
-0.576429,7,8775.57273
-1.681197,18,8776.041368
-3.041396,50,8777.166104
-1.233487,12,8777.431665
-0.874413,10,8777.634747
-0.677121,8,8777.83782
-0.30903,6,8777.962791
-1.40505,14,8778.30646
-0.030137,1,8778.322087
-1.793684,24,8778.868831
-0.602784,8,8779.040663
-0.409246,6,8779.181259
-0.801855,10,8779.431207
-0.345431,6,8779.556167
-0.565129,8,8779.728006
-3.326099,50,8780.883981
-0.24563,5,8780.977711
-0.032441,1,8781.008954
-5.613279,46,8782.086827
-1.089979,11,8782.383632
-0.631517,8,8782.571083
-0.325231,6,8782.727301
-0.404147,6,8782.852278
-0.01336,1,8782.883511
-1.825663,21,8783.320908
-0.042231,1,8783.33653
-1.148039,11,8783.586471
-0.523599,8,8783.805172
-0.606099,7,8783.977004
-0.304862,6,8784.117595
-0.406642,7,8784.289431
-4.79577,50,8785.445413
-0.55791,7,8785.617288
-0.029923,1,8785.648487
-0.341607,6,8785.773462
-0.037468,1,8785.80471
-0.667853,8,8785.976538
-0.049573,1,8786.007782
-0.510086,7,8786.16399
-0.023127,1,8786.210855
-4.599391,50,8787.304348
-0.736872,9,8787.538668
-0.293916,6,8787.648021
-0.545974,8,8787.851094
-3.912073,50,8789.022695
-0.448172,8,8789.210154
-0.611061,9,8789.413231
-0.886268,9,8789.631926
-0.415554,7,8789.788138
-0.270434,5,8789.881868
-4.393934,50,8791.084711
-1.474014,18,8791.537729
-0.047205,1,8791.553352
-0.041004,1,8791.584592
-5.137324,50,8792.709327
-0.034254,1,8792.756191
-0.259919,5,8792.865546
-0.828968,10,8793.068619
-0.256655,5,8793.177968
-0.024382,1,8793.209228
-3.847055,50,8794.458917
-1.271671,19,8794.896318
-1.08103,11,8795.13064
-4.014572,50,8796.317856
-1.034332,12,8796.599039
-0.533117,7,8796.755254
-4.344147,50,8797.926852
-1.23118,12,8798.208036
-4.429234,50,8799.37964
-3.969449,50,8800.535616
-0.375758,6,8800.691842
-0.463492,7,8800.879284
-3.157024,50,8802.00402
-4.015943,50,8803.081897
-4.605449,50,8804.222252
-1.409272,17,8804.628403
-0.042519,1,8804.644024
-2.110155,29,8805.346985
-0.429726,7,8805.503198
-0.668679,8,8805.690672
-2.239679,29,8806.409234
-0.021374,1,8806.424857
-0.965115,11,8806.690418
-4.958578,50,8807.830775
-1.169415,13,8808.111961
-13.708933,50,8809.267943
-0.032379,1,8809.283563
-0.02571,1,8809.314807
-1.430969,14,8809.642851
-0.599666,8,8809.861549
-0.7472,9,8810.049007
-0.905879,10,8810.283329
-0.577528,9,8810.486402
-1.112219,12,8810.767623
-1.345936,13,8811.064397
-0.834788,10,8811.314335
-0.018905,1,8811.345577
-0.940695,11,8811.611141
-1.307582,18,8812.001673
-0.30311,6,8812.173506
-0.335263,6,8812.298479
-0.70663,10,8812.548419
-0.814248,10,8812.782737
-0.010782,1,8812.798361
-0.667563,8,8812.970194
-0.362634,6,8813.126411
-0.656266,8,8813.329489
-0.00783,1,8813.360728
-0.506275,7,8813.516947
-0.673218,11,8813.751264
-0.335471,6,8813.876235
-0.93559,9,8814.094968
-0.328371,6,8814.219901
-3.651277,50,8815.57896
-2.6681,25,8816.141329
-0.381296,6,8816.32878
-0.634256,9,8816.53186
-0.040948,1,8816.547482
-0.029628,1,8816.57872
-0.546156,7,8816.750556
-3.059385,33,8817.516006
-0.031379,1,8817.531626
-0.555779,8,8817.7347
-0.349245,7,8817.906538
-0.028154,1,8817.922159
-6.803403,50,8819.000027
-1.213933,24,8819.593642
-1.159496,13,8819.906064
-0.556384,8,8820.077904
-0.356088,6,8820.202876
-0.72431,9,8820.421569
-0.64206,9,8820.65589
-3.942349,50,8821.796249
-0.03785,1,8821.811871
-2.066876,25,8822.40548
-0.017435,1,8822.452345
-1.269345,13,8822.749147
-1.14963,12,8822.999092
-0.965626,10,8823.202167
-0.046104,1,8823.249033
-0.525375,7,8823.405247
-0.012865,1,8823.436491
-0.687524,8,8823.623977
-0.042819,1,8823.655216
-0.528882,7,8823.827019
-0.030196,1,8823.842641
-0.568846,7,8823.998857
-0.536298,9,8824.217553
-0.297198,6,8824.342525
-0.04205,1,8824.358164
-5.058093,50,8825.529748
-0.876936,9,8825.732822
-0.425376,7,8825.904657
-1.280077,16,8826.26395
-0.637526,8,8826.435782
-0.427649,6,8826.591995
-0.037206,1,8826.62324
-0.830661,9,8826.810696
-3.894466,50,8827.982296
-0.65763,8,8828.169749
-1.051188,13,8828.482177
-0.017604,1,8828.513418
-6.010045,50,8829.653776
-0.87528,9,8829.872474
-0.038358,1,8829.888097
-3.166244,50,8831.044074
-0.884976,10,8831.262774
-0.527002,8,8831.46585
-0.257885,5,8831.559579
-4.538045,50,8832.699935
-2.029613,25,8833.277924
-3.40671,50,8834.402661
-0.844721,11,8834.668223
-1.063041,10,8834.902546
-0.317486,6,8835.043134
-0.012986,1,8835.074381
-0.336556,6,8835.214969
-1.173863,12,8835.511777
-5.503342,50,8836.63651
-4.669453,50,8837.808113
-0.780161,9,8838.042429
-0.654963,9,8838.229885
-0.568346,8,8838.417345
-0.448681,7,8838.589176
-0.332727,6,8838.74539
-1.233451,12,8839.089059
-0.293099,5,8839.18279
-4.661459,50,8840.307524
-0.262555,5,8840.416871
-0.426613,7,8840.557465
-0.720249,9,8840.776164
-0.547258,7,8840.932378
-0.045429,1,8840.963619
-0.046694,1,8840.97924
-0.271901,5,8841.088589
-1.139929,10,8841.322914
-0.471514,7,8841.510365
-0.475213,7,8841.650961
-0.690034,10,8841.885281
-0.711369,9,8842.135218
-0.412725,7,8842.307056
-0.547248,7,8842.478926
-0.333819,6,8842.635134
-0.593716,7,8842.838178
-2.747981,31,8843.572381
-0.791639,10,8843.806705
-5.307478,50,8844.947063
-0.356989,6,8845.08765
-4.188723,50,8846.228007
-3.994529,50,8847.368365
-0.939134,11,8847.602686
-0.645491,8,8847.821383
-0.538868,7,8847.977597
-0.6207,8,8848.133815
-1.059125,12,8848.399372
-4.580179,50,8849.60222
-0.605319,8,8849.789671
-0.639052,8,8850.00837
-1.146352,11,8850.242689
-0.971718,11,8850.492632
-0.909877,10,8850.758196
-0.001463,1,8850.789439
-0.701645,9,8850.961272
-4.13747,50,8852.132885
-0.788392,9,8852.335953
-0.682181,8,8852.492162
-4.707932,50,8853.648141
-0.026567,1,8853.695004
-0.435528,7,8853.866842
-0.025471,1,8853.882463
-0.026251,1,8853.898085
-0.031901,1,8853.929346
-0.546166,8,8854.116786
-0.044821,1,8854.132404
-1.052172,12,8854.476074
-0.029168,1,8854.491695
-0.707039,9,8854.726065
-5.073414,50,8855.835129
-0.274121,5,8855.944477
-0.269052,5,8856.06945
-0.718527,9,8856.272524
-0.038482,1,8856.303769
-0.517009,9,8856.506879
-1.474439,17,8856.944276
-0.049032,1,8856.959869
-0.045176,1,8856.975487
-0.043367,1,8857.006727
-0.263149,5,8857.147318
-0.031692,1,8857.17856
-0.018011,1,8857.209855
-0.242559,5,8857.319156
-2.355519,31,8858.053358
-3.033816,50,8859.178093
-0.856569,10,8859.39679
-0.421928,7,8859.553004
-0.460343,7,8859.724838
-0.620426,8,8859.912296
-2.785991,50,8861.083893
-0.017132,1,8861.115139
-0.45179,7,8861.271353
-0.885243,11,8861.52129
-1.28167,13,8861.84934
-0.526414,7,8862.021174
-0.02637,1,8862.052416
-2.83309,38,8862.942832
-0.388785,6,8863.067803
-0.740917,9,8863.286499
-0.588936,8,8863.458341
-0.016898,1,8863.489581
-3.529659,50,8864.598731
-0.625941,8,8864.77053
-0.263738,5,8864.8955
-1.561184,18,8865.301656
-0.459351,7,8865.442244
-0.442632,8,8865.614079
-0.786334,9,8865.832783
-0.670733,10,8866.067097
-3.948209,50,8867.348049
-2.289197,37,8868.300948
-1.243883,14,8868.66024
-1.559396,18,8869.097636
-0.871873,11,8869.331956
-0.486495,7,8869.488168
-0.039785,1,8869.519426
-0.577477,8,8869.706907
-1.977449,22,8870.191131
-0.656744,9,8870.409829
-0.875475,11,8870.691018
-0.277952,5,8870.831605
-0.047503,1,8870.847227
-0.017295,1,8870.878469
-0.540401,11,8871.175275
-1.597543,20,8871.706396
-0.042544,1,8871.722019
-0.442928,6,8871.893854
-1.339279,15,8872.284388
-2.03547,22,8872.784269
-0.311825,6,8872.909241
-0.829162,10,8873.127939
-0.672707,8,8873.331018
-1.320973,15,8873.659065
-0.44429,8,8873.846521
-0.619299,7,8874.002744
-1.016923,10,8874.221437
-0.438651,7,8874.393273
-0.004142,1,8874.408895
-0.722251,9,8874.674451
-0.679293,8,8874.861907
-1.037004,11,8875.143095
-0.675973,8,8875.346171
-0.736078,9,8875.53363
-6.294079,50,8876.689608
-0.038607,1,8876.70523
-0.759147,9,8876.908305
-0.295094,6,8877.048896
-4.127997,50,8878.204903
-0.374719,6,8878.329846
-0.572081,7,8878.501678
-0.299176,6,8878.657893
-0.715415,8,8878.829726
-4.993504,50,8879.938841
-0.452421,7,8880.110674
-0.414455,6,8880.23565
-0.041477,1,8880.266887
-4.710916,50,8881.422867
-0.464843,7,8881.579078
-1.079853,14,8881.938372
-0.374866,7,8882.125827
-1.475218,15,8882.469496
-0.525153,8,8882.656961
-0.888047,10,8882.891272
-0.84721,9,8883.15684
-0.630133,7,8883.313047
-0.89621,10,8883.531745
-0.522483,7,8883.672342
-0.494042,8,8883.859798
-1.52379,20,8884.297194
-0.327421,6,8884.437783
-0.539809,8,8884.609617
-0.041954,1,8884.640864
-0.039838,1,8884.656492
-0.50104,7,8884.812696
-5.319649,50,8885.953056
-4.260427,50,8887.155895
-0.518397,7,8887.312108
-2.912515,50,8888.530572
-0.718219,9,8888.764894
-0.447897,7,8888.967969
-0.418017,7,8889.139803
-1.32526,12,8889.436612
-0.711031,9,8889.655347
-0.918094,11,8889.936491
-5.179032,50,8891.029985
-0.359852,6,8891.154958
-1.933617,29,8891.842294
-0.042471,1,8891.873535
-2.721196,24,8892.38904
-0.548941,8,8892.560879
-0.376519,6,8892.717092
-0.716882,8,8892.904543
-0.298745,6,8893.045139
-0.036105,1,8893.060771
-0.316205,6,8893.185733
-0.668314,8,8893.404428
-0.690479,9,8893.623126
-0.025021,1,8893.638749
-0.422481,6,8893.779342
-0.042559,1,8893.81058
-3.871016,50,8894.935317
-0.661911,8,8895.122779
-0.551644,8,8895.294612
-0.24407,5,8895.419579
-0.262989,5,8895.528966
-0.047475,1,8895.54455
-0.61378,8,8895.716384
-0.548572,9,8895.966342
-0.676715,8,8896.138161
-0.049206,1,8896.169403
-3.435318,50,8897.356627
-3.110376,50,8898.49698
-0.5156,8,8898.668819
-0.422886,7,8898.825028
-0.043589,1,8898.856272
-0.39412,6,8898.996868
-2.701432,27,8899.590477
-0.479152,7,8899.746687
-0.033541,1,8899.77793
-0.022531,1,8899.809177
-0.600056,7,8899.996633
-0.514786,7,8900.152843
-0.864787,9,8900.340302
-0.628151,8,8900.543375
-0.437295,7,8900.730831
-0.780515,9,8900.933908
-0.590193,7,8901.090122
-0.329456,6,8901.246336
-0.964413,12,8901.511903
-0.363419,6,8901.683732
-0.361536,6,8901.824328
-0.0208,1,8901.855609
-0.534393,7,8902.011786
-0.593566,9,8902.199237
-0.528296,7,8902.35545
-0.844106,9,8902.574152
-0.748542,9,8902.777233
-0.437936,7,8902.94906
-0.510552,7,8903.105275
-0.762631,9,8903.292731
-0.041026,1,8903.323972
-0.457133,7,8903.464566
-0.337255,6,8903.589539
-0.031484,1,8903.620778
-0.268053,5,8903.730127
-0.678545,8,8903.90196
-1.053847,12,8904.167527
-0.038336,1,8904.214388
-0.357533,6,8904.370603
-0.272963,5,8904.479951
-0.531263,7,8904.620547
-0.04487,1,8904.651795
-1.121064,12,8904.917353
-0.5237,7,8905.073561
-0.51329,7,8905.276639
-1.097103,17,8905.667172
-0.919378,13,8905.979598
-4.855325,50,8907.119959
-0.337601,6,8907.260552
-1.190862,12,8907.541735
-0.471191,7,8907.682324
-1.106764,11,8907.916648
-0.571845,8,8908.119727
-1.650657,22,8908.650845
-0.980226,11,8908.885169
-0.467295,7,8909.041381
-1.471553,13,8909.338188
-0.620631,8,8909.556886
-0.44715,7,8909.72872
-4.52013,50,8910.853452
-0.048652,1,8910.869075
-0.442471,7,8911.05653
-0.295758,6,8911.197126
-0.042342,1,8911.212745
-1.097159,11,8911.462691
-0.040258,1,8911.493928
-0.557002,7,8911.665763
-0.659018,9,8911.884461
-0.500603,7,8912.071918
-0.362589,7,8912.259373
-0.980357,10,8912.493698
-0.368246,6,8912.634321
-0.701847,8,8912.821755
-0.709838,8,8913.009198
-4.293716,50,8914.133933
-0.686143,8,8914.321393
-1.176756,12,8914.602574
-1.177008,11,8914.836897
-3.055343,50,8915.977253
-0.727537,8,8916.133464
-0.667031,8,8916.32092
-0.695927,10,8916.586484
-0.239891,5,8916.695831
-6.037836,50,8917.836191
-0.355947,7,8917.992402
-0.044299,1,8918.023645
-0.040322,1,8918.039266
-0.35234,5,8918.14862
-4.836828,50,8919.257734
-0.24636,5,8919.367081
-0.863471,10,8919.601443
-3.436521,50,8920.85111
-1.447473,13,8921.179155
-4.157631,50,8922.366379
-0.618628,8,8922.553832
-2.416699,30,8923.272417
-3.093626,50,8924.490879
-0.026517,1,8924.52212
-7.4902,50,8925.631233
-1.409561,16,8925.990523
-0.044691,1,8926.02177
-0.532953,9,8926.240468
-0.031996,1,8926.25609
-0.366039,6,8926.381061
-0.287132,5,8926.474789
-0.041026,1,8926.521654
-0.367761,6,8926.646619
-5.048846,50,8927.771355
-0.724123,9,8927.974433
-0.022587,1,8928.005678
-0.025374,1,8928.036921
-0.310634,5,8928.14627
-0.250811,5,8928.255634
-0.619655,8,8928.443075
-0.612167,8,8928.630534
-0.014664,1,8928.646153
-0.559383,8,8928.817984
-0.037949,1,8928.849228
-1.141244,11,8929.11479
-0.547191,7,8929.255382
-0.658603,8,8929.411593
-4.063602,50,8930.598821
-0.239039,5,8930.708171
-1.384491,15,8931.067456
-0.314539,6,8931.192427
-0.333081,6,8931.348639
-4.067834,50,8932.598347
-0.841665,9,8932.801424
-0.425264,7,8932.957639
-0.323516,6,8933.098229
-6.579582,50,8934.222965
-0.233738,5,8934.347935
-0.504487,7,8934.504151
-0.756518,8,8934.707226
-0.627266,8,8934.894687
-0.30581,6,8935.019656
-0.533951,9,8935.207108
-6.171825,50,8936.363091
-0.259706,5,8936.47244
-0.310032,6,8936.597413
-10.960384,50,8937.722144
-0.316193,6,8937.862736
-0.371789,6,8938.00333
-3.050162,50,8939.159306
-0.287569,5,8939.268658
-3.027372,36,8940.049721
-1.449624,17,8940.440258
-0.64437,8,8940.62771
-3.886562,35,8941.455646
-1.611463,23,8942.018013
-0.248824,5,8942.127358
-0.636381,8,8942.314816
-0.293333,5,8942.424166
-5.220957,50,8943.595762
-0.343689,6,8943.705116
-0.029511,1,8943.736361
-0.518431,7,8943.923814
-0.039037,1,8943.955058
-0.034073,1,8943.986298
-0.641807,8,8944.189374
-4.636389,50,8945.282869
-0.040064,1,8945.329738
-2.034422,31,8946.048318
-0.744607,9,8946.267044
-0.045708,1,8946.298254
-3.321712,50,8947.454233
-0.380842,6,8947.610448
-0.679299,8,8947.782284
-0.338888,6,8947.907254
-0.034431,1,8947.938498
-10.564626,50,8949.09447
-0.02486,1,8949.110092
-0.36229,6,8949.250689
-0.04382,1,8949.281927
-0.710965,9,8949.485008
-0.970141,11,8949.719328
-0.971811,10,8949.953646
-0.979163,13,8950.250452
-1.104924,12,8950.516011
-0.037372,1,8950.547262
-0.513427,7,8950.70347
-8.866908,50,8951.828209
-0.640779,8,8952.015665
-0.76166,9,8952.218738
-1.103673,11,8952.4843
-0.342968,6,8952.609272
-5.183339,50,8953.702764
-0.250412,5,8953.796496
-0.426452,6,8953.937086
-0.042121,1,8953.968332
-0.030172,1,8953.999573
-1.343205,13,8954.311996
-1.151588,13,8954.608838
-1.046157,10,8954.858747
-0.456523,7,8954.999338
-0.015259,1,8955.030578
-0.025945,1,8955.0462
-0.357296,6,8955.18679
-0.39439,6,8955.343005
-0.619552,7,8955.483597
-2.258145,33,8956.249041
-0.046374,1,8956.280284
-0.480119,7,8956.452123
-0.047742,1,8956.483361
-4.766277,50,8957.561234
-0.854985,10,8957.826797
-0.036836,1,8957.842417
-1.363817,12,8958.107984
-0.469705,7,8958.264198
-0.612723,10,8958.529756
-0.708477,9,8958.717216
-0.837409,9,8958.935914
-0.931497,11,8959.185851
-0.326608,6,8959.34207
-1.001469,11,8959.607628
-4.430766,50,8960.763606
-1.441007,23,8961.294736
-0.047482,1,8961.325975
-0.727251,8,8961.529052
-0.574176,8,8961.700886
-0.042173,1,8961.732128
-0.37326,6,8961.872724
-0.521149,7,8962.028933
-0.344251,6,8962.16953
-0.36788,6,8962.2945
-0.047528,1,8962.325739
-0.304308,6,8962.481953
-0.582467,8,8962.653787
-0.803838,10,8962.888159
-4.451968,50,8964.106575
-0.834439,9,8964.34089
-0.528326,7,8964.481507
-0.04589,1,8964.512727
-0.502399,8,8964.715804
-0.036306,1,8964.731426
-0.03016,1,8964.762669
-0.020158,1,8964.778289
-4.108491,50,8966.012376
-0.014523,1,8966.043617
-1.069215,12,8966.340422
-0.755969,10,8966.55912
-4.076107,50,8967.715103
-0.510575,7,8967.85569
-0.671806,9,8968.090011
-0.395491,7,8968.261848
-1.447269,20,8968.714862
-1.229492,14,8969.058535
-0.34364,6,8969.183504
-0.675894,8,8969.37096
-0.415248,8,8969.589658
-0.044732,1,8969.620901
-0.836853,10,8969.839604
-0.048435,1,8969.855223
-0.287061,6,8969.995819
-3.101795,50,8971.120589
-0.046154,1,8971.151794
-0.006458,1,8971.183034
-1.302977,14,8971.495515
-0.515457,7,8971.651677
-4.447901,50,8972.776412
-0.355348,6,8972.901383
-1.370594,20,8974.276061
-1.273799,15,8974.635378
-0.728718,10,8974.869668
-0.841322,12,8975.166472
-3.781302,50,8976.353694
-0.391013,7,8976.509907
-0.036609,1,8976.556772
-0.587877,8,8976.75985
-0.899536,10,8976.994172
-0.593497,7,8977.150384
-1.948986,21,8977.665887
-0.918571,10,8977.900204
-0.825876,9,8978.103287
-1.088266,12,8978.384471
-0.898785,11,8978.650032
-0.044085,1,8978.665653
-0.048443,1,8978.712521
-4.152034,50,8979.89974
-1.05691,11,8980.149677
-4.059082,50,8981.461872
-2.621143,50,8982.727214
-1.107991,11,8982.97714
-6.592762,50,8984.133118
-0.582082,9,8984.336196
-0.017021,1,8984.367439
-0.708089,11,8984.60176
-0.336686,6,8984.757975
-0.964421,10,8985.007911
-0.736544,9,8985.22661
-0.490519,7,8985.367204
-0.574156,8,8985.539069
-0.608634,9,8985.77336
-1.277273,19,8986.242001
-0.555319,8,8986.413836
-0.553817,7,8986.570049
-0.276242,5,8986.695014
-0.73257,9,8986.913714
-0.279007,5,8987.023066
-0.744656,10,8987.273004
-6.0287,50,8988.444605
-0.550941,8,8988.647685
-0.259183,5,8988.757031
-0.986458,10,8988.975733
-0.924035,9,8989.163185
-0.468952,7,8989.335021
-0.784099,9,8989.538101
-3.053166,50,8990.772184
-0.711864,9,8990.975262
-1.014636,12,8991.303308
-0.391149,6,8991.459522
-0.029488,1,8991.490765
-0.288719,6,8991.615735
-0.4473,7,8991.803195
-0.020417,1,8991.818816
-1.515821,19,8992.256212
-0.54658,8,8992.428048
-0.64691,8,8992.631125
-0.7021,8,8992.787336
-0.047091,1,8992.818578
-0.042593,1,8992.834199
-0.01378,1,8992.865446
-0.653843,8,8993.037278
-0.309769,5,8993.162251
-4.250512,50,8994.349467
-0.770019,9,8994.552549
-0.77826,9,8994.786865
-0.898206,9,8995.021185
-0.432599,7,8995.16178
-0.376969,6,8995.317995
-0.259415,5,8995.427339
-0.388314,6,8995.583554
-0.028313,1,8995.599179
-0.751588,9,8995.849116
-0.039033,1,8995.864746
-0.54469,7,8996.005333
-0.773449,9,8996.255268
-1.144836,11,8996.552077
-0.317836,6,8996.692667
-1.239451,14,8997.02072
-0.021175,1,8997.036338
-0.288293,5,8997.176932
-0.020822,1,8997.208211
-0.452834,8,8997.411253
-0.016262,1,8997.426869
-0.377202,6,8997.567461
-0.622924,8,8997.75492
-5.464174,50,8998.895279
-0.009726,1,8998.926516
-0.477721,7,8999.098354
-1.145163,15,8999.426401
-0.466112,7,8999.582616
-4.706467,50,9000.644868
-0.349284,6,9000.785459
-4.742849,50,9001.910196
-0.047505,1,9001.925829
-0.004944,1,9001.957061
-0.676381,8,9002.175792
-0.811802,9,9002.394493
-0.540082,8,9002.581911
-0.706643,13,9002.909958
-0.765177,12,9003.191148
-0.02542,1,9003.206765
-0.039971,1,9003.238007
-0.787755,10,9003.472324
-0.463852,7,9003.659782
-0.038255,1,9003.675401
-0.49725,8,9003.878482
-0.041506,1,9003.894103
-2.852639,43,9004.862627
-0.617496,10,9005.081327
-0.030048,1,9005.096947
-0.771797,9,9005.300021
-0.556747,8,9005.518719
-0.909805,10,9005.753043
-0.024309,1,9005.784314
-0.353282,6,9005.940495
-0.045892,1,9005.971771
-0.453389,7,9006.143573
-0.557251,7,9006.28417
-0.045315,1,9006.315406
-0.979968,10,9006.565353
-0.046805,1,9006.596592
-0.885502,10,9006.815288
-0.036806,1,9006.846531
-0.899247,10,9007.065234
-0.593189,8,9007.268307
-0.811098,9,9007.471407
-0.382581,6,9007.627599
-0.794557,9,9007.86192
-21.099836,50,9009.002275
-3.098151,33,9009.736478
-0.359621,7,9009.892692
-0.326526,6,9010.064528
-0.737657,9,9010.283226
-1.800441,20,9010.798729
-0.032217,1,9010.814351
-0.748344,9,9011.048671
-0.353597,6,9011.189262
-0.900411,11,9011.439204
-0.017115,1,9011.454828
-0.589524,8,9011.657906
-0.700595,8,9011.829736
-1.761415,22,9012.345241
-1.966139,23,9012.860748
-0.722539,8,9013.063822
-0.754747,9,9013.266903
-0.037055,1,9013.282542
-0.425018,7,9013.469977
-0.048056,1,9013.501219
-0.039682,1,9013.532463
-1.083735,11,9013.798025
-1.777331,22,9014.313529
-0.655907,8,9014.516609
-0.713084,9,9014.719685
-0.455798,7,9014.8759
-0.043583,1,9014.891522
-0.025502,1,9014.922764
-4.85739,50,9016.109982
-4.27785,50,9017.203476
-0.037215,1,9017.219098
-1.012326,12,9017.515902
-9.990999,50,9018.687503
-0.039271,1,9018.718746
-0.681421,8,9018.9062
-0.421429,6,9019.046796
-0.910728,13,9019.343597
-0.688856,9,9019.546674
-0.722366,8,9019.734135
-0.529553,8,9019.921586
-0.625025,8,9020.124703
-0.383985,7,9020.28088
-1.279295,11,9020.546439
-0.56618,7,9020.733927
-4.549934,50,9021.874253
-0.378145,6,9022.014858
-0.478651,7,9022.155441
-0.044403,1,9022.186683
-0.422581,7,9022.358519
-0.48945,8,9022.530352
-0.592765,8,9022.733426
-0.536892,9,9022.936504
-0.353653,6,9023.061472
-0.02758,1,9023.092717
-0.609387,8,9023.311419
-1.33125,17,9023.764475
-0.035809,1,9023.795715
-0.43518,7,9023.936268
-0.764566,10,9024.154965
-0.251667,5,9024.279938
-3.63974,50,9025.48278
-0.569505,7,9025.623376
-4.05735,50,9026.74811
-0.554081,7,9026.919943
-0.472028,7,9027.060537
-0.399498,6,9027.18551
-0.459019,7,9027.341721
-0.550728,7,9027.513556
-0.017185,1,9027.529179
-0.702378,11,9027.779116
-0.53308,8,9027.95095
-0.623349,8,9028.15403
-0.522542,7,9028.310244
-0.033037,1,9028.325867
-1.823386,24,9028.856992
-0.302671,5,9028.981959
-0.009011,1,9028.997583
-1.373025,13,9029.294389
-0.334526,6,9029.434977
-0.026692,1,9029.450603
-4.208358,50,9030.606577
-0.609156,7,9030.762791
-3.706938,50,9032.106227
-1.103558,13,9032.434273
-1.310844,12,9032.715492
-0.895258,10,9032.965397
-4.603774,50,9034.199483
-0.468564,6,9034.3557
-0.489209,7,9034.511912
-0.032179,1,9034.543155
-0.275401,5,9034.652501
-3.337784,50,9035.808484
-1.263054,20,9036.277119
-0.963363,13,9036.573928
-0.322726,6,9036.745758
-1.052287,11,9037.011327
-0.599089,9,9037.19878
-0.710751,9,9037.448721
-0.587659,8,9037.6518
-0.032714,1,9037.683056
-1.000202,14,9038.04233
-0.347081,6,9038.198542
-0.660705,8,9038.370382
-4.126401,50,9039.526362
-0.559638,7,9039.666949
-0.72478,8,9039.870027
-0.521914,7,9040.026242
-0.781088,10,9040.291802
-0.033974,1,9040.323045
-1.719881,24,9040.869792
-0.033469,1,9040.885417
-0.58541,9,9041.104111
-0.025112,1,9041.135357
-0.655587,8,9041.322815
-0.01394,1,9041.338435
-1.017293,11,9041.603998
-0.64035,8,9041.79145
-0.619611,8,9041.947663
-1.199958,15,9042.291335
-3.953827,50,9043.462935
-7.96306,50,9044.603293
-3.431782,50,9045.790513
-0.475214,7,9045.946723
-0.54819,7,9046.165424
-3.296685,50,9047.258918
-4.060934,50,9048.368033
-0.424247,6,9048.508626
-3.761671,50,9049.695846
-0.031395,1,9049.727089
-0.045251,1,9049.742708
-0.321837,6,9049.898925
-0.366479,6,9050.070759
-5.116735,50,9051.14863
-0.411243,7,9051.320467
-0.364207,6,9051.476677
-3.905142,50,9052.617036
-0.019308,1,9052.648277
-0.037372,1,9052.679521
-1.275735,14,9053.038813
-0.047137,1,9053.070057
-0.53751,7,9053.226263
-3.576678,50,9054.507245
-0.385963,6,9054.663465
-0.788789,10,9054.913371
-0.271438,5,9055.038338
-22.62646,50,9056.147457
-0.358648,6,9056.272425
-2.031308,21,9056.741062
-0.29443,5,9056.866038
-4.611372,50,9057.990771
-0.258015,5,9058.100126
-0.046042,1,9058.131362
-0.252857,5,9058.240711
-0.045888,1,9058.256331
-0.493168,6,9058.412545
-0.966221,11,9058.69373
-0.352066,6,9058.849944
-0.610786,9,9059.084263
-2.163829,34,9059.849708
-0.420229,7,9060.021542
-0.607385,9,9060.240243
-0.831771,8,9060.412079
-0.985609,14,9060.724504
-0.661438,9,9060.927583
-0.377444,6,9061.068172
-0.567058,8,9061.255632
-8.470003,50,9062.349121
-0.500467,7,9062.520962
-0.012287,1,9062.552201
-0.74452,9,9062.770896
-0.241753,5,9062.880246
-0.886497,12,9063.14581
-3.358042,50,9064.317409
-0.78696,9,9064.520485
-0.663036,8,9064.707945
-0.256538,5,9064.84854
-1.539904,17,9065.239068
-0.024627,1,9065.254696
-1.583495,16,9065.645222
-0.305666,6,9065.801435
-0.475397,7,9065.942028
-0.484084,7,9066.145103
-0.710491,9,9066.348184
-0.987886,14,9066.691856
-0.044717,1,9066.707477
-3.823235,50,9067.84783
-1.512118,16,9068.238362
-0.048672,1,9068.269606
-0.300839,6,9068.410198
-1.034946,10,9068.660141
-0.989269,11,9068.925705
-0.322308,6,9069.066293
-0.040196,1,9069.081915
-0.442435,7,9069.238129
-0.538664,7,9069.394343
-0.491817,8,9069.581801
-0.611266,9,9069.769257
-0.04411,1,9069.78488
-0.705895,9,9069.987958
-0.045227,1,9070.019198
-0.703355,8,9070.206655
-0.705829,8,9070.409733
-3.423727,50,9071.503221
-0.370033,6,9071.643819
-0.245358,5,9071.753161
-0.029711,1,9071.784439
-1.013141,11,9072.018725
-0.042022,1,9072.049968
-0.698284,10,9072.29991
-0.342353,6,9072.424884
-0.025507,1,9072.440501
-7.345681,50,9073.54962
-0.576271,7,9073.721467
-0.383994,7,9073.877664
-0.391203,6,9074.018258
-0.981545,10,9074.252575
-0.38936,6,9074.377549
-3.334656,50,9075.564767
-0.445538,8,9075.752226
-0.468534,8,9075.924058
-0.29149,6,9076.080275
-0.034223,1,9076.111514
-0.879925,9,9076.330213
-0.647721,8,9076.50205
-0.632659,7,9076.658261
-0.3558,6,9076.814473
-9.967208,50,9078.01732
-0.756133,8,9078.220397
-4.804821,50,9079.298266
-1.469042,16,9079.657557
-0.035791,1,9079.68881
-0.340581,6,9079.860638
-0.559026,7,9080.016852
-0.520189,10,9080.251166
-0.751952,8,9080.438626
-0.689834,8,9080.626081
-0.398265,7,9080.782293
-0.042402,1,9080.829155
-1.843693,24,9081.360281
-0.045712,1,9081.391523
-0.016582,1,9081.422767
-0.85172,10,9081.657087
-0.841613,9,9081.875787
-1.2534,22,9082.406914
-0.972535,11,9082.641237
-4.204467,50,9083.78159
-5.287835,50,9084.890702
-0.371121,6,9085.031297
-0.597827,8,9085.203132
-0.019326,1,9085.234375
-0.831057,11,9085.499935
-0.34805,6,9085.656148
-0.463029,7,9085.81236
-0.032,1,9085.843605
-0.900574,11,9086.093545
-0.634384,9,9086.296622
-0.561481,8,9086.48408
-0.768802,10,9086.702774
-0.573471,8,9086.905855
-0.412162,6,9087.077693
-0.406679,7,9087.218279
-0.277027,5,9087.343251
-0.739652,9,9087.546329
-0.039217,1,9087.57757
-0.554819,8,9087.749406
-0.432067,8,9087.936862
-0.31648,6,9088.061832
-3.911508,50,9089.233432
-3.412492,50,9090.420684
-0.253104,5,9090.514385
-0.541666,8,9090.701838
-1.20434,17,9091.107994
-0.268693,5,9091.21734
-0.023026,1,9091.232962
-3.505563,50,9092.47135
-0.049934,1,9092.533836
-0.48795,7,9092.736913
-0.724702,8,9092.939992
-0.769414,9,9093.15869
-0.349297,6,9093.283662
-5.519388,50,9094.455263
-0.943603,10,9094.684783
-0.026453,1,9094.700406
-0.86857,11,9094.981589
-0.011339,1,9094.997209
-0.595168,7,9095.153422
-0.317761,5,9095.27839
-0.01364,1,9095.309633
-0.023509,1,9095.340878
-0.568195,8,9095.49709
-1.197967,12,9095.762653
-0.906242,10,9095.996976
-0.024278,1,9096.028215
-1.200042,15,9096.403133
-1.284563,14,9096.80928
-3.997297,50,9098.2152
-7.877547,50,9099.355561
-0.48868,7,9099.51177
-0.312904,6,9099.652367
-0.488569,7,9099.824199
-1.238061,15,9100.167871
-4.439193,50,9101.480057
-0.038636,1,9101.511302
-4.90835,50,9102.682902
-0.660934,9,9102.870361
-0.715615,9,9103.073435
-0.046287,1,9103.104676
-0.350947,6,9103.245273
-0.463144,6,9103.370239
-0.260469,5,9103.479589
-0.25798,5,9103.573317
-4.462951,50,9104.698055
-12.606175,50,9105.854032
-0.049482,1,9105.885274
-1.487309,17,9106.244565
-0.760011,8,9106.447641
-3.015067,50,9107.55676
-0.282444,5,9107.666105
-0.470178,7,9107.822323
-0.333509,6,9107.994157
-0.797494,9,9108.197231
-0.540218,8,9108.384686
-0.807449,9,9108.587765
-0.720892,9,9108.790842
-0.022933,1,9108.806463
-0.825842,9,9108.993924
-0.835563,12,9109.275102
-0.817413,10,9109.525044
-0.472994,7,9109.681297
-0.607797,9,9109.899961
-5.344131,50,9110.977831
-0.56708,8,9111.180908
-0.041182,1,9111.212151
-0.51299,7,9111.383982
-0.475653,7,9111.540195
-0.771127,10,9111.790136
-0.710818,8,9111.961975
-4.172089,50,9113.07109
-0.016531,1,9113.10233
-0.039303,1,9113.133571
-0.472503,7,9113.289786
-0.021363,1,9113.321028
-0.55506,8,9113.492867
-3.183954,33,9114.273933
-0.655394,8,9114.44577
-0.47932,7,9114.60198
-5.439525,50,9115.742333
-0.872735,9,9115.945411
-0.605467,9,9116.132867
-0.027995,1,9116.148489
-0.821786,9,9116.382809
-0.042198,1,9116.414052
-1.300163,13,9116.72648
-0.039883,1,9116.757724
-0.766359,10,9116.960801
-3.73033,50,9118.148018
-0.408242,6,9118.304231
-0.397297,7,9118.46045
-0.455432,6,9118.585417
-0.037154,1,9118.616658
-0.473981,7,9118.788492
-0.741487,9,9118.975952
-0.00822,1,9119.007195
-0.030393,1,9119.038435
-0.02367,1,9119.054065
-0.638245,9,9119.272756
-0.861293,10,9119.522701
-0.588885,7,9119.694534
-0.785648,9,9119.92885
-0.300717,5,9120.038217
-0.02975,1,9120.069447
-0.020807,1,9120.10069
-0.566123,7,9120.256902
-0.686062,9,9120.475601
-0.035217,1,9120.50684
-1.30973,14,9120.850508
-0.010471,1,9120.866129
-0.028728,1,9120.897376
-0.020554,1,9120.912998
-0.663095,9,9121.131697
-0.617407,9,9121.366012
-1.334718,15,9121.709682
-4.433323,50,9122.943767
-0.039286,1,9122.975009
-2.129998,23,9123.490517
-1.362978,15,9123.865429
-0.439734,6,9124.037258
-0.269299,5,9124.146614
-0.024094,1,9124.177856
-1.938439,28,9124.787086
-1.328539,13,9125.083889
-1.377315,18,9125.505665
-0.448032,7,9125.646257
-0.291061,6,9125.786851
-0.856173,9,9126.005552
-0.658134,10,9126.271111
-0.433791,6,9126.396087
-0.011581,1,9126.411706
-0.560894,7,9126.599162
-0.610782,9,9126.833484
-0.26724,5,9126.958449
-0.654503,9,9127.145908
-0.812136,10,9127.380257
-0.29706,5,9127.505201
-0.361063,6,9127.630166
-0.996556,9,9127.848904
-0.27106,5,9127.958219
-0.295658,6,9128.098805
-0.017414,1,9128.114429
-4.03567,50,9129.239163
-0.734508,9,9129.442242
-4.618343,50,9130.566981
-0.474104,7,9130.72319
-0.870995,9,9130.926272
-1.081121,12,9131.191831
-0.936115,11,9131.441775
-0.319077,6,9131.566745
-1.967989,23,9132.097871
-0.025806,1,9132.113494
-1.099858,10,9132.363434
-3.995521,50,9133.59752
-0.597902,8,9133.800596
-0.415041,6,9133.925563
-0.993867,10,9134.175507
-0.045074,1,9134.191125
-0.021639,1,9134.222371
-1.271965,14,9134.566038
-0.678293,8,9134.769116
-0.92059,9,9134.956571
-0.031997,1,9134.987814
-0.293185,6,9135.128405
-0.376619,6,9135.268999
-5.381495,50,9136.456221
-0.929986,12,9136.721784
-0.586829,7,9136.862376
-4.821377,50,9138.018354
-0.783785,9,9138.237083
-0.654406,9,9138.47137
-0.843872,10,9138.736932
-1.220602,14,9139.096225
-2.07337,27,9139.705458
-0.049333,1,9139.72108
-0.023538,1,9139.76794
-0.882944,10,9139.971022
-0.836836,9,9140.174096
-0.521156,7,9140.330309
-0.702767,9,9140.564628
-0.724717,8,9140.752084
-0.574086,9,9140.970787
-0.582523,9,9141.189481
-1.031537,10,9141.408181
-0.034767,1,9141.439423
-0.507039,8,9141.611258
-0.027293,1,9141.62688
-0.04883,1,9141.658126
-0.619018,8,9141.845581
-0.831535,9,9142.064277
-0.584987,8,9142.236115
-0.029576,1,9142.251736
-0.005721,1,9142.298595
-0.926235,10,9142.5173
-0.023157,1,9142.53292
-0.282233,5,9142.642269
-0.779048,9,9142.845343
-4.101422,50,9143.954463
-0.848563,11,9144.188778
-0.006698,1,9144.2044
-0.270416,5,9144.329373
-0.289601,5,9144.454343
-0.252236,5,9144.563689
-0.498987,7,9144.751145
-0.639242,8,9144.938603
-0.985181,10,9145.157301
-0.0491,1,9145.172922
-0.549037,7,9145.344756
-1.223765,11,9145.61032
-0.418517,7,9145.782154
-3.12144,50,9147.000616
-0.598979,8,9147.172452
-0.036767,1,9147.219315
-0.563374,7,9147.391186
-0.623092,8,9147.57861
-0.495818,7,9147.73486
-0.512065,7,9147.906654
-6.66629,50,9149.031391
-0.56214,8,9149.203228
-0.432385,7,9149.359442
-0.761596,9,9149.578136
-1.613412,21,9150.031155
-0.328468,6,9150.171749
-1.649404,19,9150.609144
-0.049294,1,9150.640405
-0.009815,1,9150.656008
-0.816128,13,9150.937193
-0.009874,1,9150.952813
-0.049785,1,9150.999678
-0.041865,1,9151.015305
-0.924063,15,9151.390213
-0.413473,6,9151.546425
-0.276746,5,9151.702638
-0.883438,10,9151.936957
-0.400242,6,9152.06193
-0.406334,6,9152.202524
-0.667364,8,9152.421218
-0.603737,8,9152.593053
-1.641555,23,9153.124177
-0.638455,9,9153.311635
-0.648613,8,9153.530337
-0.541819,7,9153.670929
-0.277386,5,9153.827177
-0.520106,7,9153.983353
-0.0412,1,9154.01463
-0.035285,1,9154.045841
-0.26037,5,9154.155186
-0.543921,7,9154.311401
-0.469598,9,9154.530099
-0.255068,5,9154.639452
-4.376151,50,9155.811049
-3.663906,50,9156.951422
-0.387684,6,9157.092
-0.363583,6,9157.232589
-0.663599,8,9157.404423
-0.853441,10,9157.638745
-0.535025,9,9157.841822
-0.431277,7,9158.013654
-0.641746,8,9158.185493
-0.472716,7,9158.341703
-0.033686,1,9158.37295
-0.243563,5,9158.482295
-0.717606,9,9158.685375
-0.607741,8,9158.872832
-0.618435,8,9159.044664
-0.763591,9,9159.263362
-1.056954,11,9159.528926
-0.03745,1,9159.560167
-0.045888,1,9159.591412
-0.013309,1,9159.622651
-1.755653,17,9160.02881
-0.039361,1,9160.060053
-3.800921,50,9161.278517
-0.711587,9,9161.512833
-0.565365,8,9161.684673
-0.396085,8,9161.872128
-0.655283,9,9162.090856
-1.207101,12,9162.38763
-0.329059,6,9162.512601
-0.471614,7,9162.668809
-0.639829,8,9162.840648
-0.368285,6,9162.965617
-0.905488,11,9163.215559
-0.499605,7,9163.387394
-0.009672,1,9163.418643
-0.388243,6,9163.59047
-0.283401,5,9163.684199
-3.93528,50,9164.949525
-3.130025,50,9166.2461
-0.413815,6,9166.371067
-0.559707,11,9166.605389
-0.339834,6,9166.745979
-0.593419,7,9166.886574
-0.034352,1,9166.917814
-0.046737,1,9166.933436
-1.151788,11,9167.183378
-0.562112,7,9167.355211
-0.047349,1,9167.370831
-0.041913,1,9167.386454
-0.043116,1,9167.402075
-0.035144,1,9167.43332
-0.428203,6,9167.573911
-0.047839,1,9167.605153
-0.714164,9,9167.823853
-4.64174,50,9168.995492
-1.222281,15,9169.3235
-5.477923,50,9170.573203
-4.695717,50,9171.947882
-0.719237,8,9172.135341
-0.033457,1,9172.150964
-0.623593,8,9172.322796
-0.043301,1,9172.354037
-0.039132,1,9172.385279
-0.408353,8,9172.58836
-0.818448,10,9172.853919
-2.498348,36,9173.68185
-0.487433,7,9173.869307
-0.456191,7,9174.025522
-0.585831,8,9174.197354
-1.155753,12,9174.462915
-0.500061,7,9174.650375
-0.049554,1,9174.665997
-0.02918,1,9174.681619
-0.386219,7,9174.837828
-0.665745,9,9175.056527
-0.556403,8,9175.228364
-0.033911,1,9175.259604
-0.686302,8,9175.478307
-0.497911,7,9175.665758
-2.894995,50,9176.821737
-0.728168,8,9176.993572
-1.039928,12,9177.259139
-0.771522,9,9177.477834
-0.027947,1,9177.509079
-0.657403,8,9177.665293
-0.037268,1,9177.696532
-0.528919,7,9177.868371
-0.969146,11,9178.149551
-0.421982,6,9178.290144
-0.045612,1,9178.321385
-1.619625,22,9178.85251
-0.045014,1,9178.868132
-0.24816,5,9178.977482
-0.597611,7,9179.149317
-0.683514,8,9179.336776
-1.473407,18,9179.758548
-0.560642,7,9179.914765
-4.152609,50,9181.08636
-0.979495,12,9181.383169
-0.707724,9,9181.617486
-0.723385,8,9181.820564
-0.439196,7,9181.961166
-0.485229,6,9182.10175
-0.423927,6,9182.226718
-0.612776,7,9182.398553
-0.030056,1,9182.41418
-0.536712,7,9182.60163
-2.383874,35,9183.3827
-0.343614,6,9183.523287
-0.699174,9,9183.726368
-0.008881,1,9183.757609
-4.622643,50,9184.897967
-0.030934,1,9184.929208
-0.384241,6,9185.05418
-0.479575,7,9185.257259
-0.808789,9,9185.444713
-0.03827,1,9185.475957
-0.031355,1,9185.491577
-0.317587,5,9185.61655
-0.488745,7,9185.757139
-0.47776,7,9185.944595
-0.626192,8,9186.100808
-0.696255,8,9186.303886
-1.755911,21,9186.819398
-0.947068,12,9187.116196
-0.043011,1,9187.131816
-4.231497,50,9188.365901
-0.575645,9,9188.56898
-0.926399,11,9188.78768
-0.440187,7,9188.94389
-0.363064,6,9189.084489
-0.033543,1,9189.100103
-0.645727,8,9189.30318
-0.504199,7,9189.475016
-0.878154,13,9189.803063
-0.009949,1,9189.834305
-0.345296,6,9189.974898
-0.041511,1,9189.990523
-0.048506,1,9190.021782
-4.169564,38,9190.88094
-0.297281,5,9190.974669
-0.042932,1,9191.00591
-5.614793,50,9192.193127
-0.603769,7,9192.364962
-0.009658,1,9192.396204
-0.016182,1,9192.427448
-0.033531,1,9192.458691
-0.498584,7,9192.614908
-4.097766,50,9193.724021
-0.040851,1,9193.755261
-0.369287,6,9193.911475
-0.652657,10,9194.145793
-0.909517,9,9194.348871
-0.59455,7,9194.505104
-2.729164,50,9195.754789
-0.341721,6,9195.911009
-1.764699,19,9196.395265
-0.387472,6,9196.520236
-0.669021,8,9196.707691
-0.040268,1,9196.723313
-0.81766,10,9196.973258
-0.821848,9,9197.16071
-3.620272,43,9198.144856
-0.026955,1,9198.176138
-0.970053,10,9198.41042
-0.027086,1,9198.441663
-1.306012,19,9198.894682
-0.032665,1,9198.925926
-0.338609,6,9199.050896
-2.964188,50,9200.128765
-0.047344,1,9200.160007
-0.836603,9,9200.363086
-0.34784,6,9200.5193
-0.030445,1,9200.534918
-9.628804,50,9201.690897
-0.334016,6,9201.83149
-0.65942,8,9202.018946
-0.004464,1,9202.034571
-3.510801,44,9203.081202
-1.242362,16,9203.440488
-0.454417,7,9203.612321
-1.24712,13,9203.924746
-0.717251,8,9204.096582
-0.890842,9,9204.299665
-4.866114,50,9205.44002
-0.021628,1,9205.471262
-1.369225,15,9205.830563
-0.582714,8,9206.018009
-6.952073,50,9207.533273
-0.687389,9,9207.798836
-2.630109,47,9208.986058
-0.938455,11,9209.235999
-0.291274,5,9209.345349
-0.732133,8,9209.532806
-0.009934,1,9209.564046
-1.131588,10,9210.844996
-0.59298,8,9211.048079
-0.508428,7,9211.219912
-0.457955,6,9211.391742
-0.398344,6,9211.532335
-0.035364,1,9211.563577
-2.27852,27,9212.157191
-0.796726,9,9212.375888
-0.890842,11,9212.641454
-0.589414,7,9212.797666
-0.463173,7,9212.953909
-1.040617,11,9213.219442
-0.373511,6,9213.375655
-0.45379,8,9213.563107
-0.046456,1,9213.578732
-0.296012,5,9213.7037
-0.526292,8,9213.875535
-0.286436,6,9214.01613
-0.249922,5,9214.141097
-9.107434,50,9215.297075
-0.265938,5,9215.390807
-0.00863,1,9215.406429
-1.145887,11,9215.671995
-0.50431,7,9215.843827
-0.047507,1,9215.875068
-0.508576,7,9216.015661
-2.089022,30,9216.687389
-0.716928,9,9216.890452
-2.351275,26,9217.530927
-0.500016,7,9217.671518
-3.469565,50,9218.858739
-0.846262,10,9219.093062
-1.07811,11,9219.343
-0.024336,1,9219.374246
-0.046195,1,9219.389868
-0.299154,5,9219.499214
-0.043883,1,9219.53046
-1.293301,14,9219.827266
-0.301432,6,9219.967853
-0.244107,5,9220.108445
-0.474113,7,9220.249038
-0.959421,11,9220.514602
-0.719368,9,9220.71768
-0.619328,7,9220.889511
-0.043476,1,9220.920757
-0.7785,9,9221.123837
-0.82992,9,9221.311291
-0.027981,1,9221.358152
-0.252913,5,9221.451884
-0.840336,9,9221.670576
-0.482357,7,9221.858035
-0.591544,8,9222.045497
-0.410908,7,9222.186086
-0.239061,5,9222.279814
-0.777197,10,9222.514131
-1.087218,12,9222.81094
-0.438884,6,9222.951529
-0.038519,1,9222.98277
-0.362697,6,9223.123363
-0.402215,6,9223.295197
-3.714767,49,9224.451179
-0.025409,1,9224.482421
-0.967774,9,9224.701116
-0.018276,1,9224.732369
-0.039846,1,9224.747983
-0.459074,6,9224.904195
-0.048869,1,9224.919817
-0.596876,7,9225.09165
-0.484789,7,9225.247867
-0.009307,1,9225.263489
-0.040442,1,9225.29473
-0.585238,8,9225.529048
-0.346711,6,9225.685264
-0.004662,1,9225.716505
-4.716359,50,9226.841239
-0.634243,8,9227.059937
-0.048283,1,9227.07556
-0.767124,8,9227.247396
-0.600969,7,9227.40361
-0.423694,6,9227.559819
-0.493722,7,9227.747277
-0.518498,7,9227.91911
-2.616711,28,9228.512721
-0.769937,9,9228.762662
-0.674413,8,9228.934498
-0.615643,7,9229.07509
-8.475449,50,9230.199828
-3.1193,50,9231.433914
-0.52746,7,9231.605783
-0.500671,7,9231.761962
-0.042416,1,9231.777581
-0.813245,10,9231.996284
-0.360093,6,9232.13687
-0.041153,1,9232.168116
-0.586052,8,9232.339948
-4.599989,50,9233.558414
-0.436061,7,9233.714662
-0.67293,8,9233.90208
-0.862921,10,9234.120783
-0.357251,6,9234.261372
-0.034377,1,9234.276995
-3.151229,31,9235.026817
-0.040111,1,9235.058059
-1.012854,15,9235.41735
-0.538029,7,9235.557945
-1.222903,12,9235.839126
-0.771974,11,9236.089067
-0.824765,9,9236.323388
-4.443804,50,9237.510609
-0.650341,7,9237.651204
-4.254532,50,9238.807215
-0.348648,6,9238.94777
-0.774553,9,9239.16648
-0.047995,1,9239.197711
-0.459701,7,9239.338309
-0.513654,7,9239.541381
-0.459984,7,9239.697594
-0.602051,8,9239.900671
-0.812593,10,9240.150615
-0.538359,8,9240.353691
-0.484964,8,9240.541188
-0.046187,1,9240.556772
-0.612234,8,9240.759847
-0.488056,8,9240.962924
-3.382902,50,9242.197009
-0.266505,5,9242.290735
-0.041053,1,9242.321977
-0.491377,7,9242.493812
-1.945365,22,9242.993695
-0.00769,1,9243.009317
-0.753489,9,9243.212393
-4.358786,50,9244.30589
-0.015363,1,9244.321512
-0.756611,8,9244.493349
-0.514831,8,9244.64956
-0.263593,5,9244.774532
-0.577161,8,9244.961987
-0.033226,1,9244.993229
-0.538337,7,9245.16506
-3.762048,50,9246.211691
-0.647889,9,9246.430387
-0.419099,7,9246.570985
-0.48125,8,9246.789679
-0.03906,1,9246.820923
-0.469972,8,9247.024
-0.408605,7,9247.211458
-5.395059,50,9248.336192
-0.469036,7,9248.492408
-3.700983,33,9249.22661
-5.221853,50,9250.366999
-3.899819,50,9251.491704
-0.744794,9,9251.710399
-0.021149,1,9251.726021
-1.865737,24,9252.272765
-0.025017,1,9252.28839
-0.276964,5,9252.42898
-0.718501,10,9252.63206
-0.040698,1,9252.647683
-1.564753,13,9252.960106
-0.498563,7,9253.163182
-0.332956,6,9253.288157
-0.749093,9,9253.506861
-0.004632,1,9253.522475
-0.728156,9,9253.725554
-0.721529,8,9253.928627
-0.833263,9,9254.116083
-0.049102,1,9254.131706
-0.569129,7,9254.31916
-0.807986,9,9254.537861
-0.784566,9,9254.772179
-0.034524,1,9254.787801
-0.530513,7,9254.944017
-0.201436,4,9255.022127
-0.595534,7,9255.162716
-1.016434,10,9255.428276
-0.382236,7,9255.600113
-0.674396,10,9255.818807
-0.047275,1,9255.834429
-0.045792,1,9255.865672
-3.74224,50,9257.115381
-0.62907,8,9257.302838
-0.950594,9,9257.474674
-0.504667,7,9257.630888
-0.434715,7,9257.818341
-1.148595,12,9258.083905
-0.905372,10,9258.302602
-1.009287,12,9258.583818
-0.479658,7,9258.771246
-0.02757,1,9258.7869
-0.880683,10,9259.036807
-0.625982,7,9259.177399
-0.841799,13,9259.505443
-0.76648,10,9259.72414
-0.340042,6,9259.880354
-0.534275,7,9260.020949
-0.390449,6,9260.161542
-0.766189,9,9260.364615
-3.053707,50,9261.473734
-0.801629,9,9261.676807
-4.354555,50,9262.848417
-3.057024,50,9264.051252
-0.047175,1,9264.066877
-1.275068,18,9264.488647
-0.611216,9,9264.707345
-0.383026,7,9264.8948
-1.200264,12,9265.144743
-2.290201,27,9265.800845
-0.954997,12,9266.113269
-4.115277,50,9267.222382
-0.047741,1,9267.238005
-0.629987,9,9267.503567
-0.893182,9,9267.722265
-0.564128,8,9267.909722
-0.008687,1,9267.94096
-0.033117,1,9267.956583
-0.742206,8,9268.128421
-0.54993,7,9268.26901
-0.031615,1,9268.300253
-0.048846,1,9268.331493
-0.363617,6,9268.487708
-3.581914,50,9269.846768
-0.356845,6,9270.018597
-0.569121,8,9270.206053
-0.041451,1,9270.237297
-0.019061,1,9270.252933
-0.569747,8,9270.455995
-0.84728,10,9270.690316
-0.49161,8,9270.893396
-1.571012,22,9271.455761
-1.215718,12,9271.721325
-0.989542,10,9271.971263
-0.558866,7,9272.158721
-1.041054,14,9272.518014
-0.259286,5,9272.611743
-0.481106,8,9272.830439
-0.629406,8,9273.049136
-0.030102,1,9273.06476
-0.499245,6,9273.205348
-0.344424,5,9273.299082
-0.020562,1,9273.345952
-0.574926,8,9273.502156
-0.252628,5,9273.611505
-0.348692,6,9273.752128
-0.017174,1,9273.79896
-0.554075,8,9273.986416
-0.391571,6,9274.158249
-0.578917,8,9274.34575
-0.319469,6,9274.486298
-0.490822,6,9274.62689
-0.686169,8,9274.783104
-0.878267,12,9275.033047
-0.756041,9,9275.251744
-0.034778,1,9275.267366
-0.476866,7,9275.423583
-0.460865,7,9275.564174
-0.360009,6,9275.720388
-0.043007,1,9275.736009
-0.031282,1,9275.767253
-0.829151,10,9275.985947
-0.904924,9,9276.204662
-0.036719,1,9276.220271
-5.923077,50,9277.469978
-0.600472,9,9277.673051
-0.48218,7,9277.860506
-1.113333,14,9278.188554
-0.270439,5,9278.282284
-0.340363,6,9278.422872
-0.927526,12,9278.719684
-0.368622,6,9278.875895
-0.025621,1,9278.907139
-0.288032,6,9279.047729
-0.642602,8,9279.250804
-0.048025,1,9279.266427
-0.374224,7,9279.42264
-5.142625,50,9280.562995
-1.960365,24,9281.109748
-0.553603,8,9281.281582
-0.546407,9,9281.515896
-0.673073,10,9281.750221
-2.873193,50,9282.874958
-1.016048,11,9283.156138
-1.220411,11,9283.406082
-0.024627,1,9283.421701
-0.411213,6,9283.577919
-3.207521,50,9284.811998
-0.535476,8,9285.015077
-4.067285,50,9286.202297
-0.781177,9,9286.421004
-1.232854,15,9286.764666
-0.680785,8,9286.983363
-0.556105,7,9287.202061
-0.967576,10,9287.436382
-0.755498,11,9287.73319
-1.061359,10,9287.967512
-0.818984,9,9288.186209
-0.809787,10,9288.404906
-0.280834,5,9288.514262
-1.143582,12,9288.811058
-1.110887,15,9289.12349
-0.630118,8,9289.295325
-0.040669,1,9289.326562
-6.917685,50,9290.482542
-2.371139,30,9291.154262
-0.015445,1,9291.169883
-0.496262,7,9291.341715
-0.439344,7,9291.48231
-0.581962,8,9291.654141
-0.462717,7,9291.825976
-0.605739,7,9291.997813
-3.798292,50,9293.185037
-0.379049,7,9293.35687
-0.878444,10,9293.591186
-0.658639,9,9293.778642
-0.497055,7,9293.98172
-3.840546,50,9295.106457
-0.500944,8,9295.325158
-0.665821,10,9295.528234
-0.501523,8,9295.715695
-0.320667,6,9295.840664
-1.20915,14,9296.199949
-0.027557,1,9296.215571
-0.717982,10,9296.465511
-0.536662,8,9296.652972
-0.013278,1,9296.684208
-0.499996,8,9296.871667
-0.674666,8,9297.043502
-0.327233,6,9297.168471
-0.049031,1,9297.199713
-0.294069,5,9297.324689
-0.704159,8,9297.51214
-0.401973,6,9297.652732
-0.318219,6,9297.793325
-0.037256,1,9297.808947
-0.048563,1,9297.840188
-0.345771,6,9297.98078
-0.440408,6,9298.121375
-1.134039,10,9298.355694
-0.028343,1,9298.371317
-0.03621,1,9298.402562
-0.019378,1,9298.4338
-0.471821,7,9298.590011
-0.297941,5,9298.714985
-0.444335,7,9298.871196
-0.037094,1,9298.902441
-1.061769,21,9299.355461
-0.028257,1,9299.3867
-0.04083,1,9299.402321
-1.186012,13,9299.730373
-0.48568,7,9299.902204
-0.453077,7,9300.042796
-0.824321,9,9300.261495
-0.948526,14,9300.620784
-0.338852,7,9300.761377
-0.02351,1,9300.792623
-4.41392,50,9301.979841
-1.029897,11,9302.229786
-0.577962,7,9302.401618
-0.504303,8,9302.589072
-0.467414,8,9302.79215
-0.492964,10,9303.057715
-0.551352,7,9303.213929
-1.020245,15,9303.557595
-0.374378,7,9303.729466
-0.679788,9,9303.963753
-0.574184,8,9304.213693
-0.464951,7,9304.401148
-0.518943,7,9304.572982
-0.751723,9,9304.807304
-0.301757,6,9304.932273
-1.912096,18,9305.35405
-0.250577,5,9305.479021
-0.750096,9,9305.697719
-0.970437,11,9305.947663
-0.483587,7,9306.103872
-0.700992,10,9306.353818
-0.720115,8,9306.541269
-3.981646,50,9307.83784
-0.660073,8,9308.0253
-0.736954,10,9308.259618
-0.937426,11,9308.525181
-0.257908,5,9308.650151
-0.04521,1,9308.681392
-0.726497,9,9308.86885
-0.535291,9,9309.087551
-1.09495,11,9309.337494
-0.268434,5,9309.446837
-0.740375,9,9309.649915
-0.501829,7,9309.821754
-2.69508,32,9310.571573
-0.354394,6,9310.727789
-0.354384,6,9310.883999
-3.59998,50,9312.024357
-0.431414,7,9312.180571
-0.368721,6,9312.321163
-1.965464,25,9312.899152
-0.339106,6,9313.055365
-0.487221,7,9313.211582
-0.368063,7,9313.352169
-0.910324,11,9313.617732
-0.519198,8,9313.805192
-0.241522,5,9313.914538
-0.619982,9,9314.117619
-0.272823,5,9314.227014
-1.589908,14,9314.586257
-0.291635,5,9314.679984
-0.013052,1,9314.711227
-1.137368,11,9314.961167
-0.407874,7,9315.133004
-0.01668,1,9315.164247
-3.097962,50,9316.36709
-0.048271,1,9316.398333
-0.022531,1,9316.429573
-0.513733,7,9316.585824
-0.034287,1,9316.617033
-0.41549,7,9316.773246
-0.348252,6,9316.913835
-0.562708,7,9317.070048
-0.360968,6,9317.21064
-0.291876,6,9317.351232
-0.260004,5,9317.460584
-4.077841,50,9318.679048
-0.62184,8,9318.8665
-0.032058,1,9318.88212
-1.470178,25,9319.460111
-0.298132,6,9319.631945
-0.431628,7,9319.803781
-0.691454,8,9319.991237
-0.83544,9,9320.209934
-0.52695,8,9320.413012
-0.852396,10,9320.662955
-1.20024,11,9320.897273
-0.701017,10,9321.115975
-0.370633,7,9321.287805
-0.333597,6,9321.412781
-4.840432,50,9322.521892
-7.171481,50,9323.662252
-0.483006,8,9323.849705
-0.733889,10,9324.084026
-0.043344,1,9324.115267
-0.349809,7,9324.287105
-0.394371,6,9324.443315
-0.490757,8,9324.615153
-0.473501,7,9324.771364
-0.02971,1,9324.802603
-0.507803,7,9324.958824
-0.609584,8,9325.146275
-0.770831,8,9325.318113
-0.490092,7,9325.489961
-0.908573,12,9325.755511
-0.782793,11,9326.005453
-0.640969,8,9326.177283
-0.00897,1,9326.20853
-0.317317,6,9326.349119
-0.837739,10,9326.567816
-0.645773,8,9326.755271
-0.592291,8,9326.927106
-0.824526,10,9327.161429
-5.712316,50,9328.317405
-0.641157,8,9328.489241
-4.898884,44,9329.535868
-0.047645,1,9329.55149
-0.373936,7,9329.723329
-0.540126,7,9329.895162
-0.708186,9,9330.113858
-0.83704,11,9330.363799
-0.359278,6,9330.535639
-3.548712,50,9331.816583
-0.84228,10,9332.050903
-0.456478,7,9332.207116
-0.011093,1,9332.222739
-0.248984,5,9332.33212
-0.861984,9,9332.566407
-1.632627,17,9332.94132
-6.149047,50,9334.066056
-0.62453,9,9334.284756
-0.620961,8,9334.456592
-0.558885,7,9334.612801
-0.770942,10,9334.831503
-1.254508,13,9335.143928
-1.071438,12,9335.440735
-0.961652,10,9335.643812
-0.475254,7,9335.800027
-0.855204,9,9336.01872
-0.40017,6,9336.174936
-0.036678,1,9336.206177
-0.886911,9,9336.424877
-1.248592,14,9336.721688
-0.336045,6,9336.877897
-7.63501,50,9338.096356
-2.980677,30,9338.752459
-0.398834,6,9338.893051
-0.593754,8,9339.096124
-0.59224,7,9339.267961
-2.910033,50,9340.377077
-0.603921,9,9340.564533
-8.647111,50,9341.736132
-4.019773,50,9342.860866
-0.046014,1,9342.892108
-0.648719,8,9343.095187
-0.625228,8,9343.298267
-0.026469,1,9343.313884
-0.862547,10,9343.579445
-3.411127,50,9344.704181
-4.119342,50,9345.875782
-3.205047,50,9347.094245
-0.399184,6,9347.234837
-0.032408,1,9347.250462
-0.037208,1,9347.297322
-1.348908,14,9347.62537
-0.312277,6,9347.750342
-0.39402,6,9347.906555
-0.024161,1,9347.937797
-0.688452,8,9348.094014
-0.344612,6,9348.218984
-0.540389,8,9348.406441
-0.337426,6,9348.547033
-0.02496,1,9348.562654
-0.509748,7,9348.703242
-0.820241,9,9348.92194
-0.66691,9,9349.125018
-0.013534,1,9349.156261
-0.84922,10,9349.374963
-0.917275,10,9349.656147
-1.581967,23,9350.202889
-0.677574,8,9350.390349
-0.048159,1,9350.40597
-0.804124,9,9350.60905
-0.600191,8,9350.812122
-2.048321,26,9351.483838
-0.337849,6,9351.608809
-0.408455,6,9351.733779
-0.360051,6,9351.921236
-0.44284,7,9352.093073
-1.172416,11,9352.343013
-5.387626,50,9353.545855
-1.769072,21,9354.045741
-0.371239,6,9354.170713
-1.246767,14,9354.514376
-0.4147,7,9354.701834
-0.031596,1,9354.733088
-0.601519,7,9354.90491
-1.48456,18,9355.311067
-1.210384,13,9355.623492
-0.045476,1,9355.654734
-3.855114,50,9356.779474
-3.208671,50,9357.919827
-0.310457,6,9358.044801
-0.042443,1,9358.076075
-0.583929,7,9358.247877
-0.576286,8,9358.482198
-0.289116,5,9358.591544
-0.386146,6,9358.747759
-0.687412,8,9358.935217
-0.035732,1,9358.966462
-0.336832,6,9359.07581
-0.543229,7,9359.232018
-0.433369,7,9359.419476
-0.872153,9,9359.606936
-1.294935,17,9360.013089
-0.484928,6,9360.184923
-0.702242,8,9360.356758
-0.280466,6,9360.497353
-0.692701,8,9360.684808
-0.868534,9,9360.919125
-0.383805,6,9361.059718
-2.828363,50,9362.184455
-0.535361,7,9362.340663
-0.651895,8,9362.512502
-0.822421,9,9362.7312
-0.429785,7,9362.88741
-0.274856,5,9362.996759
-0.035784,1,9363.028005
-1.087226,14,9363.340443
-0.702986,12,9363.637235
-0.53335,8,9363.824694
-0.049657,1,9363.871555
-0.698948,10,9364.090256
-0.898072,10,9364.293335
-0.577669,8,9364.496425
-0.532233,7,9364.668245
-3.015535,50,9365.886705
-0.434146,7,9366.042921
-0.648977,8,9366.214754
-0.901571,16,9366.558424
-0.788491,9,9366.761504
-0.486762,8,9366.995821
-0.55905,8,9367.167655
-0.362639,6,9367.292629
-0.402396,6,9367.433217
-0.64565,8,9367.605054
-0.714684,8,9367.792509
-0.46319,6,9367.964345
-0.579376,8,9368.167421
-0.81234,9,9368.417363
-3.818755,50,9369.526475
-0.561582,7,9369.69831
-0.387996,6,9369.823285
-0.341342,6,9369.948255
-0.025052,1,9369.963877
-0.42986,7,9370.12009
-0.901277,10,9370.354409
-0.041508,1,9370.370031
-0.685611,8,9370.541866
-1.061987,13,9370.838671
-0.021398,1,9370.854293
-0.83353,9,9371.088613
-0.431347,7,9371.244823
-4.328073,50,9372.36956
-0.60575,8,9372.572636
-0.493258,7,9372.744469
-0.908387,11,9372.994429
-0.692001,9,9373.19749
-0.043535,1,9373.213111
-4.033889,50,9374.400331
-0.703488,8,9374.603412
-4.279131,50,9375.806253
-0.406655,7,9375.978086
-0.346182,6,9376.103056
-1.104239,14,9376.431104
-0.341502,6,9376.5717
-1.036159,10,9376.821641
-0.375256,6,9376.946609
-0.041486,1,9376.977851
-0.682009,8,9377.165308
-0.045504,1,9377.180929
-0.572504,8,9377.430872
-0.663165,9,9377.633951
-0.549672,7,9377.821406
-3.434659,50,9378.977382
-0.604276,7,9379.133597
-0.019106,1,9379.164837
-1.282672,12,9379.446024
-0.043524,1,9379.461646
-0.023853,1,9379.477269
-0.345188,6,9379.617859
-0.03801,1,9379.649103
-0.387832,6,9379.805315
-0.047667,1,9379.820937
-0.366023,6,9379.945907
-4.731943,50,9381.133126
-0.362045,6,9381.273717
-0.348531,6,9381.398687
-3.13755,50,9382.507802
-0.24068,5,9382.617151
-0.82365,10,9382.835852
-0.475073,7,9382.992064
-0.249909,5,9383.101416
-3.714519,37,9383.960587
-0.78961,9,9384.163662
-0.599368,8,9384.36674
-1.045832,11,9384.601065
-0.966915,11,9384.897866
-0.694564,8,9385.054083
-0.466692,7,9385.210293
-0.008601,1,9385.225916
-0.00926,1,9385.272781
-3.560876,50,9386.475621
-0.418299,7,9386.64747
-0.017933,1,9386.663081
-1.444604,14,9386.991125
-0.671715,8,9387.178584
-1.933627,26,9387.787816
-0.045053,1,9387.803441
-0.870124,10,9388.068996
-0.030648,1,9388.100241
-1.356351,17,9388.506396
-0.409719,6,9388.631365
-0.042068,1,9388.662606
-3.149176,50,9389.818589
-1.213072,12,9390.084151
-0.570795,7,9390.240365
-0.469993,7,9390.427833
-3.703722,50,9391.552555
-0.741324,10,9391.771252
-0.802242,8,9391.958709
-0.018348,1,9391.989953
-4.55074,50,9393.145932
-0.047535,1,9393.161554
-0.507961,8,9393.333388
-1.249309,12,9393.614573
-0.507184,7,9393.786406
-0.451076,7,9393.942616
-0.344233,6,9394.067587
-0.530472,7,9394.255043
-1.203931,19,9394.723685
-8.323505,50,9395.832802
-0.025191,1,9395.864043
-0.320216,6,9396.020257
-1.104403,10,9396.28582
-0.560239,7,9396.457654
-0.596495,8,9396.629488
-0.041883,1,9396.660727
-0.852893,11,9396.910669
-0.645896,8,9397.082504
-0.717363,8,9397.269959
-0.36975,6,9397.426174
-0.422392,7,9397.582387
-0.048433,1,9397.613632
-0.70839,8,9397.785503
-0.602838,7,9397.957298
-0.017187,1,9397.972924
-1.058404,11,9398.222864
-0.041616,1,9398.238487
-0.714062,8,9398.425939
-0.012856,1,9398.441565
-3.339684,50,9399.566297
-1.652533,20,9400.034938
-0.818265,11,9400.300498
-0.873875,10,9400.581681
-0.792844,9,9400.78476
-0.715327,8,9400.987837
-0.321511,6,9401.112809
-0.387959,6,9401.253398
-1.083973,11,9401.534584
-0.744655,9,9401.753283
-0.046727,1,9401.784527
-2.23567,26,9402.362517
-0.400219,7,9402.503112
-2.131985,19,9402.956129
-0.043477,1,9402.987367
-1.502315,16,9403.362281
-0.790526,9,9403.565356
-10.780909,50,9404.611986
-0.459807,7,9404.815063
-1.311414,14,9405.111869
-0.376309,6,9405.252464
-0.036998,1,9405.283706
-0.468261,7,9405.439916
-0.543092,7,9405.59613
-0.55218,7,9405.752344
-0.378663,6,9405.892938
-0.033428,1,9405.924176
-0.860852,10,9406.142882
-1.166882,11,9406.40844
-4.070015,50,9407.611284
-0.305545,6,9407.751877
-0.643532,8,9407.954952
-0.04269,1,9407.970573
-0.730773,9,9408.158027
-0.044519,1,9408.189279
-0.55956,8,9408.361109
-0.615921,8,9408.564186
-0.506828,9,9408.76726
-0.655736,9,9408.985962
-1.492725,14,9409.282767
-0.041877,1,9409.298385
-0.526921,7,9409.43898
-0.491846,7,9409.610815
-0.622476,7,9409.751408
-2.237965,28,9410.42312
-0.580321,8,9410.579338
-5.240959,50,9411.782176
-2.062819,26,9412.375786
-0.580661,8,9412.547621
-2.784701,29,9413.234963
-2.475047,36,9414.094136
-0.351829,6,9414.250346
-0.868593,11,9414.515909
-0.358284,7,9414.672124
-1.41872,13,9414.968932
-0.035638,1,9415.000181
-0.02883,1,9415.015792
-0.58014,7,9415.20325
-0.631005,8,9415.375086
-0.553436,7,9415.562537
-1.063517,12,9415.828106
-1.837166,18,9416.296741
-0.973712,12,9416.593548
-0.864451,10,9416.812245
-0.796173,11,9417.046566
-0.836939,10,9417.31213
-1.024757,11,9417.577694
-0.748557,10,9417.796389
-0.874626,10,9418.030709
-0.522551,7,9418.186923
-0.682091,8,9418.405622
-0.886965,11,9418.624317
-1.450459,14,9418.95237
-0.049123,1,9418.983613
-0.396112,6,9419.139823
-0.760314,9,9419.3429
-0.533258,7,9419.530356
-0.756612,9,9419.733433
-8.068232,50,9420.826926
-0.84987,10,9421.04563
-3.442068,50,9422.32658
-0.823967,9,9422.576517
-0.397673,6,9422.73273
-3.9617,50,9423.919955
-1.480637,21,9424.404216
-0.845514,9,9424.622913
-1.52748,17,9424.997823
-0.391802,6,9425.138418
-0.530129,7,9425.294631
-0.904186,10,9425.528947
-0.028293,1,9425.560193
-0.282331,5,9425.669544
-0.525727,7,9425.825756
-0.321473,6,9425.950727
-0.536291,8,9426.1538
-0.707157,8,9426.325635
-0.048374,1,9426.341258
-0.345648,6,9426.481852
-4.31655,50,9427.74718
-0.424282,7,9427.903392
-0.2788,5,9428.012742
-0.610043,9,9428.231441
-0.415823,6,9428.37203
-0.497253,7,9428.543868
-0.016252,1,9428.559489
-0.384765,7,9428.700081
-0.046962,1,9428.746943
-0.045719,1,9428.762566
-0.991049,11,9429.043746
-0.390839,6,9429.168719
-0.048562,1,9429.215584
-1.067219,11,9429.465522
-0.306473,5,9429.590493
-0.027319,1,9429.621738
-0.254061,5,9429.746707
-0.044786,1,9429.762331
-0.958497,11,9429.996652
-0.334073,6,9430.121619
-2.860387,28,9430.730852
-0.428144,7,9430.918322
-0.712601,8,9431.090141
-0.591138,8,9431.261978
-1.354257,15,9431.605645
-1.880748,23,9432.13677
-0.019592,1,9432.168013
-0.249055,5,9432.26175
-1.883387,23,9432.824114
-0.045764,1,9432.870972
-0.942589,10,9433.105294
-1.095391,15,9433.480205
-0.458685,7,9433.652042
-0.891609,10,9433.901982
-0.04883,1,9433.917603
-0.022276,1,9433.948846
-0.432589,7,9434.136305
-0.606665,8,9434.308136
-0.650393,8,9434.479971
-0.728951,8,9434.683049
-1.008073,13,9435.011095
-0.380859,6,9435.151687
-0.027238,1,9435.167314
-0.396099,6,9435.32352
-0.891804,9,9435.542224
-0.824245,9,9435.776541
-0.029825,1,9435.807787
-0.549549,7,9435.963997
-0.397673,7,9436.135833
-1.058741,11,9436.354529
-0.234372,5,9436.463888
-0.701433,9,9436.651337
-0.339543,6,9436.791927
-0.268771,5,9436.916899
-0.950267,13,9437.198086
-0.790742,9,9437.401158
-2.117311,30,9438.088497
-0.028941,1,9438.11974
-0.029246,1,9438.135361
-1.032436,14,9438.463408
-0.70681,8,9438.666489
-0.353466,6,9438.822701
-0.432803,7,9438.963292
-0.644469,8,9439.150749
-0.255982,5,9439.29134
-0.71857,8,9439.46318
-0.44102,7,9439.619391
-0.497779,7,9439.759983
-0.016925,1,9439.791224
-0.871739,10,9440.025546
-0.358224,6,9440.166134
-0.376102,7,9440.306725
-0.775459,10,9440.525432
-0.939309,10,9440.744124
-1.119788,12,9441.00969
-3.954938,50,9442.118802
-0.631301,7,9442.275018
-0.044606,1,9442.306261
-0.302936,6,9442.462469
-0.049841,1,9442.493716
-1.07951,10,9442.759275
-1.776983,18,9443.196677
-0.787787,8,9443.39975
-0.613277,8,9443.587205
-1.319221,15,9443.930877
-0.827482,11,9444.212061
-1.082538,13,9444.571352
-0.545427,7,9444.743188
-0.340321,6,9444.883778
-0.731615,9,9445.071234
-0.040505,1,9445.102479
-0.034592,1,9445.118102
-0.795407,9,9445.321179
-0.261293,5,9445.430522
-3.599245,50,9447.430058
-4.526566,50,9448.57041
-0.79634,9,9448.773491
-0.955532,10,9449.007811
-1.001772,11,9449.257753
-9.28762,50,9450.335622
-1.315961,11,9450.601189
-3.733663,50,9451.788408
-0.0212,1,9451.804029
-3.086475,50,9453.022495
-1.19638,11,9453.256811
-0.448012,7,9453.428648
-0.018851,1,9453.44427
-0.030333,1,9453.459888
-0.703814,8,9453.662971
-0.671786,10,9453.897288
-0.489363,9,9454.115987
-0.03416,1,9454.147224
-1.047217,11,9454.412792
-0.430036,7,9454.569005
-0.363739,7,9454.709594
-0.252359,5,9454.818944
-0.017533,1,9454.850186
-0.032119,1,9454.881428
-1.838375,19,9455.318827
-1.785721,23,9455.834329
-0.01545,1,9455.849951
-3.877858,50,9457.005929
-0.59341,8,9457.177766
-0.044178,1,9457.193388
-0.021779,1,9457.240249
-0.042131,1,9457.255872
-0.035545,1,9457.287116
-0.646892,8,9457.458948
-0.914658,10,9457.677648
-0.25544,5,9457.802623
-0.037685,1,9457.818242
-0.760973,9,9458.036938
-0.867581,11,9458.286882
-0.971454,10,9458.521214
-1.005326,12,9458.833629
-3.261915,50,9460.067714
-0.610965,11,9460.333275
-0.644064,9,9460.536349
-0.458567,7,9460.692564
-0.54035,8,9460.911261
-0.049305,1,9460.958126
-0.749363,8,9461.129963
-0.874236,10,9461.364292
-0.415102,6,9461.473634
-0.351375,6,9461.661094
-0.437677,7,9461.817299
-0.916952,10,9462.05162
-0.628073,8,9462.223454
-0.028722,1,9462.254698
-0.545476,8,9462.426535
-0.047526,1,9462.457778
-0.377408,6,9462.598366
-0.430249,6,9462.72334
-1.567831,15,9463.082626
-0.029416,1,9463.098248
-0.628887,7,9463.254465
-0.369928,7,9463.4263
-0.25303,5,9463.551266
-0.811368,8,9463.738723
-3.284177,50,9464.816595
-1.114946,14,9465.191511
-0.629162,8,9465.410212
-0.319914,6,9465.535177
-3.358912,50,9466.675534
-0.528641,8,9466.925475
-0.693029,8,9467.128552
-0.46865,7,9467.31601
-0.408075,6,9467.472225
-0.832532,9,9467.722163
-0.048834,1,9467.753403
-0.733753,10,9467.972108
-0.251431,5,9468.065832
-0.589376,7,9468.253289
-0.647791,8,9468.425124
-0.25041,5,9468.565715
-0.254613,5,9468.690684
-0.375432,6,9468.83128
-0.048578,1,9468.846903
-0.009031,1,9468.862525
-0.435049,7,9469.034354
-0.265726,5,9469.143705
-0.691481,8,9469.346832
-0.473931,6,9469.487373
-3.864823,50,9470.627731
-2.985013,50,9471.783712
-0.039905,1,9471.814987
-0.851388,11,9472.064892
-0.021514,1,9472.080513
-3.274106,50,9473.236506
-0.967006,11,9473.486434
-4.096513,50,9474.658034
-0.039622,1,9474.673661
-0.429132,7,9474.845494
-0.4502,7,9475.001704
-4.721635,50,9476.142064
-0.540494,7,9476.313895
-0.301362,6,9476.470111
-0.350939,5,9476.595083
-4.312541,50,9477.688575
-0.045659,1,9477.704197
-0.048254,1,9477.735438
-3.610016,50,9479.016388
-0.550052,7,9479.188219
-0.268577,5,9479.281949
-0.708446,8,9479.469403
-0.036701,1,9479.500647
-0.257135,5,9479.609998
-0.37943,6,9479.73497
-0.044475,1,9479.781829
-0.334888,6,9479.922422
-1.003957,12,9480.234848
-0.57341,9,9480.437925
-0.023082,1,9480.469168
-0.861544,10,9480.68787
-0.841626,10,9480.890944
-0.623791,8,9481.094023
-0.018977,1,9481.125268
-0.684564,8,9481.312724
-0.040798,1,9481.343963
-0.919186,9,9481.531422
-0.867149,9,9481.750116
-0.261156,5,9481.859466
-0.548787,7,9482.015684
-1.077559,11,9482.26562
-1.545157,18,9482.67178
-0.580504,9,9482.859236
-0.028941,1,9482.890475
-0.035034,1,9482.906097
-0.010274,1,9482.937339
-0.044099,1,9482.96858
-3.620464,50,9484.124564
-4.737636,50,9485.249296
-0.366159,7,9485.452376
-1.884551,18,9485.842907
-0.359108,6,9485.983497
-0.498163,9,9486.186575
-0.047341,1,9486.202204
-1.382558,16,9486.561487
-0.638381,8,9486.76457
-0.422901,6,9486.873915
-0.033766,1,9486.920784
-0.536359,8,9487.076997
-3.786715,50,9488.311076
-0.378921,7,9488.482912
-0.957178,11,9488.764094
-0.515288,7,9488.904688
-1.661539,21,9489.38895
-0.539062,8,9489.576405
-0.536586,7,9489.732617
-0.012774,1,9489.763866
-0.658211,9,9489.982558
-0.65447,9,9490.170014
-0.324144,6,9490.310611
-0.741646,8,9490.482446
-0.395034,7,9490.638658
-0.260946,5,9490.748003
-0.479079,8,9490.919845
-1.051354,12,9491.185405
-0.046884,1,9491.201023
-0.655864,9,9491.419721
-0.035268,1,9491.450969
-1.089752,16,9491.825879
-0.349513,6,9491.950848
-4.583555,50,9493.169313
-0.043051,1,9493.200556
-0.870786,9,9493.40363
-0.835947,9,9493.622331
-0.868203,11,9493.856652
-0.042162,1,9493.903514
-0.462832,6,9494.044109
-1.091171,13,9494.372153
-0.450609,7,9494.543987
-0.632779,8,9494.747069
-1.175116,13,9495.043869
-7.352398,50,9496.168606
-1.351493,15,9496.527935
-0.437308,7,9496.699748
-4.238696,50,9497.761986
-0.751616,8,9497.949439
-0.534996,7,9498.090028
-0.025776,1,9498.136894
-0.728527,8,9498.324349
-1.002472,10,9498.543049
-0.044633,1,9498.558671
-0.328659,6,9498.730505
-3.902012,50,9500.011453
-3.607957,50,9501.151812
-0.496224,7,9501.308023
-0.745851,11,9501.557965
-1.329593,16,9501.932887
-0.423618,7,9502.08909
-0.722027,9,9502.307792
-0.435435,7,9502.495249
-0.574359,7,9502.651461
-0.865912,10,9502.870157
-0.875532,11,9503.120101
-0.571091,8,9503.3388
-4.386222,50,9504.479158
-0.034939,1,9504.494781
-1.309757,15,9504.869688
-0.04148,1,9504.90093
-0.497316,7,9505.072769
-0.336193,6,9505.197734
-0.040526,1,9505.213356
-0.605742,8,9505.447677
-0.01186,1,9505.463297
-1.229997,20,9505.978805
-0.425483,7,9506.13502
-0.038567,1,9506.181879
-0.026411,1,9506.213121
-0.522711,7,9506.369351
-0.399672,6,9506.525552
-0.381773,6,9506.681765
-3.767114,39,9507.525317
-0.651499,8,9507.712772
-3.191544,50,9508.931234
-0.041938,1,9508.962477
-0.035359,1,9508.993722
-4.309222,50,9510.305911
-0.024942,1,9510.321531
-0.506822,7,9510.493369
-1.414171,15,9510.837039
-0.396129,6,9510.962011
-0.512395,7,9511.102599
-3.05293,50,9512.258579
-0.030195,1,9512.274202
-0.039221,1,9512.289823
-0.513804,7,9512.446032
-0.864116,10,9512.680354
-0.512654,8,9512.867809
-1.453017,17,9513.242727
-0.66703,9,9513.430181
-0.020268,1,9513.461421
-0.75824,9,9513.664497
-0.671787,9,9513.883196
-0.982969,12,9514.180002
-0.426096,6,9514.351834
-0.761317,9,9514.539294
-4.009388,50,9515.632784
-0.027333,1,9515.66403
-0.016269,1,9515.695271
-0.720257,10,9515.945215
-0.529471,7,9516.085808
-0.033062,1,9516.101428
-0.688246,8,9516.304505
-0.57655,8,9516.476337
-3.757933,37,9517.304267
-0.562522,7,9517.491723
-0.377869,6,9517.66356
-0.042517,1,9517.679181
-0.99277,14,9518.022849
-0.86318,9,9518.210305
-0.316421,5,9518.335277
-0.264303,5,9518.460248
-1.067626,12,9518.741432
-0.423629,7,9518.897645
-0.415292,6,9519.053859
-0.438661,7,9519.194447
-0.036828,1,9519.225695
-0.283974,5,9519.33504
-1.639842,23,9519.866203
-0.720482,8,9520.053625
-0.774925,9,9520.241078
-0.496439,7,9520.412921
-0.535744,8,9520.615989
-0.049348,1,9520.631612
-0.920934,11,9520.881554
-0.939449,11,9521.162737
-0.024688,1,9521.19398
-0.816982,9,9521.412681
-0.507497,8,9521.584515
-0.998569,13,9521.865699
-0.976856,13,9522.178125
-0.326382,6,9522.334336
-0.875632,11,9522.568655
-1.229981,12,9522.818599
-0.337412,6,9522.974814
-0.049089,1,9523.006052
-0.045238,1,9523.021675
-0.506991,7,9523.17789
-0.043894,1,9523.224752
-0.362557,6,9523.349722
-0.033262,1,9523.380965
-1.365015,20,9523.833983
-0.031969,1,9523.865265
-0.38877,6,9524.005817
-1.711261,20,9524.411972
-0.635494,8,9524.599432
-0.995447,11,9524.849373
-1.283748,13,9525.114932
-0.719104,9,9525.302389
-0.04518,1,9525.333666
-1.195061,13,9525.661679
-0.612847,8,9525.833513
-0.694581,10,9526.036595
-0.604384,8,9526.239671
-11.555615,50,9527.333165
-0.994,10,9527.551864
-0.878434,10,9527.786181
-0.043298,1,9527.817423
-1.254895,25,9528.395449
-0.737469,9,9528.598492
-0.014196,1,9528.614115
-0.655399,8,9528.801571
-0.507393,8,9529.004647
-0.879609,9,9529.192099
-0.572367,9,9529.426419
-1.523762,20,9529.91068
-0.34384,6,9530.09814
-0.548424,8,9530.285592
-0.676902,8,9530.457467
-0.813085,8,9530.644883
-4.818157,50,9531.847729
-0.710057,8,9532.050803
-0.745086,9,9532.269502
-0.028347,1,9532.300745
-0.392197,6,9532.456962
-0.487876,7,9532.613184
-0.585082,7,9532.78501
-0.569727,7,9532.941222
-0.299242,6,9533.128674
-0.047732,1,9533.144296
-0.046566,1,9533.175542
-0.717519,9,9533.362998
-0.005817,1,9533.394237
-0.395729,6,9533.534829
-0.031755,1,9533.550452
-0.636071,8,9533.737907
-0.791858,8,9533.940988
-3.967643,50,9535.096965
-0.403909,7,9535.253177
-0.873214,10,9535.487496
-0.752508,8,9535.690574
-0.573251,9,9535.893651
-0.043621,1,9535.924896
-0.047247,1,9535.95614
-0.499955,7,9536.143595
-0.503633,7,9536.29981
-0.038325,1,9536.315426
-0.544118,7,9536.471644
-3.43173,50,9537.690109
-0.572993,7,9537.861937
-0.261768,5,9537.971286
-0.784111,8,9538.143124
-0.544154,8,9538.330582
-3.730679,37,9539.252269
-0.649229,8,9539.439698
-5.090632,50,9540.658159
-0.291961,5,9540.783131
-0.810767,9,9541.04869
-0.783783,9,9541.298631
-3.657515,50,9542.626445
-0.344412,5,9542.751418
-0.345535,6,9542.892007
-1.001165,10,9543.110706
-0.734789,10,9543.345028
-0.464545,7,9543.516861
-4.049651,50,9544.641599
-0.02068,1,9544.657221
-14.025568,50,9545.82882
-0.022612,1,9545.860065
-0.044777,1,9545.891302
-0.044112,1,9545.922547
-0.769194,10,9546.141248
-0.045862,1,9546.172489
-0.658429,10,9546.422431
-0.358068,7,9546.56302
-0.32676,6,9546.734856
-0.807135,9,9546.937931
-0.429417,7,9547.125388
-1.207809,14,9547.453435
-0.428866,7,9547.594031
-1.484629,16,9547.968942
-0.038102,1,9547.984599
-0.415867,6,9548.140774
-0.609023,8,9548.375093
-0.537067,8,9548.578176
-1.439874,13,9548.874977
-0.239942,5,9548.999949
-0.034762,1,9549.031189
-0.310147,6,9549.187405
-3.102363,41,9550.124683
-0.031443,1,9550.140304
-0.666702,9,9550.343385
-0.007635,1,9550.374624
-0.58707,7,9550.530842
-0.641192,8,9550.702678
-3.098504,50,9551.999246
-0.028797,1,9552.046124
-0.770493,9,9552.296047
-4.63862,50,9553.452026
-0.819968,10,9553.701968
-0.028357,1,9553.733211
-0.023966,1,9553.764452
-1.34405,15,9554.108122
-0.759686,9,9554.311199
-0.891538,12,9554.623629
-0.855774,11,9554.873568
-2.510191,26,9555.529667
-0.821603,10,9555.763984
-2.674565,27,9556.373215
-0.012527,1,9556.404459
-0.040095,1,9556.420084
-0.75327,9,9556.623161
-0.96519,11,9556.904344
-7.158718,50,9558.122803
-0.588765,8,9558.357123
-0.035852,1,9558.388366
-0.025637,1,9558.435229
-0.479061,7,9558.700795
-1.005239,12,9558.981981
-0.749032,9,9559.200675
-0.048542,1,9559.231919
-0.495408,8,9559.403754
-1.09565,12,9559.684941
-0.023039,1,9559.700562
-0.271381,5,9559.809911
-0.024142,1,9559.841157
-0.37222,7,9559.981744
-0.580832,8,9560.184836
-0.350791,6,9560.325412
-0.813655,9,9560.528492
-0.893742,10,9560.778433
-3.580725,50,9561.934412
-0.695268,8,9562.137486
-1.172198,10,9562.35619
-0.036751,1,9562.387427
-0.538814,7,9562.543645
-0.777391,10,9562.793587
-0.407745,6,9562.918558
-0.42116,6,9563.05915
-0.67511,9,9563.246602
-0.049056,1,9563.27786
-0.031012,1,9563.309086
-0.824499,9,9563.496542
-0.766998,9,9563.699622
-0.57623,8,9563.887077
-0.020171,1,9563.93394
-0.016874,1,9563.965181
-0.589089,7,9564.152638
-0.551018,7,9564.355716
-1.382529,17,9564.746248
-0.364913,6,9564.871225
-0.351978,6,9564.996195
-0.293646,6,9565.152407
-0.049927,1,9565.168028
-1.023544,11,9565.402349
-0.017432,1,9565.433591
-1.585345,22,9565.933477
-0.040248,1,9565.964718
-0.502512,7,9566.120925
-0.68508,8,9566.277143
-3.824813,50,9567.401876
-0.869499,10,9567.604953
-0.37089,6,9567.761171
-0.313658,6,9567.901761
-0.558371,9,9568.1517
-0.028187,1,9568.182941
-0.492327,7,9568.354778
-0.28986,5,9568.464125
-0.871843,16,9568.83904
-0.782181,9,9569.026497
-0.782537,10,9569.245192
-1.029583,10,9569.495138
-0.81817,9,9569.729455
-0.002929,1,9569.760698
-1.488089,18,9570.16685
-0.592334,7,9570.323068
-0.618968,8,9570.510519
-0.505464,7,9570.666737
-1.178272,12,9570.932296
-0.362136,6,9571.072891
-0.015273,1,9571.104138
-1.037148,10,9571.354075
-1.036805,12,9571.635256
-0.780227,10,9571.869575
-0.018631,1,9571.91644
-0.537134,7,9572.072655
-0.349296,7,9572.244489
-0.57619,7,9572.416323
-3.109027,50,9573.666029
-0.589677,7,9573.822242
-0.022711,1,9573.837871
-0.8167,9,9574.056561
-0.045946,1,9574.087807
-0.47111,6,9574.244017
-0.623222,9,9574.431473
-0.706053,9,9574.634551
-0.403852,7,9574.806388
-0.824341,12,9575.103194
-0.409715,6,9575.228166
-0.7262,9,9575.446864
-0.255598,5,9575.571836
-0.504931,7,9575.728048
-0.340516,6,9575.853016
-0.037726,1,9575.868637
-0.045222,1,9575.899877
-1.977884,30,9576.61846
-0.744886,9,9576.821537
-0.291282,5,9576.930887
-1.298515,14,9577.258934
-0.581167,8,9577.477634
-0.798211,10,9577.696335
-0.799418,9,9577.89941
-0.445378,7,9578.086865
-0.702774,8,9578.243082
-0.629063,8,9578.461777
-4.17811,50,9579.602136
-0.038228,1,9579.633403
-0.649584,8,9579.805216
-0.589855,7,9579.977047
-0.666679,8,9580.148885
-0.329741,6,9580.289477
-0.558738,8,9580.492551
-0.024076,1,9580.508172
-0.261391,5,9580.617525
-0.347011,6,9580.758112
-0.033613,1,9580.789356
-0.476495,6,9580.91433
-0.58861,8,9581.101782
-0.724416,8,9581.30486
-0.262902,5,9581.429832
-0.97309,10,9581.648532
-0.785239,10,9581.91409
-0.467341,6,9582.070304
-0.567656,8,9582.289003
-0.599151,7,9582.445223
-0.672448,8,9582.617055
-0.637155,9,9582.83575
-0.487147,7,9582.991964
-3.883911,50,9584.194807
-0.690361,9,9584.413503
-0.046754,1,9584.44475
-0.379554,6,9584.60096
-0.82077,11,9584.850904
-0.310411,6,9585.007113
-0.260808,5,9585.147706
-0.856984,9,9585.335163
-0.878689,12,9585.60073
-0.711596,9,9585.788181
-0.55208,8,9586.006883
-4.360214,50,9587.225344
-0.350825,6,9587.381556
-0.044871,1,9587.4128
-0.533184,7,9587.584635
-0.022942,1,9587.600257
-3.999771,50,9588.77186
-0.478674,8,9588.974934
-0.562025,7,9589.178016
-0.756695,10,9589.443573
-3.469602,50,9590.568308
-6.233437,50,9591.755531
-0.042068,1,9591.786772
-0.031324,1,9591.802394
-0.34392,6,9591.943019
-0.438336,6,9592.067956
-0.302941,5,9592.192926
-0.657336,8,9592.364765
-0.941365,10,9592.58347
-0.043322,1,9592.599092
-0.57516,7,9592.770916
-0.027603,1,9592.786538
-1.190496,12,9593.067723
-0.258066,5,9593.177071
-1.066151,11,9593.427016
-0.505406,7,9593.583227
-3.082087,50,9594.723582
-0.512399,7,9594.864175
-0.422868,7,9595.036012
-0.020943,1,9595.067252
-0.767871,10,9595.317232
-0.538931,8,9595.489031
-0.0385,1,9595.520304
-0.600496,11,9595.754591
-0.624074,8,9595.942046
-0.646889,8,9596.113888
-0.547219,8,9596.301341
-0.486431,7,9596.473172
-4.061067,50,9597.660393
-0.252641,5,9597.769746
-0.047123,1,9597.800987
-0.608497,8,9597.972819
-0.607141,8,9598.144654
-1.108115,12,9598.425841
-0.752503,9,9598.613298
-0.771164,9,9598.80075
-0.538728,7,9598.972585
-0.260223,5,9599.09756
-0.913371,9,9599.316255
-0.912851,10,9599.534952
-0.041021,1,9599.550573
-4.051166,50,9600.7378
-0.020355,1,9600.76904
-0.700368,10,9600.987736
-0.493094,7,9601.159571
-0.322739,6,9601.284541
-0.710367,8,9601.50324
-0.673649,8,9601.675078
-0.711655,9,9601.878153
-0.576204,8,9602.096856
-5.389423,50,9603.252833
-0.501711,7,9603.409044
-0.319581,6,9603.549638
-4.387995,50,9604.78372
-0.891052,10,9605.049286
-0.041904,1,9605.080526
-0.858639,9,9605.283601
-0.387779,6,9605.408574
-5.413584,50,9606.6739
-0.417869,6,9606.783254
-0.809731,8,9606.970706
-0.279536,5,9607.095678
-0.725928,8,9607.298754
-1.120188,11,9607.533073
-0.909355,9,9607.720533
-0.756927,10,9607.954852
-0.034032,1,9607.986092
-0.014744,1,9608.001715
-1.035538,12,9608.282897
-0.590043,8,9608.454734
-2.02807,22,9608.954617
-3.360627,50,9610.094972
-0.027493,1,9610.126229
-0.857358,14,9610.454268
-0.352458,6,9610.626101
-1.041885,11,9610.860422
-0.037723,1,9610.891664
-0.021365,1,9610.907286
-1.716686,17,9611.34468
-1.099495,11,9611.578999
-0.977944,11,9611.844563
-0.044796,1,9611.860187
-4.9936,50,9613.000545
-0.345096,6,9613.156753
-0.039888,1,9613.187999
-1.152307,12,9613.453558
-0.033651,1,9613.484804
-0.014422,1,9613.516044
-0.278348,5,9613.641016
-0.273839,5,9613.750367
-0.657263,8,9613.953441
-0.006472,1,9613.969062
-0.039942,1,9614.000305
-0.029752,1,9614.015927
-1.005655,10,9614.250247
-0.896149,10,9614.484568
-0.708116,9,9614.718886
-1.988207,22,9615.18753
-1.15087,17,9615.624958
-0.044465,1,9615.656171
-0.041881,1,9615.671791
-0.044911,1,9615.687409
-0.023405,1,9615.718651
-0.042787,1,9615.765552
-0.020667,1,9615.796758
-0.53349,7,9615.937351
-0.345543,6,9616.093566
-0.518076,8,9616.265401
-0.299366,5,9616.390373
-1.764913,17,9616.765281
-0.271936,5,9616.905874
-0.020605,1,9616.921494
-0.559433,7,9617.093343
-0.875032,9,9617.280785
-0.02945,1,9617.31203
-0.660869,7,9617.483862
-0.40063,7,9617.671321
-0.034974,1,9617.702564
-0.515944,7,9617.890017
-0.648938,8,9618.061854
-0.611755,8,9618.218068
-0.409986,7,9618.389899
-0.293389,5,9618.530494
-0.695483,9,9618.717951
-4.220541,50,9619.842721
-0.767118,8,9620.014521
-0.707476,8,9620.217595
-0.469867,7,9620.38943
-0.040308,1,9620.40505
-1.072222,12,9620.686269
-1.374999,19,9621.139286
-0.698669,10,9621.357952
-1.611407,21,9621.857836
-0.499005,7,9621.998427
-0.308002,6,9622.170261
-0.446925,7,9622.357718
-0.842671,9,9622.545177
-0.500443,10,9622.763877
-0.752691,10,9622.998193
-0.275118,5,9623.107541
-0.493855,7,9623.294997
-0.803834,10,9623.529317
-1.143936,11,9623.810505
-2.894752,50,9625.028968
-0.042308,1,9625.060207
-0.711094,9,9625.247667
-0.624767,9,9625.450742
-0.044434,1,9625.481983
-1.263464,21,9626.013108
-0.749275,9,9626.216187
-1.358867,13,9626.512994
-0.695615,8,9626.684829
-0.788716,9,9626.887907
-2.515328,34,9627.637731
-0.402328,7,9627.793941
-1.156665,18,9628.184477
-0.559028,9,9628.371935
-1.05457,11,9628.653112
-0.033816,1,9628.668737
-0.508136,7,9628.840573
-0.035107,1,9628.871815
-0.665189,8,9629.07489
-0.650635,8,9629.262346
-0.4081,6,9629.402937
-1.050292,12,9629.668503
-0.031643,1,9629.684133
-1.370419,21,9630.199627
-0.929225,9,9630.387084
-0.723026,9,9630.590159
-0.768263,11,9630.840104
-0.748404,11,9631.105665
-0.503028,7,9631.261882
-6.606995,50,9632.464718
-0.386396,6,9632.589689
-0.043974,1,9632.620931
-0.559414,8,9632.824008
-0.480718,7,9632.99585
-0.407002,6,9633.120819
-0.996427,17,9633.526972
-0.454701,7,9633.683181
-0.798214,8,9633.886257
-0.297308,6,9634.026852
-0.775981,8,9634.19869
-2.105676,27,9634.870404
-0.344541,6,9635.010995
-0.571635,8,9635.214075
-0.774767,8,9635.401532
-0.831154,9,9635.604609
-0.407454,6,9635.729583
-0.373043,6,9635.870169
-0.027544,1,9635.901412
-0.969007,10,9636.151353
-1.211271,12,9636.479405
-0.382352,7,9636.635614
-0.7829,11,9636.901176
-0.293502,6,9637.026151
-0.688767,8,9637.182365
-0.271575,5,9637.291713
-0.499074,8,9637.479168
-2.246022,26,9638.072775
-0.019282,1,9638.104021
-0.655059,8,9638.260255
-0.048156,1,9638.291476
-0.475562,7,9638.447691
-0.2446,5,9638.557038
-0.763046,9,9638.775737
-0.034679,1,9638.80698
-0.033743,1,9638.822599
-0.037426,1,9638.853844
-0.517473,8,9639.025681
-0.047055,1,9639.072541
-0.049012,1,9639.088163
-1.095146,14,9639.416213
-0.794777,9,9639.603666
-0.391414,7,9639.775503
-0.049659,1,9639.791122
-1.869986,20,9640.259762
-0.479226,8,9640.447218
-0.692623,8,9640.634691
-0.784237,9,9640.853373
-0.031861,1,9640.868994
-1.328517,13,9641.150177
-0.247287,5,9641.275151
-0.640285,8,9641.462606
-0.559791,9,9641.681322
-1.061622,11,9641.978109
-0.571154,8,9642.181186
-3.593326,50,9643.384027
-0.378648,6,9643.555866
-0.436001,6,9643.712076
-0.76815,11,9643.97764
-0.731358,10,9644.211963
-4.5467,50,9645.461668
-0.418493,6,9645.617881
-0.710631,9,9645.820958
-0.037289,1,9645.836581
-0.262175,5,9645.94593
-0.890846,10,9646.149007
-0.869683,11,9646.430191
-0.871229,10,9646.711373
-0.491018,7,9646.898835
-3.407222,39,9647.882971
-0.666501,8,9648.07043
-3.755205,50,9649.226407
-0.400084,6,9649.351378
-0.541828,8,9649.538834
-0.253012,5,9649.663806
-0.768942,10,9649.866881
-0.645966,7,9650.054372
-0.043784,1,9650.070012
-0.541356,8,9650.273036
-0.262052,5,9650.366765
-0.965523,10,9650.585462
-2.0285,21,9651.116587
-0.384578,6,9651.272801
-0.311019,6,9651.413396
-0.044044,1,9651.444638
-0.532207,10,9651.678957
-0.048161,1,9651.725819
-0.755035,9,9651.928897
-1.50349,14,9652.241324
-0.464959,7,9652.39755
-1.091098,14,9652.756834
-0.026061,1,9652.772452
-0.50959,8,9652.959908
-0.031461,1,9652.97553
-1.059727,12,9653.272335
-0.034112,1,9653.287953
-0.036253,1,9653.319196
-0.548385,8,9653.537892
-0.022514,1,9653.553516
-0.428088,6,9653.70973
-0.266447,5,9653.819079
-0.033327,1,9653.85032
-0.378148,6,9653.990916
-0.363594,6,9654.131505
-0.853983,10,9654.350204
-0.42272,7,9654.490796
-0.711501,8,9654.678252
-0.594261,8,9654.865718
-0.310517,6,9654.990685
-0.938197,9,9655.209374
-0.01852,1,9655.240619
-0.363706,6,9655.38121
-0.046575,1,9655.412453
-0.734432,8,9655.584294
-0.535807,8,9655.803027
-0.04665,1,9655.834229
-0.654153,7,9655.974821
-0.025926,1,9655.990443
-0.021783,1,9656.021687
-4.03325,50,9657.193284
-0.03618,1,9657.208906
-0.465562,7,9657.380743
-0.839481,10,9657.630687
-1.047493,10,9657.880626
-0.442304,7,9658.036841
-0.676482,9,9658.255535
-0.372579,7,9658.427371
-0.563512,7,9658.567966
-0.397587,6,9658.692933
-0.773539,10,9658.89601
-0.682448,8,9659.099087
-0.481461,7,9659.270924
-1.78594,24,9659.848914
-0.324716,6,9659.973886
-0.88259,10,9660.223823
-0.643406,10,9660.458143
-0.278197,5,9660.567493
-0.737931,9,9660.786191
-0.911479,10,9661.036135
-0.031879,1,9661.067375
-0.827169,9,9661.270459
-0.678572,7,9661.457909
-0.323698,5,9661.58288
-0.542528,8,9661.770337
-0.520652,7,9661.957792
-0.518657,7,9662.114004
-0.906301,10,9662.348328
-0.009828,1,9662.379622
-0.403621,7,9662.535784
-0.044481,1,9662.551407
-0.396073,6,9662.691996
-0.383505,6,9662.816964
-3.570093,50,9663.957322
-0.692052,10,9664.207263
-0.040648,1,9664.238533
-1.113302,11,9664.488451
-1.261669,13,9664.754014
-0.371208,7,9664.894605
-0.047852,1,9664.941467
-2.156694,25,9665.581942
-0.528149,7,9665.769398
-0.015037,1,9665.785017
-3.304833,50,9667.019106
-0.042796,1,9667.050348
-1.184094,13,9667.33153
-0.356967,6,9667.472121
-0.047516,1,9667.518983
-0.898961,9,9667.737681
-0.724714,9,9667.940761
-0.021627,1,9667.972003
-0.331601,6,9668.128222
-0.917273,11,9668.39378
-0.917742,10,9668.643722
-0.797925,11,9668.893662
-0.024488,1,9668.924905
-0.041034,1,9668.956147
-0.913626,10,9669.190467
-1.012136,11,9669.471653
-0.03026,1,9669.518558
-3.573856,34,9670.31521
-0.585892,8,9670.50266
-0.039429,1,9670.533902
-0.464026,7,9670.690115
-0.029579,1,9670.705737
-1.012552,11,9670.95568
-0.360963,6,9671.096272
-0.741264,8,9671.299346
-1.607558,19,9671.705503
-0.039883,1,9671.736745
-0.490655,8,9671.908583
-0.356461,6,9672.064791
-0.633447,8,9672.252249
-0.029239,1,9672.283491
-0.634496,8,9672.455328
-1.817808,23,9673.017699
-0.418043,7,9673.17391
-0.706238,8,9673.345745
-0.038612,1,9673.37699
-0.470016,6,9673.517576
-0.488682,7,9673.720654
-0.583488,10,9673.954976
-0.722668,8,9674.126809
-1.608307,16,9674.51734
-0.65304,8,9674.704797
-0.547253,8,9674.876635
-0.238678,5,9674.985981
-0.922429,10,9675.235922
-0.02109,1,9675.251544
-0.640796,9,9675.454622
-0.455562,7,9675.626459
-1.286802,13,9675.970128
-0.415995,6,9676.095096
-0.028955,1,9676.110717
-1.069806,12,9676.376279
-0.352708,7,9676.548113
-0.872659,11,9676.782437
-0.702207,9,9677.001132
-0.049602,1,9677.032374
-0.467955,7,9677.188591
-0.640995,9,9677.407293
-0.48664,9,9677.625986
-0.704889,8,9677.829067
-0.507293,7,9678.016518
-0.288996,5,9678.125872
-0.418586,6,9678.250839
-0.627005,9,9678.453918
-0.50042,8,9678.641372
-0.505642,7,9678.813207
-0.006043,1,9678.828828
-0.433063,6,9678.953805
-0.339749,6,9679.110011
-1.392101,20,9679.547411
-2.633011,31,9680.265992
-0.89422,14,9680.594039
-0.039014,1,9680.625283
-0.023169,1,9680.656529
-0.415475,6,9680.797119
-0.586404,8,9680.984571
-0.235764,5,9681.093922
-0.618177,7,9681.250135
-0.382322,6,9681.375105
-0.04139,1,9681.406348
-0.321208,6,9681.578183
-0.455377,7,9681.765642
-0.596697,8,9681.937474
-0.569462,8,9683.155938
-0.927654,10,9683.437175
-0.823921,8,9683.640199
-0.841465,10,9683.874518
-0.007784,1,9683.890141
-0.368081,6,9684.046358
-0.896088,9,9684.249429
-0.311348,5,9684.358779
-7.642721,50,9685.452273
-0.016937,1,9685.499141
-0.836895,10,9685.733458
-0.581738,7,9685.952157
-0.835411,8,9686.170853
-0.976346,11,9686.452038
-0.04957,1,9686.467659
-0.532503,7,9686.623875
-0.78226,9,9686.826948
-0.831763,10,9687.076896
-0.426519,6,9687.217484
-0.342811,6,9687.358075
-0.882084,9,9687.576771
-0.031646,1,9687.608016
-0.319541,6,9687.748608
-0.366021,7,9687.920443
-0.889227,9,9688.107904
-0.531925,7,9688.295356
-0.743008,9,9688.482812
-0.522091,7,9688.654645
-0.445258,7,9688.795241
-0.662065,9,9689.013942
-0.482439,6,9689.138911
-0.045286,1,9689.170152
-0.632156,7,9689.341987
-0.04543,1,9689.388852
-0.935875,11,9689.638791
-0.737412,9,9689.857488
-0.595449,7,9690.060565
-0.890471,9,9690.279268
-0.045531,1,9690.29489
-1.689024,17,9690.716661
-3.489806,50,9691.935126
-3.257608,49,9693.048509
-0.562985,8,9693.220345
-0.480463,8,9693.407798
-0.043596,1,9693.42342
-1.09606,12,9693.720229
-0.275048,5,9693.86082
-0.463816,7,9694.032654
-0.543296,8,9694.22011
-0.573237,7,9694.376325
-0.952672,11,9694.652618
-0.438912,7,9694.808834
-0.668571,8,9694.980669
-0.018327,1,9695.027529
-5.029839,50,9696.21475
-0.934073,10,9696.433449
-0.248474,5,9696.542802
-0.878247,10,9696.792742
-0.043128,1,9696.823984
-0.630049,8,9697.011439
-4.251683,50,9698.167417
-1.031581,12,9698.464223
-0.86803,10,9698.682933
-0.012216,1,9698.714164
-0.368962,6,9698.839135
-0.541592,8,9699.026597
-0.461613,7,9699.198424
-1.852668,24,9699.760796
-0.04272,1,9699.776415
-0.034777,1,9699.807661
-0.389874,6,9699.948297
-0.034838,1,9699.979494
-0.508699,7,9700.12009
-0.841712,9,9700.385647
-1.290998,17,9700.823047
-0.65926,9,9701.072984
-0.663814,8,9701.260441
-0.635925,8,9701.463522
-1.6594,15,9701.822812
-0.779618,9,9702.010263
-0.59596,8,9702.213343
-0.946837,12,9702.51015
-0.04372,1,9702.525771
-0.698883,8,9702.681986
-0.028809,1,9702.713228
-0.511103,7,9702.885059
-0.850092,10,9703.119379
-0.520594,7,9703.291252
-1.247283,14,9703.58802
-0.489049,9,9703.791115
-0.831903,8,9703.978556
-4.781488,50,9705.103292
-0.036406,1,9705.118912
-0.677757,8,9705.321987
-0.306129,6,9705.462579
-1.186957,11,9705.696902
-0.958572,13,9706.009325
-0.431646,6,9706.149921
-2.86052,50,9707.368382
-2.770116,50,9708.555605
-0.535782,7,9708.696195
-0.019946,1,9708.727441
-0.960186,10,9708.946136
-0.034775,1,9708.977378
-0.329614,6,9709.117972
-0.5252,7,9709.305428
-0.745575,8,9709.508503
-0.040208,1,9709.524124
-0.486091,6,9709.649096
-0.525317,7,9709.820933
-0.919694,10,9710.039628
-0.048128,1,9710.055255
-0.462466,7,9710.227089
-0.681012,8,9710.461404
-0.520986,7,9710.617619
-0.766587,10,9710.851938
-0.654819,10,9711.07064
-2.481682,27,9711.695509
-0.24282,5,9711.804842
-0.369394,7,9711.945436
-0.956441,9,9712.132889
-0.036507,1,9712.164149
-0.717447,9,9712.367208
-0.03724,1,9712.398449
-0.657598,9,9712.601528
-0.045478,1,9712.63277
-1.837261,24,9713.179522
-0.706273,10,9713.413839
-0.422728,6,9713.570049
-0.048042,1,9713.601296
-0.65805,8,9713.804372
-0.908537,10,9714.023069
-0.785579,8,9714.210527
-0.351652,7,9714.382359
-0.401323,6,9714.507329
-0.018374,1,9714.522955
-3.433527,49,9715.710176
-0.615587,9,9715.913253
-0.464049,7,9716.085087
-1.640342,27,9716.709938
-0.279959,5,9716.819287
-2.207282,26,9717.381658
-0.388338,6,9717.506628
-0.85676,12,9717.803429
-0.783889,10,9718.022132
-0.765909,9,9718.209583
-0.511845,7,9718.412659
-0.666232,9,9718.61574
-0.859964,10,9718.865685
-0.619326,8,9719.068761
-0.681524,8,9719.240592
-0.462012,7,9719.381186
-1.042415,10,9719.599887
-0.52711,7,9719.802961
-0.392696,6,9719.927935
-2.301382,31,9720.693377
-0.999282,10,9720.927698
-1.438419,19,9721.365095
-0.924715,9,9721.568172
-0.395789,6,9721.708764
-0.340405,6,9721.849354
-0.712197,8,9722.052433
-0.859671,9,9722.286752
-0.388996,7,9722.474207
-1.424379,20,9722.94285
-0.379145,6,9723.083443
-0.268777,5,9723.177174
-0.026984,1,9723.208411
-0.462141,7,9723.364628
-0.047798,1,9723.395866
-5.13508,50,9724.59871
-0.704783,8,9724.770546
-0.017173,1,9724.786168
-0.584407,7,9724.958002
-0.041705,1,9724.973624
-0.388292,6,9725.098593
-1.399293,19,9725.520401
-0.939977,13,9725.817173
-0.013947,1,9725.848415
-0.407354,7,9725.98901
-0.032422,1,9726.020254
-0.035707,1,9726.051535
-1.17748,18,9726.488889
-0.02095,1,9726.504511
-0.455684,7,9726.660727
-0.241113,5,9726.801315
-0.669359,9,9727.004397
-0.577069,7,9727.19185
-0.028447,1,9727.207471
-0.577151,7,9727.39493
-8.103901,50,9728.519664
-0.741783,10,9728.738363
-0.895597,10,9729.003924
-1.486691,13,9729.300729
-0.477336,7,9729.488185
-0.032916,1,9729.503806
-0.840089,9,9729.691267
-0.541868,7,9729.89434
-1.033661,11,9730.144285
-0.037161,1,9730.175529
-0.523583,8,9730.394224
-0.045913,1,9730.425466
-0.474423,7,9730.597299
-0.032794,1,9730.612921
-0.721033,9,9730.816003
-0.690025,8,9731.034697
-0.360334,6,9731.175301
-0.641474,9,9731.425232
-0.65415,8,9731.581445
-0.510467,7,9731.753282
-0.045532,1,9731.768904
-0.048631,1,9731.784524
-0.763654,10,9732.034468
-0.040653,1,9732.065704
-1.112507,11,9732.331269
-0.381957,6,9732.487481
-0.040634,1,9732.518722
-0.328921,6,9732.659317
-0.412824,6,9732.784291
-0.541647,7,9732.940499
-0.640245,8,9733.127962
-0.048065,1,9733.174822
-0.371638,6,9733.299795
-0.039502,1,9733.331037
-0.324389,6,9733.471624
-2.100873,27,9734.112105
-0.238359,5,9734.221448
-0.31215,6,9734.362042
-0.841884,9,9734.549498
-0.565385,9,9734.783822
-0.705499,8,9734.986894
-1.081316,14,9735.268082
-0.995551,10,9735.533643
-0.047515,1,9735.564886
-2.794793,50,9736.689619
-0.285999,6,9736.814591
-0.420626,6,9736.955184
-0.472,7,9737.111399
-1.389421,16,9737.501928
-1.52281,16,9737.87684
-0.01159,1,9737.908082
-1.69597,23,9738.454834
-0.270989,5,9738.548561
-0.315718,6,9738.689152
-0.027074,1,9738.720395
-0.039894,1,9738.736017
-0.769649,9,9738.954713
-0.884223,9,9739.157793
-4.424529,50,9740.345013
-0.471092,7,9740.532468
-0.327725,6,9740.704302
-0.042468,1,9740.735544
-0.962607,10,9740.954244
-0.958451,11,9741.235426
-0.606103,7,9741.391639
-0.008855,1,9741.422882
-0.708788,9,9741.625961
-0.657729,8,9741.829049
-0.689698,8,9742.000873
-1.365791,14,9742.313298
-0.301682,6,9742.500754
-0.033401,1,9742.54763
-2.832554,50,9743.797329
-0.029218,1,9743.812948
-0.02723,1,9743.844188
-0.487019,7,9744.016028
-0.751808,8,9744.203479
-0.854124,10,9744.437801
-0.024882,1,9744.469042
-0.647441,8,9744.640879
-0.352781,6,9744.781468
-0.030507,1,9744.797091
-4.104653,50,9745.968695
-0.340125,6,9746.124906
-0.323609,6,9746.265495
-0.768194,8,9746.437334
-0.722477,9,9746.640408
-0.452482,6,9746.781003
-0.682908,9,9746.984079
-0.595446,8,9747.171532
-0.428598,7,9747.343366
-0.039549,1,9747.358989
-0.919454,9,9747.60893
-1.102873,12,9747.890114
-0.033162,1,9747.921356
-0.403404,6,9748.061948
-0.784575,8,9748.233824
-0.870743,8,9748.421238
-0.558531,8,9748.624319
-0.257267,5,9748.764908
-0.049712,1,9748.780529
-0.996677,9,9748.967988
-0.58171,8,9749.139824
-0.015872,1,9749.171066
-0.317842,6,9749.327276
-0.337146,6,9749.483489
-0.7385,10,9749.733432
-0.044749,1,9749.764673
-0.524456,7,9749.920886
-0.229013,5,9750.045857
-0.46587,7,9750.186452
-0.588698,7,9750.358287
-0.729051,8,9750.53012
-0.782849,9,9750.733199
-0.042497,1,9750.74882
-0.277782,5,9750.873791
-3.996182,50,9752.045388
-0.031811,1,9752.061013
-0.045403,1,9752.076634
-0.020467,1,9752.107875
-0.507636,7,9752.264086
-0.011641,1,9752.279707
-0.470537,7,9752.451541
-0.480507,7,9752.639001
-1.196195,11,9752.873317
-0.026341,1,9752.88894
-0.244809,5,9752.998292
-0.544914,9,9753.216987
-0.307326,6,9753.341963
-0.402568,6,9753.48255
-0.996461,10,9753.685631
-0.032116,1,9753.716873
-0.687864,9,9753.966811
-0.76358,9,9754.169893
-0.884595,10,9754.419829
-0.323018,6,9754.560422
-0.399785,6,9754.685393
-3.60033,50,9755.935099
-0.862851,9,9756.122558
-0.59642,8,9756.310011
-0.492269,7,9756.466229
-0.470291,6,9756.5912
-0.323904,6,9756.731789
-0.56129,7,9756.919245
-1.051135,11,9757.153566
-0.355829,7,9757.325401
-0.721945,8,9757.512855
-0.043784,1,9757.544096
-9.057131,50,9758.684453
-0.469251,7,9758.840667
-0.045195,1,9758.856289
-0.884378,10,9759.106231
-0.452108,7,9759.262443
-0.048375,1,9759.278063
-0.434782,7,9759.449898
-1.76326,24,9759.996646
-0.647448,9,9760.184101
-0.935058,10,9760.480907
-0.965725,11,9760.793337
-0.765972,9,9761.090139
-0.028099,1,9761.121383
-0.035327,1,9761.152626
-0.296898,5,9761.261972
-0.026803,1,9761.293216
-0.028198,1,9761.324459
-0.650492,8,9761.511916
-0.035416,1,9761.527537
-0.044376,1,9761.558778
-0.3667,6,9761.699374
-0.427998,7,9761.855587
-0.823422,9,9762.05866
-0.686826,8,9762.246116
-0.62261,7,9762.40233
-1.275705,12,9762.714756
-0.493412,7,9762.870976
-0.318605,6,9763.027189
-0.541087,7,9763.167775
-1.812028,24,9763.745764
-0.723207,9,9763.964467
-0.952807,11,9764.198787
-0.827899,9,9764.433109
-0.844596,9,9764.667423
-0.810983,9,9764.886121
-0.255402,5,9765.011094
-0.5099,7,9765.16731
-0.042924,1,9765.198547
-0.399279,6,9765.339141
-0.342164,6,9765.479733
-0.325022,5,9765.604703
-1.100102,12,9765.870265
-0.547367,7,9766.026483
-0.044915,1,9766.073341
-0.67989,10,9766.276425
-0.038871,1,9766.292042
-0.773203,9,9766.526361
-0.434307,7,9766.682574
-0.041443,1,9766.698195
-0.454013,6,9766.838794
-1.504238,21,9767.354296
-0.356636,6,9767.479267
-0.859698,9,9767.66672
-0.048537,1,9767.697964
-8.504952,50,9768.807077
-0.04717,1,9768.853976
-0.349515,6,9769.010154
-0.262494,5,9769.10388
-0.043047,1,9769.135126
-0.333685,6,9769.275715
-0.917955,9,9769.510035
-1.771727,16,9769.853705
-0.439042,6,9770.025542
-0.325241,6,9770.166132
-1.006289,11,9770.44732
-0.691471,9,9770.681635
-0.042497,1,9770.697257
-0.930371,10,9770.962821
-0.02892,1,9770.978441
-0.649526,8,9771.165898
-0.567683,7,9771.353388
-0.908446,9,9771.55643
-0.705042,8,9771.759507
-0.639549,8,9771.946964
-0.581363,8,9772.134419
-0.047533,1,9772.16566
-0.373434,7,9772.353116
-0.036523,1,9772.368739
-0.044604,1,9772.399984
-0.388019,6,9772.540577
-0.035244,1,9772.571819
-0.610403,8,9772.72803
-0.651869,8,9772.931108
-0.028206,1,9772.977972
-0.551015,7,9773.165427
-0.770546,9,9773.384126
-0.683308,8,9773.587203
-0.761766,9,9773.790283
-0.035543,1,9773.805902
-0.532813,7,9773.977739
-0.578217,7,9774.133956
-0.049418,1,9774.1652
-0.007804,1,9774.196436
-0.325774,6,9774.352652
-0.542987,8,9774.524486
-0.043209,1,9774.555729
-0.669838,8,9774.71194
-1.88277,25,9775.321171
-1.134539,17,9775.742952
-0.626657,8,9775.930403
-0.370667,6,9776.070995
-0.702295,9,9776.274072
-0.405914,6,9776.414662
-0.804723,9,9776.633362
-0.762836,8,9776.805202
-3.136685,50,9777.945557
-1.03647,12,9778.242361
-0.040518,1,9778.289223
-0.705232,8,9778.461058
-0.477302,7,9778.664136
-2.353344,30,9779.335855
-0.042915,1,9779.367095
-0.715105,8,9779.554552
-0.591974,7,9779.742007
-0.049744,1,9779.75763
-0.322304,6,9779.898221
-0.479031,7,9780.054433
-1.031384,10,9780.273136
-5.102,50,9781.491603
-0.015795,1,9781.53846
-0.677346,8,9781.710298
-0.630619,8,9781.913373
-0.041314,1,9781.928994
-0.621565,7,9782.132076
-0.022032,1,9782.163313
-0.509992,7,9782.303906
-0.785044,8,9782.475745
-0.033658,1,9782.522604
-0.769146,10,9782.741308
-0.820283,9,9782.928763
-0.466989,7,9783.084971
-0.044171,1,9783.116218
-0.717345,9,9783.334913
-0.645063,8,9783.506751
-0.25557,5,9783.616098
-1.491951,14,9783.975393
-0.024719,1,9783.991015
-0.26933,5,9784.100358
-1.050087,10,9784.334719
-0.824645,10,9784.569
-0.01617,1,9784.600241
-0.717839,8,9784.787751
-0.590649,8,9784.975153
-0.253343,5,9785.084505
-0.028071,1,9785.115747
-0.763379,9,9785.350064
-0.45793,7,9785.506279
-0.580997,9,9785.740598
-0.328479,6,9785.865568
-0.717501,8,9786.053027
-0.508456,8,9786.240481
-0.367549,6,9786.396694
-0.013809,1,9786.412316
-0.59847,7,9786.568534
-0.921643,12,9786.834091
-0.670349,9,9787.068411
-0.803243,9,9787.318356
-0.547562,7,9787.458948
-0.791787,11,9787.708887
-1.408857,17,9788.0838
-0.589073,9,9788.286894
-0.605528,8,9788.474337
-1.028489,10,9788.69303
-0.71582,9,9788.896112
-0.01123,1,9788.927351
-0.791709,9,9789.130427
-0.354822,7,9789.302262
-6.855783,50,9790.505135
-0.743684,9,9790.723805
-1.926119,24,9791.286171
-0.32924,6,9791.442385
-0.726305,9,9791.707947
-3.82121,50,9792.848305
-0.026903,1,9792.879546
-0.006891,1,9792.895169
-0.542374,7,9793.051386
-0.889222,10,9793.285701
-0.50666,7,9793.457535
-0.653507,9,9793.676236
-0.703776,9,9793.910554
-0.474614,7,9794.066768
-0.02127,1,9794.082388
-0.606276,8,9794.254224
-0.614478,8,9794.472923
-0.451771,8,9794.660377
-0.428416,7,9794.816592
-0.019581,1,9794.832216
-0.472178,7,9795.004047
-0.043679,1,9795.019669
-1.664524,22,9795.519552
-0.52578,7,9795.675769
-4.437532,50,9796.847366
-0.625696,8,9797.019203
-0.687437,9,9797.237899
-0.042385,1,9797.253523
-0.956608,10,9797.487838
-0.723429,9,9797.690916
-0.832239,9,9797.878373
-1.024113,13,9798.190802
-0.875506,10,9798.409503
-0.752922,8,9798.596957
-0.604261,8,9798.800032
-2.941126,50,9799.956009
-0.486847,6,9800.096605
-0.348528,7,9800.237198
-0.558375,7,9800.393409
-0.010406,1,9800.424654
-0.511294,7,9800.61211
-0.042366,1,9800.627731
-0.337133,6,9800.768318
-0.239491,5,9800.893292
-0.839429,9,9801.111989
-0.742216,7,9801.299444
-0.354862,6,9801.424414
-3.125661,33,9802.205485
-0.518708,7,9802.377317
-0.043681,1,9802.392937
-0.645965,8,9802.596015
-0.046366,1,9802.611639
-0.909907,10,9802.845959
-5.001718,50,9803.939455
-0.036319,1,9803.970691
-3.232163,50,9805.142294
-0.407589,7,9805.314129
-0.010126,1,9805.345372
-0.30135,6,9805.485959
-0.608264,8,9805.657796
-0.767902,11,9805.954641
-0.464776,7,9806.110814
-0.618948,8,9806.282648
-0.042685,1,9806.313896
-0.763945,9,9806.532589
-0.375919,6,9806.673188
-0.422838,7,9806.813777
-0.670768,8,9807.00123
-0.382174,6,9807.157446
-0.702834,8,9807.344898
-0.470991,8,9807.516738
-0.722918,8,9807.704195
-0.036697,1,9807.735433
-0.385073,6,9807.860403
-0.688799,9,9808.079103
-0.045214,1,9808.110346
-0.032944,1,9808.14159
-0.768564,9,9808.360285
-0.344487,7,9808.53212
-0.543312,8,9808.703965
-0.34665,5,9808.828925
-0.035895,1,9808.844548
-0.040022,1,9808.86017
-0.615183,9,9809.078881
-0.527996,7,9809.266323
-0.595159,9,9809.500643
-0.326247,6,9809.625615
-0.032227,1,9809.656857
-0.708557,9,9809.906798
-0.913383,10,9810.141122
-0.028665,1,9810.156742
-0.288455,5,9810.281708
-0.031463,1,9810.313045
-6.562556,50,9811.484554
-0.822335,9,9811.687634
-0.66147,9,9811.890706
-0.804162,10,9812.125029
-0.774554,9,9812.343725
-0.016222,1,9812.359345
-0.724904,9,9812.578048
-0.024581,1,9812.59367
-0.511617,8,9812.812366
-0.437599,6,9812.952957
-0.038831,1,9812.9842
-0.282891,5,9813.124791
-0.348506,7,9813.265387
-0.677851,9,9813.452839
-0.40997,7,9813.609056
-0.630109,8,9813.81213
-0.853685,8,9814.030832
-0.693793,8,9814.202664
-0.583238,8,9814.390124
-0.624896,8,9814.577579
-0.654154,8,9814.780655
-0.53314,7,9814.921245
-0.409289,7,9815.077456
-0.721595,9,9815.311779
-0.704594,9,9815.53048
-1.138005,11,9815.780422
-0.70919,8,9815.936631
-0.75122,10,9816.170954
-0.716226,8,9816.34279
-0.046038,1,9816.35841
-0.043749,1,9816.389651
-0.039677,1,9816.436513
-0.401861,7,9816.592732
-0.436885,7,9816.764565
-0.528076,8,9816.936399
-0.651828,8,9817.123872
-0.517518,8,9817.326931
-0.023218,1,9817.34255
-0.75396,9,9817.561252
-0.038853,1,9817.592509
-0.748351,8,9817.795571
-2.427547,24,9818.326697
-0.427698,7,9818.482911
-0.046563,1,9818.514151
-0.723515,9,9818.717231
-0.643371,8,9818.904684
-0.446109,6,9819.029654
-0.644534,8,9819.20149
-0.277294,5,9819.326465
-1.026834,13,9819.65451
-4.093151,50,9820.919841
-0.340387,6,9821.076051
-0.931973,10,9821.310371
-0.480712,7,9821.466583
-0.381071,6,9821.607174
-0.249571,5,9821.732144
-0.034862,1,9821.763387
-0.008883,1,9821.77901
-0.652181,8,9821.982086
-0.854274,10,9822.232027
-0.499666,7,9822.388242
-0.361398,6,9822.528831
-0.759524,9,9822.747535
-0.424,8,9822.934985
-0.394124,7,9823.075583
-0.692721,8,9823.247448
-0.639911,8,9823.466112
-0.67865,9,9823.669193
-0.502943,7,9823.825404
-0.599831,8,9824.044102
-0.593512,8,9824.21594
-0.374639,6,9824.37215
-0.045551,1,9824.403404
-0.696128,9,9824.622095
-3.595763,50,9825.809312
-0.02206,1,9825.840555
-0.642356,8,9826.043665
-0.85833,10,9826.277951
-0.367552,6,9826.434166
-0.961887,10,9826.684107
-1.006268,15,9827.012155
-0.049309,1,9827.027777
-0.010716,1,9827.059018
-0.265273,5,9827.168367
-0.604556,7,9827.355824
-3.527325,50,9828.49618
-0.844599,10,9828.746125
-0.031223,1,9828.777364
-0.009123,1,9828.808608
-0.72818,9,9829.011686
-1.637058,17,9829.43346
-0.041027,1,9829.464705
-0.018007,1,9829.495946
-0.498374,7,9829.66778
-0.8645,9,9829.870858
-0.497379,7,9830.042692
-0.035009,1,9830.073935
-1.827659,22,9830.558198
-0.280473,5,9830.683171
-0.411491,6,9830.855002
-0.341756,6,9830.995596
-1.241725,13,9831.292398
-0.780537,9,9831.47986
-0.686004,8,9831.667311
-1.060323,11,9831.917261
-0.993114,11,9832.167197
-0.750124,9,9832.385896
-0.737844,9,9832.573352
-0.029158,1,9832.604599
-0.760552,9,9832.807671
-0.03657,1,9832.823293
-0.704551,11,9833.088853
-1.638272,19,9833.541874
-0.030544,1,9833.557496
-0.646936,8,9833.744952
-0.030494,1,9833.776192
-0.381578,6,9833.932405
-0.407131,6,9834.057378
-0.474107,9,9834.276073
-0.342877,6,9834.43229
-0.038024,1,9834.463531
-0.437373,6,9834.588504
-0.399824,6,9834.744714
-0.513902,7,9834.932169
-0.5996,8,9835.119629
-1.395143,15,9835.463295
-0.805487,9,9835.681996
-0.476636,7,9835.83821
-0.037917,1,9835.853852
-0.029903,1,9835.885071
-0.250049,5,9835.99442
-1.74674,21,9836.478684
-0.634949,8,9836.666138
-0.72542,9,9836.884838
-0.601365,8,9837.05667
-0.819858,10,9837.290992
-0.386081,6,9837.415961
-1.364003,12,9837.697147
-0.478342,7,9837.868983
-0.487095,7,9838.056439
-0.412168,7,9838.212649
-0.70262,9,9838.415727
-1.467177,21,9838.899987
-0.033416,1,9838.931241
-0.38509,6,9839.071825
-0.39043,6,9839.196793
-0.415838,6,9839.337424
-0.542624,7,9839.50922
-0.685224,8,9839.696675
-0.042216,1,9839.727917
-0.737267,8,9839.915374
-0.02607,1,9839.946625
-0.026289,1,9839.977861
-0.784932,9,9840.19656
-0.007363,1,9840.2278
-0.739213,9,9840.446498
-0.018133,1,9840.477744
-0.412039,7,9840.618339
-0.04682,1,9840.64958
-0.350421,6,9840.790172
-1.580474,19,9841.196324
-1.106649,13,9841.493129
-0.568893,8,9841.680584
-0.441381,6,9841.82118
-0.401725,6,9841.946146
-0.023634,1,9841.97739
-0.390719,6,9842.117984
-0.701894,9,9842.352308
-0.811518,9,9842.539758
-0.698027,8,9842.742834
-0.713643,9,9842.961535
-0.467683,7,9843.133373
-0.495915,8,9843.35207
-0.428314,6,9843.461421
-2.434546,27,9844.148756
-0.567567,7,9844.336214
-0.666487,8,9844.508045
-0.603807,7,9844.664266
-0.766771,8,9844.836097
-0.416947,6,9844.976689
-0.643185,8,9845.211044
-0.677697,8,9845.414086
-0.027944,1,9845.429708
-0.303477,5,9845.554681
-1.092406,17,9845.929588
-1.003046,10,9846.132665
-0.930816,10,9846.382605
-0.886011,9,9846.585686
-0.405027,7,9846.741901
-0.047557,1,9846.757533
-1.10453,11,9847.007461
-0.52568,7,9847.194912
-0.048575,1,9847.21054
-0.755167,9,9847.413612
-0.049453,1,9847.429238
-0.380999,7,9847.585451
-0.010376,1,9847.601073
-0.540773,7,9847.741665
-0.599454,7,9847.913496
-0.258573,5,9848.038468
-0.252058,5,9848.14782
-0.731982,9,9848.366518
-0.766423,10,9848.600838
-1.187996,11,9848.897643
-1.337569,12,9849.178828
-1.17226,13,9849.491252
-0.347379,7,9849.663085
-0.044159,1,9849.709947
-0.353073,6,9849.85054
-0.336524,6,9849.991135
-0.901731,10,9850.225452
-0.380349,6,9850.381668
-0.611589,8,9850.569122
-0.96431,10,9850.850306
-4.014257,50,9852.115671
-0.021139,1,9852.146876
-0.762919,9,9852.349958
-3.991644,50,9853.662149
-1.11748,11,9853.912086
-0.497929,7,9854.083925
-0.887029,11,9854.333863
-0.272102,5,9854.443215
-1.054375,12,9854.693156
-0.020959,1,9854.724394
-4.569703,50,9855.864756
-0.50026,7,9856.020972
-0.033058,1,9856.036593
-1.186562,11,9856.30215
-6.7146,50,9857.583099
-0.911099,9,9857.8018
-0.366399,6,9857.911149
-0.496756,7,9858.114223
-3.889675,50,9859.332687
-0.413323,6,9859.488904
-0.832985,10,9859.738846
-0.598056,8,9859.926299
-0.864386,11,9860.223104
-0.598155,7,9860.379325
-0.039525,1,9860.394939
-0.45486,7,9860.566773
-0.394229,6,9860.707365
-0.493703,9,9860.926063
-0.360302,6,9861.097904
-0.543394,8,9861.30098
-0.336983,6,9861.441573
-0.747402,10,9861.660266
-0.426113,6,9861.800857
-0.627623,8,9862.00394
-0.013609,1,9862.035178
-0.029016,1,9862.050802
-0.32067,6,9862.175774
-0.523542,7,9862.347609
-0.372789,6,9862.472579
-0.318196,5,9862.566302
-0.040709,1,9862.597549
-0.045976,1,9862.62879
-0.325276,6,9862.753763
-0.359575,6,9862.894353
-0.029982,1,9862.909974
-0.359916,6,9863.097434
-0.544996,8,9863.28492
-1.158886,10,9863.503584
-4.550254,50,9864.643945
-0.4211,7,9864.815807
-0.744085,9,9865.018853
-0.868875,10,9865.253174
-0.578103,8,9865.425011
-0.266209,5,9865.565601
-0.025367,1,9865.596845
-0.654775,8,9865.768676
-0.60878,8,9865.94051
-1.100339,11,9866.206075
-0.318696,5,9866.331084
-0.403759,6,9866.471637
-0.427896,7,9866.627853
-1.189067,16,9867.018383
-0.427622,7,9867.174595
-0.014333,1,9867.190217
-0.362045,6,9867.330815
-0.465932,7,9867.502644
-0.785708,9,9867.690103
-0.339472,6,9867.815075
-0.933749,9,9868.01815
-0.467964,7,9868.189987
-0.039273,1,9868.205609
-4.021027,50,9869.314722
-1.002812,10,9869.549039
-0.601435,8,9869.736495
-4.06522,50,9870.892477
-0.51063,7,9871.064307
-0.046102,1,9871.095554
-0.544913,8,9871.267425
-0.626217,8,9871.470462
-0.250836,5,9871.579818
-1.129537,12,9871.876622
-0.021022,1,9871.907864
-0.354945,6,9872.048451
-0.463913,7,9872.220285
-0.530564,7,9872.360885
-0.320685,5,9872.485851
-0.42332,6,9872.642069
-0.875165,10,9872.86076
-3.571617,50,9874.032361
-0.044304,1,9874.063602
-3.841717,50,9875.219582
-0.396712,7,9875.391416
-0.036442,1,9875.407037
-0.52966,7,9875.594494
-0.696134,8,9875.766328
-0.493259,7,9875.922584
-0.034871,1,9875.953783
-0.537609,9,9876.172486
-0.779001,10,9876.391183
-0.67053,8,9876.578637
-1.144634,10,9876.79734
-0.35582,6,9876.93793
-0.038193,1,9876.953551
-0.427515,7,9877.109766
-0.028974,1,9877.125384
-0.629067,9,9877.344082
-0.039404,1,9877.359703
-0.728664,8,9877.531538
-0.2459,5,9877.640892
-0.048636,1,9877.687752
-1.078834,10,9877.890831
-0.889519,11,9878.125153
-0.632866,8,9878.312609
-1.435902,16,9878.750003
-5.734174,50,9880.030988
-1.028378,11,9880.265274
-1.547125,24,9880.905748
-0.45887,7,9881.061961
-0.042459,1,9881.093202
-0.839074,11,9881.343143
-0.948716,10,9881.561844
-0.642062,7,9881.733676
-0.034081,1,9881.749298
-1.056,11,9881.999241
-0.968593,12,9882.264801
-0.582295,7,9882.436636
-0.857022,10,9882.655336
-0.395194,6,9882.795927
-0.679558,8,9882.983383
-0.613194,8,9883.186462
-0.698339,9,9883.436403
-0.765596,9,9883.639481
-0.597085,8,9883.826939
-0.253851,5,9883.951909
-0.385502,6,9884.07688
-0.919895,10,9884.311197
-0.632911,7,9884.467409
-0.045887,1,9884.498654
-0.830007,9,9884.717351
-0.723946,10,9884.951671
-0.993725,11,9885.185994
-0.334165,6,9885.342204
-0.906257,11,9885.592147
-0.660834,10,9885.81085
-0.032651,1,9885.842091
-0.921025,9,9886.045168
-0.466097,8,9886.217
-0.782717,10,9886.451321
-0.040232,1,9886.466943
-1.377496,13,9886.794989
-1.61544,14,9887.107414
-1.040834,12,9887.388602
-0.807436,9,9887.576058
-0.337614,6,9887.716646
-0.6654,8,9887.888485
-0.037746,1,9887.904106
-0.813366,9,9888.122802
-4.643943,50,9889.341268
-0.735813,10,9889.559963
-0.937488,11,9889.778666
-0.03828,1,9889.809905
-0.420599,6,9889.966118
-3.286456,50,9891.137719
-0.847238,9,9891.340796
-3.886658,50,9892.528021
-0.504423,7,9892.684234
-0.631564,8,9892.871685
-1.086723,11,9893.106013
-0.494413,7,9893.262224
-0.729357,8,9893.449676
-0.358632,6,9893.590268
-0.876681,10,9893.808966
-0.044782,1,9893.840208
-0.705909,7,9893.996425
-0.677226,8,9894.199498
-1.215003,12,9894.480683
-0.329429,6,9894.621275
-1.135316,12,9894.902463
-0.046484,1,9894.933706
-0.022413,1,9894.964943
-0.415018,6,9895.089916
-1.203666,12,9895.371104
-0.28112,5,9895.496069
-0.631385,9,9895.730389
-0.918887,10,9895.933471
-0.361535,6,9896.089684
-0.039507,1,9896.105306
-0.027609,1,9896.120928
-0.045386,1,9896.152164
-0.045201,1,9896.183406
-0.444461,8,9896.355242
-0.585838,9,9896.558329
-0.63281,8,9896.730157
-0.523651,7,9896.886369
-1.071862,12,9897.15193
-0.958861,11,9897.401871
-2.049314,23,9897.917374
-0.048703,1,9897.948618
-0.831351,11,9898.198559
-0.723447,9,9898.386015
-0.864706,10,9898.604717
-0.039588,1,9898.635958
-0.046011,1,9898.667235
-0.394139,6,9898.807793
-2.824892,50,9899.948147
-0.047102,1,9899.979393
-0.784907,11,9900.244955
-1.087372,11,9900.510516
-0.420251,6,9900.635489
-0.010166,1,9900.666754
-1.016934,11,9900.916671
-0.012088,1,9900.932294
-0.624084,8,9901.104131
-0.892387,10,9901.369689
-0.039921,1,9901.400932
-0.655087,8,9901.572771
-0.040381,1,9901.588392
-0.892457,10,9901.822708
-0.015349,1,9901.85399
-0.300623,6,9901.994543
-5.676111,50,9903.134902
-0.634687,10,9903.384842
-0.592018,7,9903.525433
-3.569756,50,9904.66579
-0.509133,9,9904.868871
-0.403756,7,9905.025081
-0.615987,8,9905.181296
-0.32746,6,9905.321889
-0.927533,10,9905.571828
-1.390977,13,9905.868633
-0.043243,1,9905.899879
-0.568268,8,9906.102952
-0.444266,7,9906.259167
-0.746226,8,9906.493521
-0.304887,5,9906.634078
-0.519541,7,9906.790293
-0.657113,8,9906.96213
-0.529078,7,9907.133962
-0.259795,5,9907.24331
-0.612028,8,9907.415146
-0.033352,1,9907.430768
-0.623961,8,9907.649465
-0.647068,8,9907.836921
-1.803106,24,9908.383671
-1.102219,15,9908.75858
-0.856877,10,9908.9929
-0.627949,9,9909.22722
-0.553515,7,9909.383437
-0.049673,1,9909.399058
-0.762911,10,9909.648994
-0.68215,8,9909.805211
-1.018589,11,9910.055154
-0.615996,8,9910.226985
-0.009282,1,9910.258229
-0.340667,6,9910.398823
-0.44562,6,9910.555036
-0.847326,9,9910.773733
-0.257301,5,9910.898703
-0.902221,10,9911.133021
-0.358623,6,9911.257997
-0.351825,6,9911.414205
-0.041179,1,9911.445447
-3.256381,50,9912.695155
-9.225862,50,9913.835512
-0.714667,8,9914.007346
-0.636882,8,9914.226045
-0.434999,7,9914.413503
-0.967643,11,9914.647823
-0.318366,6,9914.788414
-0.75256,10,9915.053976
-0.38654,6,9915.21019
-0.565048,8,9915.413266
-0.039032,1,9915.428888
-0.813443,9,9915.647593
-0.770045,8,9915.819423
-0.634432,8,9916.006882
-0.871178,9,9916.194335
-0.654258,8,9916.381794
-0.475933,7,9916.522381
-0.287237,5,9916.647352
-0.427618,8,9916.819188
-0.812972,10,9917.053509
-0.311608,6,9917.1941
-0.921822,10,9917.412799
-0.033058,1,9917.428421
-0.730719,9,9917.647119
-0.863649,10,9917.850198
-0.368674,6,9917.990786
-0.04099,1,9918.006412
-0.494967,8,9918.209491
-0.586578,8,9918.396944
-3.830099,50,9920.162156
-0.386197,6,9920.302746
-0.554,9,9920.521445
-0.781602,10,9920.755761
-7.579363,50,9921.849254
-0.045252,1,9921.864877
-0.817803,9,9922.067955
-1.249012,16,9922.411627
-0.953949,9,9922.661563
-0.650949,8,9922.833405
-0.364794,6,9922.97399
-0.405521,6,9923.130209
-0.045949,1,9923.161449
-0.040985,1,9923.177068
-0.979512,11,9923.411389
-0.489179,7,9923.567601
-0.574285,8,9923.770681
-0.589275,7,9923.926891
-0.57834,7,9924.083106
-0.769326,10,9924.286187
-0.410717,7,9924.442396
-0.786314,9,9924.645473
-3.013069,43,9925.692102
-0.730175,8,9925.879557
-0.469489,7,9926.035774
-0.009702,1,9926.051398
-0.424955,6,9926.223232
-0.505096,7,9926.395066
-0.624187,8,9926.566897
-0.023689,1,9926.598179
-0.595864,8,9926.801218
-6.672282,50,9927.894709
-0.467931,7,9928.066544
-0.840884,9,9928.285243
-0.60983,8,9928.48832
-0.663453,8,9928.675814
-0.038565,1,9928.707023
-0.333916,6,9928.863235
-1.007733,12,9929.175664
-0.048517,1,9929.191283
-3.305689,50,9930.394122
-1.121533,12,9930.65969
-0.536331,7,9930.847145
-0.044554,1,9930.862766
-0.867293,10,9931.097089
-0.579979,8,9931.268917
-0.545947,8,9931.440755
-0.603898,9,9931.643833
-0.325027,6,9931.784421
-0.356906,6,9931.909392
-0.812598,9,9932.128092
-0.377753,6,9932.284305
-0.256232,5,9932.378036
-1.600771,14,9932.737323
-0.031884,1,9932.768577
-0.707169,8,9932.940403
-0.340621,6,9933.080997
-0.917948,13,9933.362177
-0.520455,8,9933.565256
-0.009817,1,9933.596495
-0.014897,1,9933.627739
-0.787151,9,9933.830819
-1.007698,13,9934.112
-0.245408,5,9934.221353
-0.045246,1,9934.236977
-0.292095,5,9934.36194
-0.691165,9,9934.59626
-0.524437,8,9934.783719
-0.267072,5,9934.893066
-0.322063,5,9935.002419
-0.487524,7,9935.174251
-0.256442,5,9935.29922
-0.792544,9,9935.502301
-0.549689,7,9935.642889
-1.083796,11,9935.955317
-0.024063,1,9935.98656
-0.472299,7,9936.142771
-0.429849,6,9936.314606
-1.132477,18,9936.752008
-0.658655,8,9936.955081
-0.025222,1,9936.970701
-0.388684,7,9937.126916
-0.267866,5,9937.267508
-0.317271,6,9937.392479
-0.651835,8,9937.564316
-0.00655,1,9937.57994
-0.86015,12,9937.861117
-1.185034,15,9938.204786
-0.50739,8,9938.392251
-0.040221,1,9938.40787
-0.044533,1,9938.43911
-0.043925,1,9938.470352
-0.038194,1,9938.5016
-1.440035,14,9938.829642
-0.521134,8,9939.048343
-0.362877,6,9939.188933
-0.725536,9,9939.392009
-0.712432,10,9939.610708
-0.67285,8,9939.813787
-4.645168,50,9941.016633
-0.02527,1,9941.04787
-0.272305,5,9941.141601
-0.740124,9,9941.391541
-0.342344,6,9941.547754
-0.824778,9,9941.735213
-0.581923,7,9941.907044
-0.624887,8,9942.110121
-0.808775,10,9942.313201
-0.397359,6,9942.453789
-0.792888,9,9942.641245
-0.030078,1,9942.68811
-0.037985,1,9942.703735
-0.04493,1,9942.734974
-0.457476,7,9942.891191
-0.012714,1,9942.938051
-0.28624,6,9943.063025
-0.048736,1,9943.07865
-0.526743,7,9943.219239
-0.046629,1,9943.266105
-0.926345,10,9943.484798
-0.602701,7,9943.625389
-0.199373,4,9943.703497
-1.165026,11,9943.984686
-0.389568,6,9944.125275
-0.660219,9,9944.328353
-0.702017,8,9944.484567
-0.04622,1,9944.531427
-1.000319,10,9944.734504
-0.037853,1,9944.765749
-0.19972,4,9944.859475
-0.807264,9,9945.078176
-0.938577,10,9945.312494
-0.517148,7,9945.484329
-1.152303,10,9945.687405
-0.41332,7,9945.906105
-0.500085,8,9946.077942
-0.859203,9,9946.265396
-1.562652,16,9946.624689
-1.896418,22,9947.124574
-0.270844,5,9947.233917
-0.026805,1,9947.24954
-0.367885,6,9947.390131
-0.506806,7,9947.577589
-0.266249,5,9947.671314
-0.821959,11,9947.921256
-0.514848,7,9948.061851
-0.048204,1,9948.09309
-0.782517,10,9948.343032
-0.554087,7,9948.530493
-0.26536,5,9948.639839
-0.794278,9,9948.858536
-0.808629,9,9949.061619
-0.25664,5,9949.155345
-0.435833,8,9949.327179
-0.031002,1,9949.358417
-0.639301,9,9949.561497
-0.387193,7,9949.717711
-0.797323,10,9949.967653
-1.005413,11,9950.217591
-0.3137,6,9950.358183
-0.856287,10,9950.623746
-0.02363,1,9950.654988
-0.778573,9,9950.873693
-0.049769,1,9950.904937
-0.701525,9,9951.108011
-4.095547,50,9952.279608
-0.719481,8,9952.467064
-0.024666,1,9952.498306
-0.2628,5,9952.592038
-6.542733,50,9953.748012
-0.392843,6,9953.888616
-0.612637,8,9954.060439
-0.575588,7,9954.216656
-0.0211,1,9954.247898
-0.037547,1,9954.279144
-0.038879,1,9954.310418
-0.448684,8,9954.482219
-0.04584,1,9954.497836
-0.357617,6,9954.685293
-3.332159,50,9955.856897
-0.36367,6,9955.997487
-0.420932,6,9956.138077
-0.040868,1,9956.169318
-0.047369,1,9956.200563
-1.114565,14,9956.544235
-0.763412,9,9956.731691
-0.030066,1,9956.762934
-0.008598,1,9956.794171
-0.482926,7,9956.934767
-0.042978,1,9956.96601
-0.540886,7,9957.12222
-0.723571,10,9957.387782
-0.585057,8,9957.575238
-0.047045,1,9957.590864
-0.904694,13,9957.887666
-0.489219,7,9958.059503
-0.317384,6,9958.215718
-1.113309,16,9958.590628
-0.527205,7,9958.762466
-0.525138,7,9958.934298
-4.021357,50,9960.137141
-0.294552,6,9960.262111
-0.356789,6,9960.418326
-0.037199,1,9960.433946
-1.60709,18,9960.840098
-0.373026,6,9960.980692
-0.618704,8,9961.152524
-0.945657,10,9961.418089
-0.66884,9,9961.605556
-0.464484,7,9961.76176
-0.57873,8,9961.949215
-0.233951,5,9962.058562
-0.377732,7,9962.214775
-0.715795,8,9962.386608
-0.04132,1,9962.41785
-0.645273,8,9962.605307
-0.248712,5,9962.714656
-0.618059,8,9962.917739
-0.029008,1,9962.948989
-0.676986,8,9963.136432
-6.459248,50,9964.323658
-0.436191,7,9964.479867
-0.009789,1,9964.526731
-0.029797,1,9964.542353
-0.017648,1,9964.573594
-0.594905,7,9964.714189
-2.355365,25,9965.307801
-0.398393,6,9965.432767
-0.025834,1,9965.448389
-0.610924,8,9965.651467
-0.028281,1,9965.682712
-1.787296,18,9966.135729
-0.041666,1,9966.15135
-0.502083,7,9966.307562
-1.696157,21,9966.791824
-0.478694,6,9966.916797
-0.028899,1,9966.948037
-0.701036,9,9967.151121
-0.544983,7,9967.354192
-1.23034,15,9967.713487
-0.743044,9,9967.916562
-0.377537,6,9968.057156
-0.434996,7,9968.228988
-0.004925,1,9968.260233
-0.037796,1,9968.275862
-0.352779,6,9968.416446
-0.010625,1,9968.447711
-0.364137,6,9968.603898
-0.248049,5,9968.713247
-1.658909,18,9969.119403
-0.650463,8,9969.322479
-3.31091,50,9970.587808
-4.639334,50,9971.868758
-0.756789,10,9972.181182
-1.801212,23,9972.727931
-0.033927,1,9972.759175
-0.387793,6,9972.868524
-0.735389,9,9973.087221
-0.652311,8,9973.290303
-0.567161,8,9973.462135
-0.02876,1,9973.493378
-0.049825,1,9973.524617
-0.038205,1,9973.555862
-0.397286,6,9973.696456
-0.393833,7,9973.852671
-0.316013,5,9973.977638
-0.040358,1,9974.008877
-0.94089,9,9974.211957
-1.840415,21,9974.743084
-0.499619,7,9974.883674
-0.89513,10,9975.149235
-0.619901,8,9975.321071
-0.339669,5,9975.461664
-0.798407,9,9975.742847
-0.044609,1,9975.789713
-0.026032,1,9975.820955
-0.428897,7,9975.992788
-0.040287,1,9976.008408
-0.016533,1,9976.055273
-0.768608,9,9976.258354
-0.016099,1,9976.289597
-0.277173,5,9976.414567
-0.048246,1,9976.445808
-0.694149,8,9976.633262
-0.404719,6,9976.789476
-0.876343,9,9976.992553
-0.042668,1,9977.023802
-0.583949,7,9977.164391
-0.961002,10,9977.398711
-0.505088,8,9977.586167
-0.917313,10,9977.867352
-0.350846,6,9978.007942
-0.604012,8,9978.179774
-0.350531,7,9978.335988
-0.736935,8,9978.523449
-0.385431,6,9978.66404
-0.950235,10,9978.882737
-0.531101,7,9979.054568
-0.575057,8,9979.273268
-0.346267,6,9979.413862
-3.989652,50,9980.55422
-0.018591,1,9980.569841
-0.617954,8,9980.757297
-1.640397,17,9981.163451
-0.041186,1,9981.17907
-0.505053,7,9981.350904
-1.069043,11,9981.616466
-0.280642,5,9981.725816
-2.559366,26,9982.350669
-0.383113,6,9982.47564
-3.020443,50,9983.75659
-0.468996,6,9983.881563
-0.032804,1,9983.897184
-0.040324,1,9983.928424
-0.433592,6,9984.069016
-0.536252,7,9984.209611
-6.775465,50,9985.36559
-0.288423,5,9985.474935
-0.689787,8,9985.646775
-0.483617,7,9985.802987
-0.611645,8,9985.990494
-0.479705,7,9986.13103
-0.029631,1,9986.162275
-0.734971,11,9986.427855
-0.010188,1,9986.459083
-1.098614,14,9986.740268
-0.532224,7,9986.896484
-0.50243,7,9987.083932
-0.398056,6,9987.224526
-0.655921,9,9987.458846
-0.259241,5,9987.583816
-0.032042,1,9987.615058
-0.31681,6,9987.740031
-0.267404,5,9987.849381
-0.415915,6,9988.021216
-0.715529,9,9988.208668
-1.238898,11,9988.489857
-0.01175,1,9988.505478
-3.296693,50,9989.708321
-2.557958,26,9990.286311
-0.029594,1,9990.317582
-0.048601,1,9990.348791
-0.291788,6,9990.505004
-0.006691,1,9990.536248
-1.707042,17,9990.9424
-0.038063,1,9990.958023
-0.8422,10,9991.223588
-0.250938,5,9991.364181
-0.028208,1,9991.3798
-0.725104,9,9991.598496
-0.040169,1,9991.645361
-0.027732,1,9991.660988
-0.410622,6,9991.801574
-3.288148,50,9992.941935
-0.738828,9,9993.145013
-0.508398,8,9993.332465
-0.397247,6,9993.504299
-0.898995,10,9993.754241
-0.346273,6,9993.879215
-0.802677,11,9994.144778
-0.509627,7,9994.316611
-1.14239,12,9994.597794
-0.833678,9,9994.816498
-0.031079,1,9994.847739
-0.949418,11,9995.097708
-0.308898,6,9995.222646
-0.023136,1,9995.269515
-1.231403,12,9995.519452
-0.660233,8,9995.706913
-0.56954,7,9995.878742
-1.312198,12,9996.128687
-1.032917,10,9996.363005
-0.736658,8,9996.550459
-0.682474,8,9996.722293
-0.510045,7,9996.925374
-0.70905,8,9997.081588
-0.895714,10,9997.300286
-0.622354,8,9997.472121
-0.675157,8,9997.690816
-0.359868,6,9997.831409
-0.75796,10,9998.034486
-4.555423,50,9999.174841
-1.371664,12,9999.471648
-18.304047,50,10000.596389
-0.495163,8,10000.815083
-3.649777,50,10001.95544
-0.371422,7,10002.127274
-0.355115,6,10002.267866
-0.582074,7,10002.408457
-0.566695,7,10002.580296
-0.421252,6,10002.73651
-1.551952,26,10003.345739
-0.502479,7,10003.501956
-0.379397,6,10003.626924
-0.436964,7,10003.783139
-0.667722,8,10003.970591
-0.597259,8,10004.126809
-0.765257,10,10004.361123
-0.26356,5,10004.486094
-1.16848,10,10004.736041
-0.038336,1,10004.767282
-0.029431,1,10004.782904
-0.409051,7,10004.939118
-0.3423,6,10005.079706
-0.459937,8,10005.267163
-0.022416,1,10005.298405
-0.705827,8,10005.501483
-0.887947,10,10005.735842
-0.53677,8,10005.907638
-0.52881,7,10006.048232
-0.044829,1,10006.095098
-0.733094,8,10006.266931
-2.426742,26,10006.844918
-0.02809,1,10006.860539
-0.373755,6,10007.016753
-2.604225,28,10007.65723
-0.444851,6,10007.797817
-0.357656,6,10007.922788
-0.548019,7,10008.079005
-1.375954,15,10008.438294
-0.940861,10,10008.672611
-1.083107,12,10008.953799
-0.043289,1,10008.985045
-1.010712,10,10009.219363
-0.452114,7,10009.375574
-0.439085,6,10009.500544
-0.517094,7,10009.70362
-0.921029,9,10009.891075
-0.437128,7,10010.04729
-0.801814,9,10010.250366
-0.04629,1,10010.297231
-0.407972,7,10010.469065
-0.6706,8,10010.625284
-0.460832,7,10010.781498
-0.537559,9,10010.984569
-0.649657,8,10011.156407
-0.029839,1,10011.18765
-0.436542,7,10011.359481
-0.86466,9,10011.593801
-0.857664,9,10011.781257
-0.685616,8,10011.968713
-0.936039,10,10012.203032
-0.048354,1,10012.234276
-0.797468,9,10012.437356
-0.562188,8,10012.609191
-0.86176,9,10012.812269
-0.68145,8,10013.015344
-0.752664,9,10013.202801
-0.928435,9,10013.390256
-0.672218,8,10013.57771
-0.043852,1,10013.608952
-0.376437,6,10013.765168
-0.363851,6,10013.905758
-0.538748,8,10014.077592
-1.046554,15,10014.452505
-0.278935,5,10014.561857
-0.850292,10,10014.780553
-0.719413,9,10014.983629
-2.976976,50,10016.170854
-3.933727,50,10017.31121
-1.924778,23,10017.842333
-0.022273,1,10017.857955
-0.327238,6,10017.998546
-0.560116,7,10018.154759
-0.646188,8,10018.373458
-0.843199,9,10018.576539
-0.514974,7,10018.748372
-0.814904,9,10018.951447
-0.606317,7,10019.092039
-0.409348,7,10019.279497
-0.033138,1,10019.310739
-0.034928,1,10019.341981
-0.600452,7,10019.498194
-0.616352,9,10019.701273
-0.600848,7,10019.873109
-0.438195,7,10020.02932
-0.391422,6,10020.185534
-6.401558,50,10021.357132
-0.568293,7,10021.528968
-0.892987,11,10021.794531
-0.034069,1,10021.825779
-0.430284,6,10021.950744
-0.607203,8,10022.185066
-0.638658,8,10022.388142
-0.7474,10,10022.653707
-0.559947,8,10022.872401
-0.74116,9,10023.091104
-0.029477,1,10023.106726
-0.028207,1,10023.122349
-0.314174,6,10023.278555
-0.72002,9,10023.481633
-0.34303,6,10023.653469
-0.344534,6,10023.794064
-3.561342,50,10024.965658
-0.437947,6,10025.121874
-1.047909,10,10025.340574
-0.91567,10,10025.559275
-0.570256,8,10025.746727
-0.496563,7,10025.934183
-0.958395,10,10026.184162
-0.592955,7,10026.340339
-0.750917,9,10026.527793
-0.278005,5,10026.668385
-0.515304,8,10026.840222
-1.229241,13,10027.168271
-0.890174,9,10027.355725
-1.019971,16,10027.746257
-0.045459,1,10027.761884
-0.376346,7,10027.918091
-0.450173,7,10028.136832
-0.49235,7,10028.293007
-0.477938,7,10028.449217
-0.820474,9,10028.667917
-0.722058,8,10028.855371
-0.464467,7,10029.027209
-0.038968,1,10029.04284
-0.042675,1,10029.058453
-0.386192,7,10029.230284
-0.496814,8,10029.433361
-0.92523,9,10029.683302
-0.40253,7,10029.823897
-0.041443,1,10029.855158
-0.044515,1,10029.88638
-0.73367,9,10030.10508
-0.708594,8,10030.276918
-0.044186,1,10030.29254
-0.626796,8,10030.495613
-0.277359,5,10030.60496
-0.030342,1,10030.636205
-0.350062,6,10030.761177
-0.500454,7,10030.933009
-0.36352,6,10031.057983
-0.380268,6,10031.182954
-0.027687,1,10031.198575
-0.854154,10,10031.432891
-1.222116,15,10031.760971
-0.681442,8,10031.9484
-0.646057,11,10032.213957
-0.005289,1,10032.245199
-0.572499,7,10032.417035
-0.525629,8,10032.573249
-0.375436,7,10032.729468
-0.777125,9,10032.963787
-0.363687,6,10033.088752
-0.339848,6,10033.229347
-0.040131,1,10033.244974
-1.212178,12,10033.557393
-0.690327,8,10033.729227
-0.785452,9,10033.947927
-0.448064,6,10034.088519
-0.033551,1,10034.135383
-0.55949,7,10034.275978
-0.845501,10,10034.494675
-0.487763,7,10034.650889
-0.740664,8,10034.838341
-1.267555,14,10035.197636
-1.490809,15,10035.52568
-0.042349,1,10035.541302
-1.481155,22,10036.088054
-0.036839,1,10036.11929
-1.028017,10,10036.337992
-0.044852,1,10036.369233
-0.329494,5,10036.494203
-0.557208,8,10036.666041
-0.041945,1,10036.681663
-0.049081,1,10036.712905
-0.588973,8,10036.884737
-0.512466,7,10037.040949
-0.886078,10,10037.29089
-0.702657,9,10037.478346
-0.587237,7,10037.665805
-0.773953,10,10037.884504
-0.583973,8,10038.040722
-0.339855,6,10038.165694
-0.626896,8,10038.353142
-0.022253,1,10038.384383
-1.059472,11,10038.618707
-0.585211,8,10038.790548
-0.546766,7,10038.962376
-0.42337,6,10039.087344
-0.354884,6,10039.227938
-0.640908,9,10039.431016
-1.622226,23,10039.946516
-0.490217,7,10040.087111
-0.4873,7,10040.243323
-0.021356,1,10040.258942
-0.035676,1,10040.290186
-0.530785,8,10040.477643
-0.452615,6,10040.618235
-0.045493,1,10040.633858
-0.873067,9,10040.852554
-0.821251,9,10041.040013
-0.587214,8,10041.211845
-0.047058,1,10041.243086
-0.010726,1,10041.258708
-0.802561,8,10041.44617
-1.13005,10,10041.696105
-0.464334,7,10041.852319
-0.038333,1,10041.883562
-0.519306,7,10042.055396
-0.026176,1,10042.071018
-0.259099,5,10042.18037
-1.835514,25,10042.945815
-0.620593,8,10043.164511
-0.766299,9,10043.398831
-0.025538,1,10043.430073
-0.449269,7,10043.617528
-0.813371,9,10043.820608
-0.010933,1,10043.836228
-0.009603,1,10043.867472
-0.37381,6,10044.023683
-0.034595,1,10044.039314
-0.483311,7,10044.242382
-0.75228,8,10044.414223
-0.351969,6,10044.586052
-0.466246,7,10044.742266
-0.982124,10,10044.960963
-0.323972,6,10045.101556
-0.456434,7,10045.289016
-1.266086,13,10045.570202
-0.958588,9,10045.804516
-0.909032,10,10046.038833
-0.475485,8,10046.257534
-0.043891,1,10046.273157
-0.018752,1,10046.304401
-0.036956,1,10046.320018
-0.629933,8,10046.554339
-0.385743,6,10046.694934
-0.866137,10,10047.007358
-0.453094,6,10047.132332
-0.639573,8,10047.366649
-0.411322,6,10047.491619
-0.017605,1,10047.522862
-0.4344,7,10047.710324
-0.04151,1,10047.741562
-0.291755,6,10047.882154
-0.957105,11,10048.132096
-0.495189,7,10048.288307
-0.840713,9,10048.491388
-0.516627,7,10048.63198
-0.367212,6,10048.772569
-0.615111,8,10048.928787
-1.081232,13,10049.256829
-0.461835,7,10049.444285
-0.261017,5,10049.538013
-0.331185,6,10049.678608
-0.924506,11,10049.975411
-0.042426,1,10050.006654
-0.400177,7,10050.147246
-0.042953,1,10050.178488
-0.02738,1,10050.209735
-0.528676,7,10050.381565
-0.045436,1,10050.412808
-0.87249,9,10050.615885
-0.409196,6,10050.772102
-0.71675,10,10050.975177
-0.274835,5,10051.100147
-0.667514,8,10051.303225
-0.626189,9,10051.521927
-0.391185,6,10051.662518
-0.959404,12,10051.912456
-0.697557,9,10052.131154
-0.43179,6,10052.271747
-0.469368,7,10052.490445
-0.319195,6,10052.631038
-0.004371,1,10052.66228
-0.872253,9,10052.880979
-0.868682,11,10053.146546
-0.045797,1,10053.162168
-0.825196,9,10053.365241
-2.416722,28,10054.115105
-0.741986,9,10054.333766
-6.287286,50,10055.474122
-0.023121,1,10055.489745
-0.354701,6,10055.630337
-2.889939,32,10056.411417
-0.04888,1,10056.442647
-0.704554,8,10056.630101
-0.487596,7,10056.817558
-0.045948,1,10056.848796
-0.416756,6,10056.989387
-1.060044,11,10057.23933
-0.676873,8,10057.426786
-0.522265,8,10057.598621
-1.213983,12,10057.895429
-0.633104,8,10058.067266
-0.043286,1,10058.098503
-0.293275,6,10058.254716
-0.048156,1,10058.285959
-0.536541,7,10058.473415
-4.525534,50,10059.598154
-0.948132,12,10059.863716
-0.856345,10,10060.082413
-4.14301,50,10061.254015
-0.671287,8,10061.457091
-0.521896,7,10061.628927
-0.675622,8,10061.800762
-3.680416,50,10063.003601
-0.487296,7,10063.191056
-1.12801,14,10063.503484
-0.016539,1,10063.534728
-0.284921,5,10063.644078
-0.022418,1,10063.675323
-0.671266,9,10063.878398
-0.770535,8,10064.050234
-0.577356,8,10064.25331
-0.842354,8,10064.456384
-0.412107,6,10064.596977
-0.502672,7,10064.753189
-0.276419,5,10064.878165
-0.485476,7,10065.065616
-0.894659,10,10065.315562
-0.046802,1,10065.346804
-0.48931,7,10065.487394
-0.880816,10,10065.706092
-0.860397,9,10065.924793
-0.336424,6,10066.049796
-0.613659,7,10066.205976
-0.25534,5,10066.330945
-0.657749,8,10066.518401
-0.389375,6,10066.658996
-0.663342,8,10066.846447
-3.605854,50,10068.002431
-0.37211,6,10068.158643
-4.845609,50,10069.205268
-0.344842,6,10069.345862
-0.011173,1,10069.377115
-1.038794,10,10069.595808
-0.779214,9,10069.79888
-0.856437,9,10070.001961
-0.046774,1,10070.033203
-0.47885,6,10070.158175
-7.838041,50,10071.423501
-0.716447,8,10071.610953
-0.86563,10,10071.860896
-2.459457,27,10072.516994
-0.295652,5,10072.626343
-0.753224,8,10072.813797
-0.350622,6,10072.970011
-0.899944,10,10073.173089
-0.752268,9,10073.391788
-22.409335,50,10074.547768
-0.023911,1,10074.579007
-0.696204,8,10074.766464
-0.709224,8,10074.938302
-5.789031,50,10076.047413
-1.747305,18,10076.484813
-0.238699,5,10076.578544
-0.36991,6,10076.719128
-0.921004,10,10076.969071
-0.278578,5,10077.109663
-0.36293,7,10077.281498
-0.31647,6,10077.406472
-0.893651,14,10077.718896
-6.654235,50,10078.937366
-0.046057,1,10078.952983
-0.935475,10,10079.171711
-0.608277,7,10079.343513
-4.100788,50,10080.499492
-0.046352,1,10080.530732
-1.038069,9,10080.718194
-4.710902,50,10081.921037
-2.280683,27,10082.545887
-0.33849,6,10082.7021
-0.401137,6,10082.858315
-0.814685,9,10083.077015
-1.4095,15,10083.483168
-1.398058,15,10083.842456
-0.034367,1,10083.85808
-0.765305,9,10084.061154
-0.593287,8,10084.264234
-0.697327,8,10084.451688
-0.484153,8,10084.623526
-0.488783,7,10084.795361
-0.476497,7,10084.982814
-0.784318,8,10085.13903
-0.658642,8,10085.326481
-0.633573,8,10085.529564
-0.627359,8,10085.717019
-0.265959,5,10085.826366
-1.108965,11,10086.091933
-1.596035,22,10086.654298
-0.268454,5,10086.794892
-0.329271,6,10086.919863
-0.595185,7,10087.091703
-1.304292,16,10087.48223
-0.02604,1,10087.529091
-0.03818,1,10087.544713
-0.014514,1,10087.575954
-0.414694,6,10087.700928
-0.038564,1,10087.732167
-0.711719,8,10087.919631
-0.761613,9,10088.138325
-0.014327,1,10088.169568
-0.864465,9,10088.388266
-0.861069,12,10088.669448
-0.818058,9,10088.888145
-0.826209,9,10089.075601
-0.567328,7,10089.263059
-0.587919,8,10089.466177
-0.564269,8,10089.653591
-0.814573,9,10089.87229
-0.408179,7,10090.028505
-0.046477,1,10090.059748
-0.57152,7,10090.215976
-0.586908,7,10090.37218
-0.373609,7,10090.559633
-0.261358,5,10090.700224
-0.375801,6,10090.872055
-0.017586,1,10090.887677
-0.742479,8,10091.075133
-0.395247,6,10091.200104
-1.074336,15,10091.543805
-0.028238,1,10091.575021
-0.024623,1,10091.606258
-0.841074,9,10091.809335
-0.851209,9,10092.028033
-0.632997,8,10092.199867
-0.487406,7,10092.356084
-1.24913,15,10092.684129
-0.922312,10,10092.934075
-2.195057,25,10093.512066
-0.609772,7,10093.683897
-0.898366,11,10093.933836
-0.539702,7,10094.09005
-0.452868,7,10094.246264
-1.090443,13,10094.543071
-0.647981,8,10094.730524
-0.624215,8,10094.949224
-0.723072,8,10095.136678
-0.523306,7,10095.308516
-0.042657,1,10095.339756
-0.47943,8,10095.511592
-0.037503,1,10095.542834
-0.604423,8,10095.761532
-0.037834,1,10095.777153
-0.357748,6,10095.917745
-0.595622,7,10096.120826
-0.715122,9,10096.323902
-0.049945,1,10096.355146
-0.458523,7,10096.495739
-4.54557,50,10097.620474
-0.458092,7,10097.792304
-0.5147,7,10097.97976
-0.541818,8,10098.182838
-0.398655,6,10098.30781
-0.561668,7,10098.479645
-0.763856,9,10098.698342
-0.505392,7,10098.854555
-0.907316,11,10099.120117
-2.555761,28,10099.744977
-0.237999,5,10099.838699
-0.597839,8,10100.057402
-0.56381,8,10100.260473
-0.023045,1,10100.291718
-0.546046,7,10100.447934
-0.035845,1,10100.479177
-0.764156,9,10100.682252
-0.905636,11,10100.947814
-0.754231,9,10101.135273
-0.64927,8,10101.307106
-0.835509,9,10101.510181
-5.130419,50,10102.713027
-0.579278,8,10102.90048
-0.706561,10,10103.134803
-0.662332,8,10103.322263
-0.536201,7,10103.494091
-0.882593,10,10103.744034
-0.304797,6,10103.884622
-0.773343,9,10104.087702
-0.325828,6,10104.243917
-0.028405,1,10104.275157
-0.483289,7,10104.431371
-0.303803,5,10104.5251
-0.848971,9,10104.743803
-0.531601,7,10104.900014
-0.483517,7,10105.071883
-0.877197,10,10105.290544
-0.256016,5,10105.415514
-0.3992,7,10105.556107
-0.032627,1,10105.587354
-0.049624,1,10105.602976
-0.902576,11,10105.884154
-0.023477,1,10105.899777
-0.438828,6,10106.055989
-0.412026,7,10106.227826
-0.679251,9,10106.462145
-0.719021,10,10106.696465
-0.0179,1,10106.712087
-0.024126,1,10106.743327
-0.575188,8,10106.930787
-0.53325,7,10107.087003
-0.266181,5,10107.180725
-1.175599,12,10107.47753
-0.770085,10,10107.696233
-0.032501,1,10107.711853
-2.748756,30,10108.477293
-0.742934,10,10108.820967
-0.698764,9,10109.133392
-0.843674,9,10109.414576
-0.028414,1,10109.445819
-0.779994,9,10109.71138
-0.390935,6,10109.867598
-0.554704,7,10110.055051
-0.85462,9,10110.258129
-0.049156,1,10110.2894
-0.321896,6,10110.476827
-4.287455,50,10111.617186
-0.330394,6,10111.742154
-0.541904,7,10111.913989
-0.852303,9,10112.132688
-0.859563,11,10112.367007
-0.711126,9,10112.554467
-0.896928,10,10112.788788
-0.641098,9,10112.991864
-0.907729,10,10113.210563
-0.413741,6,10113.335534
-0.047148,1,10113.366775
-0.459135,7,10113.538607
-0.776279,9,10113.757307
-0.896983,9,10113.960386
-0.363301,7,10114.14784
-0.615152,7,10114.335295
-0.827213,9,10114.538371
-1.240964,11,10114.81956
-0.82772,8,10115.022633
-0.519117,7,10115.178846
-0.275503,5,10115.303818
-0.040246,1,10115.31944
-0.542615,8,10115.506894
-0.698685,9,10115.725594
-0.732362,9,10115.944295
-0.573599,8,10116.131748
-0.346963,6,10116.28796
-0.312813,6,10116.428554
-1.246232,16,10116.756603
-0.456035,6,10116.897196
-0.532053,7,10117.053407
-0.03773,1,10117.084647
-0.894712,12,10117.365834
-0.590486,8,10117.553292
-0.674402,9,10117.787643
-0.94063,9,10117.99069
-0.010304,1,10118.006308
-0.874105,10,10118.225006
-0.019945,1,10118.256251
-0.035124,1,10118.287493
-0.017319,1,10118.303114
-0.721387,9,10118.537432
-0.492726,7,10118.69365
-0.037136,1,10118.724891
-1.217846,12,10119.021698
-0.391422,6,10119.162287
-0.434852,7,10119.318506
-0.551936,7,10119.521576
-0.434417,7,10119.677793
-0.04342,1,10119.693415
-0.38277,6,10119.834004
-0.045753,1,10119.865249
-0.03947,1,10119.880872
-0.467298,7,10120.037084
-0.479951,7,10120.224551
-0.258711,5,10120.411991
-0.031352,1,10120.443234
-0.596291,7,10120.630691
-0.665255,8,10120.818148
-5.0505,50,10121.927264
-2.470363,24,10122.474008
-2.664419,29,10123.145726
-0.033833,1,10123.161348
-0.718219,8,10123.380044
-0.633171,8,10123.567505
-0.635833,9,10123.754959
-0.911599,12,10124.036145
-0.249241,5,10124.145492
-0.006551,1,10124.161113
-0.919067,10,10124.411056
-0.572595,8,10124.598509
-0.695619,8,10124.817207
-0.046318,1,10124.832832
-0.396337,6,10124.9578
-0.045102,1,10124.973422
-0.433837,6,10125.129633
-0.461631,6,10125.254605
-0.214226,4,10125.363959
-1.008006,13,10125.645141
-0.605886,8,10125.848216
-0.665222,8,10126.051293
-0.028194,1,10126.066914
-0.735691,9,10126.285613
-0.277176,5,10126.426211
-1.110686,14,10126.738632
-0.012472,1,10126.769913
-0.657456,9,10126.972953
-0.002704,1,10127.019814
-0.01832,1,10127.03544
-0.043466,1,10127.066681
-0.032751,1,10127.082301
-0.47259,7,10127.254136
-0.659873,8,10127.425971
-0.041967,1,10127.457212
-0.649391,8,10127.62905
-0.591006,8,10127.816505
-0.505082,7,10127.988342
-0.502927,7,10128.144554
-0.529302,7,10128.316388
-0.018813,1,10128.347641
-0.598688,8,10128.519469
-0.351759,6,10128.660055
-0.711892,9,10128.878759
-0.045022,1,10128.91
-0.739454,9,10129.113077
-0.859749,10,10129.331772
-1.011019,10,10129.550473
-0.513105,8,10129.737926
-0.684446,7,10129.925385
-0.474981,6,10130.034734
-0.694213,10,10130.253431
-0.455378,7,10130.440886
-0.290231,6,10130.565861
-1.000971,10,10130.784556
-0.779333,8,10130.972014
-1.347098,13,10131.300061
-0.476506,7,10131.456274
-1.385138,15,10131.784322
-0.589786,8,10131.956161
-17.359384,50,10133.065305
-0.63788,9,10133.315211
-0.95522,11,10133.565154
-0.283191,5,10133.690128
-0.023928,1,10133.721371
-0.043244,1,10133.752612
-0.03697,1,10133.768234
-0.767623,8,10133.955687
-0.008436,1,10133.986934
-0.372749,6,10134.111899
-0.335964,6,10134.283735
-0.713695,9,10134.518056
-0.506405,8,10134.721131
-0.426081,7,10134.877347
-0.043282,1,10134.892968
-0.417856,7,10135.049183
-0.359647,7,10135.205397
-0.048195,1,10135.23664
-0.422213,6,10135.361607
-0.524042,7,10135.549062
-0.306275,6,10135.705276
-0.589667,8,10135.908353
-0.029968,1,10135.923975
-0.451171,7,10136.08019
-0.574657,8,10136.25202
-0.678647,8,10136.455099
-1.064738,10,10136.6738
-0.358763,6,10136.83001
-0.53862,8,10137.017469
-0.290555,5,10137.126816
-0.025448,1,10137.158061
-0.858391,9,10137.361137
-0.247309,5,10137.47049
-0.397845,6,10137.61108
-0.901145,10,10137.82978
-0.037683,1,10137.845398
-0.582347,8,10138.032856
-0.020051,1,10138.064095
-0.266243,5,10138.173451
-0.036367,1,10138.189071
-0.638354,8,10138.376527
-4.723355,50,10139.516886
-0.636169,7,10139.688715
-0.645983,7,10139.82931
-0.853552,10,10140.048005
-0.015881,1,10140.079252
-0.416868,7,10140.251083
-0.693177,9,10140.454164
-0.248187,5,10140.610374
-0.280597,5,10140.719721
-0.380605,6,10140.844693
-0.498338,7,10141.000945
-0.006755,1,10141.032151
-3.423739,50,10142.172506
-0.912946,11,10142.406825
-0.528315,7,10142.578659
-0.489539,8,10142.766118
-0.031799,1,10142.78174
-1.099305,13,10143.094165
-0.649827,8,10143.297242
-0.022813,1,10143.328485
-3.874213,50,10144.546947
-0.397377,7,10144.703166
-0.40563,6,10144.828137
-7.168517,50,10146.015353
-2.224895,27,10146.687072
-0.04072,1,10146.718315
-0.614256,8,10146.890154
-0.68356,9,10147.108847
-0.798771,9,10147.343167
-0.429705,7,10147.499381
-0.021976,1,10147.530625
-0.396396,6,10147.671216
-0.441524,7,10147.81181
-0.322958,5,10147.936779
-0.762634,9,10148.124237
-0.459375,7,10148.311688
-0.044939,1,10148.327311
-1.265477,12,10148.624116
-0.887547,9,10148.811571
-0.809852,10,10149.045895
-0.030982,1,10149.077173
-0.779904,10,10149.311459
-0.455608,7,10149.467669
-1.055511,12,10149.748852
-0.037666,1,10149.764479
-0.045955,1,10149.79572
-0.534662,7,10149.951928
-9.563019,50,10151.061047
-0.462724,7,10151.217257
-0.445976,7,10151.389092
-1.19237,11,10151.639033
-0.477032,7,10151.826493
-0.467492,6,10151.967084
-0.715799,9,10152.2014
-0.781107,9,10152.420101
-0.014527,1,10152.451356
-0.335147,6,10152.591938
-0.630595,9,10152.779395
-3.327691,50,10153.982235
-0.670298,9,10154.200931
-0.375669,6,10154.325903
-0.042856,1,10154.341524
-0.518644,7,10154.497736
-0.765621,9,10154.732058
-0.821619,9,10154.950757
-0.658786,9,10155.138215
-0.52165,7,10155.294427
-0.667203,9,10155.497508
-0.346538,6,10155.669337
-0.51524,7,10156.653485
-1.152738,11,10156.8878
-0.79079,8,10157.090878
-0.36536,7,10157.247095
-0.568047,8,10157.465794
-1.077598,12,10157.778215
-0.946003,14,10158.090647
-0.552287,7,10158.278101
-0.657694,8,10158.465554
-0.017561,1,10158.496802
-0.804616,9,10158.731121
-0.465212,7,10158.887335
-1.091927,11,10159.12165
-5.981411,50,10160.27763
-0.0376,1,10160.324494
-0.298579,6,10160.449466
-0.370706,7,10160.60568
-7.268339,50,10161.714793
-0.347551,5,10161.824144
-0.302064,5,10161.933489
-0.041373,1,10161.949111
-0.363693,6,10162.089704
-0.704544,8,10162.324023
-0.04584,1,10162.339647
-0.04009,1,10162.355269
-0.048649,1,10162.38651
-0.048949,1,10162.417751
-0.308307,6,10162.558343
-0.028222,1,10162.573965
-0.51692,7,10162.730178
-0.912371,10,10162.980123
-0.468915,7,10163.120711
-0.802217,10,10163.35503
-0.629282,9,10163.558108
-0.439718,7,10163.729942
-0.801658,9,10163.948673
-1.80079,23,10164.542253
-0.433119,7,10164.714088
-0.749876,8,10164.917164
-0.020941,1,10164.948408
-0.459121,7,10165.089
-0.049258,1,10165.120241
-0.802716,9,10165.338939
-0.035478,1,10165.354561
-0.535436,7,10165.526396
-0.382557,6,10165.682608
-0.567945,7,10165.838826
-0.313031,6,10165.979419
-0.0199,1,10165.995039
-0.48791,7,10166.182491
-0.027684,1,10166.213737
-0.045685,1,10166.22936
-0.041994,1,10166.244978
-0.044718,1,10166.276218
-0.405351,6,10166.416812
-0.721276,9,10166.61989
-0.515887,8,10166.822966
-0.259471,5,10166.932315
-1.201273,11,10167.182257
-0.96541,11,10167.4322
-0.482669,7,10167.588417
-0.539124,7,10167.760248
-0.366252,7,10167.947701
-0.042622,1,10167.978945
-0.428574,7,10168.15078
-0.249144,5,10168.275753
-0.897638,10,10168.525692
-0.772532,9,10168.775632
-0.049463,1,10168.791255
-0.551747,7,10168.978751
-0.949015,10,10169.228652
-0.598951,8,10169.447352
-0.377061,6,10169.57232
-0.666388,7,10169.75978
-0.421129,6,10169.900369
-0.014811,1,10169.931613
-0.958007,12,10170.197178
-0.608373,8,10170.400259
-0.049572,1,10170.431495
-0.022404,1,10170.447115
-0.714946,9,10170.665815
-0.541552,7,10170.822027
-0.383168,6,10171.009481
-0.987887,10,10171.228182
-0.475815,7,10171.384398
-0.024458,1,10171.415641
-1.840324,21,10171.931145
-0.039642,1,10171.962388
-0.740876,9,10172.181088
-0.04669,1,10172.212325
-0.042882,1,10172.227947
-0.722881,9,10172.446645
-0.305629,6,10172.587237
-0.018142,1,10172.602861
-0.611398,8,10172.821558
-0.837132,9,10173.024637
-0.880983,10,10173.227717
-0.678793,9,10173.446415
-1.367424,16,10173.836949
-0.676404,9,10174.024405
-0.289793,5,10174.133749
-0.508711,7,10174.289965
-1.074706,10,10174.524283
-0.748569,9,10174.758605
-0.818923,9,10174.977301
-0.631498,8,10175.149136
-1.473333,19,10175.617775
-0.470392,7,10175.773988
-0.674515,8,10175.977067
-0.033803,1,10175.992689
-0.631636,9,10176.19577
-0.519171,7,10176.367599
-1.103469,11,10176.601923
-0.504129,7,10176.789375
-0.32998,6,10176.945589
-0.247277,5,10177.070562
-0.730425,9,10177.258017
-0.450766,7,10177.42985
-0.94498,10,10177.664175
-0.550584,7,10177.804767
-0.92776,10,10178.03909
-3.843573,50,10179.288793
-0.047302,1,10179.320037
-0.3286,6,10179.476248
-0.59057,8,10179.648078
-0.538791,7,10179.804344
-0.798537,9,10180.022996
-0.765173,8,10180.194842
-0.390025,6,10180.382282
-0.986673,10,10180.663466
-0.479121,7,10180.866543
-0.501621,7,10181.038378
-3.865949,50,10182.256845
-0.451705,7,10182.428676
-0.803733,9,10182.631753
-0.499618,7,10182.787969
-0.982679,10,10183.006665
-0.022916,1,10183.022288
-0.043368,1,10183.053527
-0.36274,6,10183.194162
-0.550394,7,10183.365955
-0.913589,11,10183.631552
-0.990865,10,10183.881499
-0.399619,6,10184.037674
-0.026046,1,10184.068918
-0.011642,1,10184.100164
-0.661568,8,10184.287615
-0.49756,7,10184.428208
-0.43285,7,10184.584423
-3.624092,50,10185.802887
-0.720508,8,10185.990344
-0.911149,9,10186.193416
-1.153779,11,10186.45898
-0.795295,9,10186.677678
-0.674616,9,10186.896379
-0.745129,9,10187.115075
-0.027862,1,10187.130697
-0.403946,7,10187.286914
-0.571069,8,10187.474366
-0.742694,9,10187.693064
-0.04223,1,10187.708684
-0.436654,6,10187.864902
-0.574665,8,10188.067977
-0.697476,9,10188.271053
-0.849287,9,10188.474131
-0.029824,1,10188.505377
-0.619451,8,10188.69283
-0.306999,5,10188.817806
-0.613635,8,10189.005256
-0.883496,11,10189.239576
-0.552673,7,10189.427033
-0.049607,1,10189.442655
-0.495059,7,10189.598869
-0.300385,5,10189.723839
-0.283747,5,10189.864433
-3.205211,36,10190.770473
-0.023395,1,10190.801709
-4.102384,50,10191.957691
-0.288422,5,10192.082659
-1.125695,11,10192.316983
-0.032679,1,10192.348224
-0.254585,5,10192.473193
-0.283338,5,10192.582545
-0.942875,10,10192.816862
-0.952879,10,10193.035559
-4.719535,50,10194.191537
-0.777063,9,10194.410242
-0.401494,7,10194.582074
-0.039409,1,10194.597693
-1.049475,9,10194.80077
-0.337607,6,10194.956985
-0.042956,1,10194.988226
-0.474124,7,10195.144444
-0.95301,10,10195.394385
-0.331442,6,10195.566215
-0.794604,9,10195.784917
-3.428635,50,10196.925272
-0.93849,12,10197.175212
-0.77985,8,10197.362668
-0.545483,8,10197.534503
-0.029108,1,10197.565745
-0.522399,7,10197.706341
-1.651539,21,10198.221844
-0.802892,10,10198.440539
-5.581075,50,10199.56528
-0.658604,8,10199.768358
-4.061707,50,10200.893092
-0.642055,8,10201.080544
-0.593687,8,10201.252384
-1.046729,11,10201.549188
-0.489361,8,10201.767891
-5.376746,50,10202.939484
-0.442681,7,10203.095696
-1.245194,12,10203.376887
-0.043981,1,10203.408141
-1.091495,11,10203.689308
-0.532519,7,10203.84552
-0.04152,1,10203.876763
-0.653278,8,10204.064224
-3.267213,50,10205.188954
-0.49222,7,10205.360791
-0.829562,10,10205.610735
-0.505992,7,10205.798186
-0.71342,8,10205.985642
-0.046696,1,10206.001263
-0.725353,8,10206.204346
-0.77753,9,10206.407419
-0.711307,9,10206.610501
-0.043334,1,10206.626119
-0.725383,9,10206.860437
-0.740236,9,10207.079137
-0.593038,7,10207.250974
-0.615948,8,10207.438427
-0.370155,6,10207.563401
-0.633773,8,10207.7821
-0.428049,6,10207.938311
-0.752502,8,10208.125766
-1.209849,13,10208.453817
-1.446772,16,10208.906833
-0.371467,7,10209.07867
-0.016582,1,10209.094292
-0.006713,1,10209.125531
-0.468542,6,10209.266127
-0.364407,6,10209.406718
-0.610825,8,10209.625419
-0.539226,8,10209.828494
-0.463294,7,10210.015949
-0.526372,7,10210.17216
-0.047211,1,10210.187781
-0.036932,1,10210.219023
-0.02075,1,10210.250266
-0.24721,5,10210.343994
-0.45018,7,10210.50021
-0.014222,1,10210.53145
-1.26284,12,10210.828257
-0.25759,5,10210.937608
-0.577839,8,10211.109444
-0.589615,7,10211.265653
-0.412457,6,10211.421867
-0.461983,6,10211.562458
-0.476088,7,10211.703051
-0.555921,7,10211.859265
-0.371016,6,10211.999862
-0.43697,7,10212.187311
-0.438676,6,10212.327906
-0.250946,5,10212.468494
-0.436955,6,10212.624713
-0.03905,1,10212.640334
-0.046425,1,10212.671575
-0.464158,6,10212.79655
-0.031453,1,10212.827787
-0.827048,9,10213.030863
-0.615773,8,10213.202699
-0.046127,1,10213.218321
-0.702259,9,10213.437018
-1.101128,10,10213.655721
-1.056989,10,10213.874415
-0.468707,7,10214.015007
-0.036037,1,10214.046252
-0.330951,6,10214.202463
-0.709146,9,10214.389922
-0.644937,8,10214.577376
-0.727874,9,10214.796079
-0.364535,6,10214.921049
-0.695736,8,10215.092879
-0.90037,11,10215.358441
-0.510379,7,10215.530279
-0.448502,7,10215.686494
-0.24726,5,10215.81146
-0.034329,1,10215.827087
-0.038994,1,10215.858328
-0.509268,7,10216.061401
-0.02106,1,10216.092649
-0.38553,6,10216.217616
-0.744992,8,10216.420692
-0.037767,1,10216.451976
-0.831792,9,10216.670634
-0.845759,9,10216.904952
-0.033257,1,10216.936197
-0.424285,6,10217.061167
-0.305658,6,10217.201761
-0.333591,5,10217.34235
-0.71306,8,10217.545427
-0.041894,1,10217.561049
-0.696875,8,10217.748505
-0.664356,8,10217.935961
-0.497158,7,10218.107795
-0.695071,8,10218.295251
-0.049933,1,10218.310872
-0.463161,7,10218.46709
-0.966778,10,10218.717031
-0.647874,8,10218.920108
-0.040822,1,10218.935728
-0.782998,10,10219.170049
-0.491765,7,10219.341881
-0.452398,7,10219.513715
-0.049865,1,10219.529338
-0.821841,10,10219.76366
-0.277844,5,10219.873022
-0.016513,1,10219.888633
-4.331173,50,10221.075849
-3.990391,50,10222.26307
-2.370788,26,10222.887924
-0.017821,1,10222.903544
-0.624486,8,10223.106622
-1.613985,21,10223.606507
-0.611354,7,10223.809584
-0.499656,7,10223.965798
-0.924581,10,10224.184493
-0.309316,5,10224.325085
-0.410366,6,10224.465681
-0.040251,1,10224.481303
-3.035576,50,10225.606039
-0.352272,6,10225.746632
-0.394997,6,10225.871602
-0.711674,8,10226.059055
-0.02607,1,10226.090296
-0.468299,7,10226.230891
-0.506507,8,10226.433965
-3.58332,50,10227.621188
-0.494264,7,10227.7774
-3.780147,50,10228.980245
-0.047255,1,10229.02711
-0.021132,1,10229.042726
-0.427718,7,10229.230186
-0.397534,7,10229.370779
-0.013136,1,10229.402021
-0.580739,8,10229.589473
-0.020963,1,10229.605099
-0.671597,8,10229.776933
-3.45107,50,10230.901666
-0.30714,5,10231.011022
-0.867204,9,10231.214095
-0.572003,8,10231.401548
-0.438052,7,10231.589005
-0.718081,9,10231.807703
-0.729325,8,10231.995162
-0.511383,7,10232.151374
-0.558308,8,10232.354449
-0.342419,6,10232.4638
-0.357152,6,10232.604391
-1.907096,20,10233.088653
-0.565209,8,10233.291729
-2.071102,32,10234.010314
-0.552269,7,10234.166524
-0.480066,7,10234.307116
-0.306596,6,10234.478951
-0.592321,8,10234.666407
-0.24872,5,10234.791377
-0.772697,8,10234.978833
-0.661112,8,10235.197533
-0.815009,9,10235.400609
-0.044108,1,10235.41623
-0.973401,11,10235.650553
-0.620834,8,10235.838011
-0.022604,1,10235.869253
-0.0224,1,10235.900495
-0.321467,6,10236.041087
-0.049801,1,10236.056713
-0.03375,1,10236.087948
-0.379939,6,10236.244161
-0.715143,9,10236.462859
-0.475946,7,10236.634696
-0.288054,6,10236.775287
-0.54492,7,10236.931499
-0.723561,8,10237.150239
-0.009632,1,10237.197061
-0.585178,7,10237.400141
-4.298498,50,10238.540497
-0.604517,8,10238.712335
-0.427289,6,10238.852927
-0.320248,6,10238.977894
-0.399275,6,10239.102865
-0.618857,8,10239.290323
-0.024709,1,10239.337182
-0.977836,10,10239.540262
-0.83282,9,10239.790205
-0.407527,7,10239.962039
-0.582779,8,10240.180736
-0.584253,8,10240.383814
-0.040296,1,10240.430677
-0.04319,1,10240.461923
-0.523935,7,10240.618137
-0.943559,10,10240.868078
-0.360373,6,10240.993047
-0.377396,6,10241.118019
-0.641404,8,10241.305473
-0.331127,6,10241.446066
-0.83797,8,10241.63352
-0.376577,6,10241.774113
-0.470328,7,10241.930326
-0.853096,9,10242.133403
-2.632962,50,10243.305005
-0.349958,6,10243.476875
-0.634856,7,10243.633049
-0.752734,9,10243.836133
-0.510523,7,10243.992341
-0.429894,7,10244.164176
-0.655989,8,10244.336014
-0.449649,7,10244.507847
-0.354794,6,10244.632817
-0.047455,1,10244.664058
-2.139123,25,10245.242051
-0.275345,5,10245.335779
-0.537052,8,10245.523237
-0.041473,1,10245.554474
-0.834564,10,10245.773173
-0.328667,7,10245.929388
-0.537425,7,10246.085603
-0.031779,1,10246.116864
-0.725691,9,10246.351164
-0.577285,7,10246.523001
-0.771977,9,10246.726075
-0.038388,1,10246.7417
-0.695224,8,10246.929152
-0.706565,9,10247.132228
-0.489727,8,10247.304067
-0.675712,8,10247.475902
-3.306402,50,10248.678741
-0.349705,6,10248.803714
-0.41552,7,10248.944307
-0.531499,7,10249.084898
-0.030522,1,10249.131763
-0.009531,1,10249.163002
-0.453693,7,10249.350458
-0.027331,1,10249.36608
-0.679279,8,10249.569155
-0.030068,1,10249.600398
-0.5063,7,10249.772235
-0.023825,1,10249.803476
-0.539942,8,10249.990936
-0.565535,7,10250.131524
-0.309503,5,10250.240875
-0.809941,9,10250.459572
-0.710422,8,10250.647028
-0.046358,1,10250.678275
-4.140995,50,10251.943604
-0.894385,9,10252.131056
-0.680751,9,10252.365375
-0.330258,6,10252.490346
-0.685177,7,10252.63094
-0.035652,1,10252.662215
-0.521922,7,10252.865257
-0.466286,8,10253.052716
-0.477859,6,10253.193305
-0.354251,6,10253.318275
-0.036922,1,10253.365155
-0.286837,5,10253.474493
-0.475432,7,10253.630706
-0.768182,9,10253.83378
-0.497841,6,10253.974372
-0.019307,1,10253.990002
-0.444317,7,10254.177449
-0.492269,8,10254.364904
-0.362495,6,10254.521121
-0.243589,5,10254.614857
-0.045594,1,10254.630471
-0.445965,7,10254.786685
-1.361096,15,10255.161595
-0.044507,1,10255.177218
-0.432198,6,10255.302188
-0.692564,9,10255.505263
-0.855878,9,10255.723963
-0.02966,1,10255.755207
-1.186153,12,10255.989529
-0.315551,6,10256.145736
-0.457921,7,10256.30195
-0.94739,9,10256.53627
-0.685716,8,10256.723729
-0.681706,8,10256.911186
-3.793145,50,10258.035921
-1.095925,11,10258.270239
-0.472333,7,10258.442108
-0.04834,1,10258.473352
-0.765511,9,10258.72326
-0.033417,1,10258.738879
-0.308621,6,10258.879472
-0.805975,10,10259.145032
-0.047599,1,10259.176278
-0.041293,1,10259.191903
-0.537536,8,10259.394974
-1.765955,24,10259.972963
-0.745231,8,10260.160418
-0.789759,8,10260.332257
-0.73236,9,10260.550953
-0.044237,1,10260.582195
-0.578756,8,10260.785274
-3.204623,50,10261.94125
-0.509327,7,10262.097468
-0.046014,1,10262.128706
-0.694288,8,10262.300545
-0.834673,10,10262.519243
-0.033058,1,10262.550486
-0.583507,7,10262.706697
-0.592331,7,10262.87853
-0.045393,1,10262.894154
-1.527727,22,10263.425277
-1.39744,14,10263.722083
-0.635019,8,10263.909542
-1.062233,11,10264.159479
-0.611886,8,10264.346938
-0.289567,6,10264.487528
-0.866795,9,10264.690608
-0.027287,1,10264.70623
-0.04926,1,10264.721852
-0.012542,1,10264.753092
-0.914639,12,10265.081142
-0.271501,5,10265.206112
-0.470523,6,10265.346705
-1.710552,23,10265.87783
-4.18423,50,10267.033807
-4.080533,50,10268.174166
-0.886535,10,10268.408481
-0.426054,7,10268.549077
-0.784076,9,10268.752153
-0.615188,7,10268.923984
-0.042443,1,10268.939608
-0.727108,9,10269.158306
-0.536629,8,10269.361384
-0.033932,1,10269.392629
-0.475275,7,10269.533218
-0.249517,5,10269.658188
-1.514333,19,10270.111208
-0.352276,6,10270.251802
-0.047351,1,10270.26742
-0.964783,11,10270.548603
-0.043627,1,10270.579846
-0.453146,7,10270.767305
-0.842802,10,10270.970381
-0.588858,7,10271.126597
-0.517485,7,10271.29846
-0.551555,7,10271.454644
-0.990831,11,10271.688962
-0.717346,9,10271.876421
-1.65526,22,10272.45441
-0.383059,6,10272.594998
-0.519175,7,10272.751244
-0.040053,1,10272.766834
-0.326574,6,10272.923046
-0.35975,6,10273.032396
-0.482636,7,10273.188608
-0.38685,7,10273.360444
-0.918174,10,10273.594763
-0.040206,1,10273.626007
-0.044038,1,10273.641629
-0.03218,1,10273.65725
-0.625162,8,10273.891569
-0.607518,7,10274.047784
-0.700473,8,10274.219618
-0.700702,8,10274.375833
-0.532422,8,10274.594528
-4.004613,50,10275.797375
-0.563604,7,10275.937967
-0.000776,1,10275.953596
-0.522422,7,10276.125419
-0.887562,10,10276.344122
-0.416395,7,10276.531611
-0.57865,8,10276.703414
-2.338542,27,10277.375127
-0.660764,8,10277.54696
-0.268725,5,10277.656312
-0.278761,5,10277.781281
-0.516384,8,10277.953119
-0.426081,7,10278.10933
-4.211275,50,10279.312217
-0.642212,9,10279.515251
-0.356421,6,10279.687088
-3.149268,50,10280.827443
-2.768074,41,10281.842827
-0.713959,8,10282.014665
-0.475665,7,10282.186494
-0.638386,8,10282.358329
-0.353408,6,10282.498923
-0.03543,1,10282.514551
-0.049093,1,10282.545786
-0.638846,8,10282.717626
-0.648962,8,10282.905081
-1.024073,10,10283.139434
-0.49116,7,10283.295609
-0.607354,8,10283.483066
-0.040288,1,10283.514308
-0.37049,7,10283.670521
-0.769568,8,10283.857979
-0.654318,8,10284.029817
-0.403151,6,10284.154786
-0.371175,6,10284.264137
-0.601904,8,10284.45159
-0.649646,7,10284.607805
-0.331711,6,10284.764015
-0.702387,8,10284.935851
-0.040765,1,10284.967096
-0.364365,6,10285.107685
-0.423479,6,10285.232656
-0.318934,6,10285.373267
-0.870939,10,10285.60757
-3.342117,50,10286.810416
-0.305194,5,10286.919759
-0.477782,7,10287.091594
-0.64249,8,10287.29467
-1.092696,11,10287.544616
-0.389675,7,10287.685204
-0.414098,7,10287.825801
-0.364649,6,10287.997646
-0.034555,1,10288.013255
-0.352143,7,10288.169473
-0.690222,8,10288.341304
-1.410247,15,10288.700594
-0.048634,1,10288.716213
-0.98732,10,10288.966156
-0.049335,1,10288.981778
-2.013062,22,10289.48166
-0.6153,7,10289.63787
-0.544356,7,10289.794088
-0.647327,8,10289.981537
-0.412006,6,10290.137754
-0.501057,7,10290.34083
-1.179085,12,10290.606398
-0.675869,8,10290.825096
-0.007891,1,10290.871956
-0.321745,6,10291.012547
-0.721498,8,10291.200004
-0.63001,8,10291.387459
-0.33671,6,10291.543675
-0.752764,8,10291.731133
-0.030787,1,10291.762373
-0.33073,6,10291.887346
-0.476611,7,10292.059179
-0.57736,7,10292.199772
-0.015935,1,10292.215394
-0.048094,1,10292.231011
-0.417605,7,10292.424181
-0.026239,1,10292.439801
-0.031814,1,10292.469597
-0.453707,9,10292.688304
-0.953444,12,10292.969488
-0.343435,6,10293.094458
-0.692577,8,10293.281951
-0.360043,6,10293.438131
-0.57695,8,10293.625588
-0.701938,9,10293.859908
-0.53116,7,10294.016121
-0.815937,9,10294.234825
-2.204769,31,10294.964066
-0.5813,8,10295.135901
-0.434614,7,10295.292112
-1.33477,16,10295.667027
-2.301845,27,10296.323124
-0.378275,6,10296.479333
-0.489532,7,10296.619929
-0.042183,1,10296.651172
-0.037612,1,10296.682416
-0.691838,9,10296.901113
-0.045489,1,10296.932356
-0.525542,7,10297.119848
-0.575283,8,10297.338511
-0.02883,1,10297.354132
-0.702699,9,10297.541593
-0.486556,7,10297.72904
-0.013332,1,10297.76032
-0.04998,1,10297.791535
-0.302734,6,10297.96336
-0.936514,10,10298.18206
-0.474517,7,10298.338277
-0.703479,8,10298.525732
-0.752313,9,10298.760049
-0.25964,5,10298.869401
-0.419788,6,10299.041232
-0.684479,9,10299.244312
-0.410453,6,10299.400522
-0.776264,9,10299.603604
-0.436734,6,10299.744192
-0.406654,7,10299.900439
-0.524252,9,10300.103482
-0.044713,1,10300.119105
-0.046974,1,10300.150393
-0.042181,1,10300.18159
-0.44352,6,10300.337804
-2.035894,27,10300.900174
-0.465666,6,10301.056387
-0.767744,8,10301.228222
-0.35834,6,10301.368811
-0.709747,9,10301.587515
-0.456612,7,10301.759344
-0.322177,5,10301.868696
-0.042544,1,10301.884318
-0.693579,9,10302.087393
-0.623958,8,10302.321712
-2.491373,28,10302.993429
-0.941797,9,10303.22775
-0.62498,8,10303.399585
-0.032983,1,10303.430828
-0.029603,1,10303.462069
-0.515817,7,10303.602663
-0.035252,1,10303.618284
-0.681945,8,10303.836982
-0.474961,8,10304.055679
-0.467273,7,10304.211895
-0.355263,6,10304.352491
-0.402088,6,10304.508697
-0.024327,1,10304.524319
-0.352462,7,10304.680536
-0.719878,9,10304.899235
-0.029653,1,10304.930476
-0.01787,1,10304.946096
-0.806833,9,10305.149173
-0.668179,8,10305.367871
-0.004511,1,10305.399114
-0.245986,5,10305.508464
-0.623099,8,10305.680301
-0.422793,6,10305.82089
-0.555475,8,10306.023971
-0.447186,7,10306.195802
-0.728925,9,10306.430121
-0.030151,1,10306.445747
-1.067781,11,10306.726925
-0.606104,7,10306.867523
-0.46206,8,10307.054974
-0.013245,1,10307.070597
-0.370672,7,10307.258054
-0.525776,7,10307.429893
-1.521957,15,10307.789177
-0.66063,8,10307.976634
-1.045902,10,10308.210957
-0.34115,6,10308.351545
-0.039414,1,10308.382791
-0.625297,8,10308.554627
-0.413634,6,10308.695216
-0.76658,10,10308.913918
-0.031561,1,10308.92954
-0.899641,10,10309.148238
-0.496925,7,10309.335693
-0.790189,9,10309.570048
-0.480356,7,10309.741845
-0.377624,7,10309.913679
-0.411231,6,10310.069894
-0.510412,7,10310.241726
-0.387225,7,10310.397945
-0.288118,5,10310.507295
-1.383529,17,10310.94469
-1.826286,26,10311.553923
-0.594384,7,10311.725757
-0.342812,6,10311.850724
-0.5004,7,10312.022556
-0.985979,9,10312.225636
-0.280089,5,10312.334989
-1.09298,10,10312.584931
-0.042591,1,10312.61617
-0.603204,8,10312.819249
-5.487678,50,10313.990848
-4.126307,50,10315.162452
-0.947074,10,10315.428009
-0.410162,7,10315.568602
-0.392749,6,10315.709192
-0.399877,6,10315.834163
-0.307855,5,10315.959136
-0.332975,6,10316.084108
-0.762517,9,10316.27156
-0.258,5,10316.396535
-0.350888,6,10316.537123
-0.555454,7,10316.677716
-0.316122,5,10316.787066
-0.826017,9,10317.005762
-0.955636,9,10317.224463
-0.638594,8,10317.443199
-0.007293,1,10317.474407
-0.048721,1,10317.505685
-0.702412,8,10317.708723
-0.398162,7,10317.88056
-0.440325,7,10318.068017
-0.690695,8,10318.224229
-0.41048,6,10318.364819
-0.454925,7,10318.536652
-1.077875,11,10318.802218
-0.261364,5,10318.911568
-0.463667,6,10319.052162
-0.567158,7,10319.208371
-0.046034,1,10319.239615
-0.686469,8,10319.411452
-0.530067,7,10319.614564
-0.485533,7,10319.770742
-0.027537,1,10319.801981
-1.009361,11,10320.067547
-0.440124,7,10320.223757
-0.0385,1,10320.255001
-0.70376,8,10320.44246
-0.606803,8,10320.614291
-1.712355,26,10321.270386
-0.620475,7,10321.426604
-0.362296,6,10321.582814
-0.83232,10,10321.817135
-1.01102,10,10322.035831
-0.867104,10,10322.285773
-0.758316,9,10322.473228
-0.511912,8,10322.660688
-0.008391,1,10322.70755
-1.057761,10,10322.926246
-0.025882,1,10322.94187
-0.479504,7,10323.098082
-0.297264,6,10323.238674
-0.450015,6,10323.379267
-0.596621,7,10323.535481
-0.726708,8,10323.707321
-0.462932,6,10323.863532
-0.027669,1,10323.879153
-0.020955,1,10323.89477
-0.844005,10,10324.129096
-0.041807,1,10324.160331
-1.013067,10,10324.410274
-0.631851,8,10324.566487
-0.334913,6,10324.738321
-0.671598,8,10324.925777
-2.188301,23,10325.410042
-1.018437,15,10325.738092
-0.736176,9,10325.956789
-0.660683,8,10326.144243
-0.849155,9,10326.378566
-0.730614,9,10326.566023
-0.662659,9,10326.784717
-0.5833,8,10327.003414
-0.922451,10,10327.253357
-0.649386,8,10327.409573
-0.314672,6,10327.550161
-0.951992,10,10327.815726
-0.459782,7,10327.987565
-0.397306,7,10328.143775
-0.404626,6,10328.268746
-0.642556,8,10328.456206
-0.320074,6,10328.59679
-1.213078,14,10328.909216
-0.004857,1,10328.924838
-0.03854,1,10328.971703
-0.514498,7,10329.14354
-0.048124,1,10329.159163
-0.56005,8,10329.330992
-0.012216,1,10329.362235
-0.341721,6,10329.502842
-0.036546,1,10329.518452
-0.252567,5,10329.627802
-0.036214,1,10329.659061
-0.395749,6,10329.799647
-0.292324,5,10329.924606
-0.043413,1,10329.955849
-0.029528,1,10329.987089
-0.616358,8,10330.158923
-0.87698,9,10330.362
-3.579452,50,10331.549226
-0.892689,10,10331.814787
-0.621482,8,10331.970999
-0.323887,6,10332.09597
-0.967666,10,10332.330288
-0.042459,1,10332.377154
-1.126318,14,10332.720825
-0.616474,8,10332.877042
-0.413644,6,10333.017631
-0.321028,6,10333.17384
-0.55126,8,10333.361296
-0.371499,6,10333.486271
-0.349549,6,10333.64248
-0.733355,9,10333.908042
-0.013337,1,10333.923666
-0.275173,5,10334.048639
-0.042604,1,10334.064266
-0.97124,11,10334.345442
-0.522516,8,10334.532895
-0.203919,4,10334.626629
-0.642459,8,10334.78284
-0.790333,9,10334.985918
-0.039581,1,10335.017158
-0.700804,9,10335.220241
-0.04707,1,10335.235856
-0.968515,9,10335.454558
-0.583627,7,10335.642011
-0.800489,9,10335.829486
-0.791038,11,10336.063789
-0.357275,7,10336.266868
-3.571009,50,10337.438504
-0.703664,9,10337.672783
-0.50569,7,10337.828998
-0.011174,1,10337.86024
-0.7307,8,10338.047696
-0.358565,6,10338.188288
-0.788867,8,10338.360127
-0.436269,6,10338.516378
-0.775315,9,10338.735039
-0.61809,8,10338.906868
-0.614959,8,10339.094326
-0.487875,8,10339.297407
-2.458338,27,10339.969119
-5.029449,50,10341.125101
-4.21962,50,10342.249835
-1.457046,19,10342.718527
-0.435585,7,10342.890311
-0.01548,1,10342.905933
-0.443674,7,10343.062148
-0.270803,5,10343.187118
-0.469421,7,10343.327706
-4.369593,50,10344.468067
-0.269398,5,10344.577412
-0.48463,7,10344.749252
-0.372371,6,10344.889842
-0.049329,1,10344.905464
-0.529537,7,10345.061676
-1.162275,11,10345.342856
-0.310878,6,10345.483449
-1.212408,13,10345.764633
-0.047668,1,10345.795879
-0.328135,6,10345.952093
-1.049854,11,10346.217652
-0.500387,7,10346.358245
-0.629056,8,10346.530083
-0.032117,1,10346.576942
-0.517088,7,10346.811261
-1.236975,13,10347.108071
-0.349352,7,10347.295524
-0.025623,1,10347.326771
-1.319113,12,10347.576709
-4.210329,50,10348.842039
-0.924581,11,10349.091982
-0.584447,8,10349.279438
-0.68787,8,10349.466896
-0.56757,8,10349.654346
-0.337125,6,10349.779319
-0.274995,5,10349.904285
-1.215072,16,10350.26358
-0.604358,7,10350.451032
-0.697952,9,10350.638492
-0.582844,7,10350.825947
-0.574337,8,10351.013406
-0.771721,10,10351.263341
-0.521831,7,10351.419555
-0.349224,6,10351.560146
-0.862778,9,10351.810089
-0.033679,1,10351.825712
-0.513818,8,10352.028791
-1.859439,22,10352.559911
-0.013098,1,10352.575533
-0.611763,8,10352.762989
-0.044081,1,10352.794234
-0.04879,1,10352.809856
-3.001929,38,10353.653408
-0.02552,1,10353.684649
-0.55741,7,10353.856482
-0.843676,10,10354.106425
-0.297316,6,10354.231395
-0.756785,9,10354.434477
-0.933379,9,10354.621928
-0.345896,6,10354.762524
-0.047132,1,10354.778141
-2.76022,50,10355.91853
-0.483212,8,10356.090365
-0.045758,1,10356.1372
-0.428414,6,10356.277789
-0.835861,9,10356.48087
-1.10502,10,10356.683944
-0.410151,6,10356.840161
-0.043135,1,10356.855779
-0.511567,8,10357.027613
-0.681916,8,10357.199448
-0.386342,6,10357.371285
-0.545473,7,10357.558756
-0.427497,6,10357.683714
-0.036756,1,10357.714953
-0.921312,10,10357.949277
-0.525712,7,10358.105489
-0.390061,6,10358.261698
-0.045047,1,10358.277322
-0.995406,11,10358.574127
-0.560478,8,10358.745958
-0.706217,8,10358.933415
-0.035458,1,10358.949037
-0.98579,11,10359.214603
-0.615757,8,10359.386439
-0.779306,8,10359.573893
-5.053164,50,10360.761116
-0.049357,1,10360.807973
-1.457783,19,10361.245377
-0.923867,9,10361.448455
-0.83753,9,10361.635906
-0.524964,8,10361.838984
-0.462323,6,10361.979578
-0.048701,1,10361.995199
-0.535645,7,10362.182654
-0.025106,1,10362.2139
-0.745936,9,10362.401351
-0.634303,7,10362.541943
-0.513896,7,10362.713781
-0.344787,6,10362.885616
-0.564718,7,10363.041827
-0.023179,1,10363.057448
-3.224396,50,10364.229046
-0.536043,8,10364.432125
-0.04329,1,10364.463367
-0.297871,6,10364.58834
-0.360673,6,10364.713311
-0.511701,7,10364.885144
-0.449616,7,10365.056976
-0.475981,7,10365.228815
-0.42172,6,10365.353786
-0.014178,1,10365.385026
-0.248549,5,10365.494374
-0.573454,8,10365.697454
-0.552588,7,10365.838048
-0.275305,5,10365.963014
-0.988166,10,10366.228577
-0.888606,12,10366.525382
-0.546293,7,10366.665976
-0.203055,4,10366.759704
-2.929222,50,10367.946929
-0.890119,10,10368.165626
-0.300912,5,10368.274975
-0.047883,1,10368.306217
-0.790356,9,10368.509291
-1.362681,13,10368.806096
-0.046142,1,10368.837339
-0.612729,8,10369.024796
-0.76718,9,10369.212254
-0.445061,7,10369.368469
-0.030681,1,10369.38409
-1.007646,9,10369.618409
-0.509521,7,10369.774624
-0.388578,6,10369.899589
-0.465015,7,10370.040181
-0.802724,9,10370.274503
-0.048132,1,10370.305745
-0.328027,6,10370.446338
-0.642174,7,10370.633792
-0.045158,1,10370.665038
-0.032855,1,10370.68066
-0.011224,1,10370.696281
-0.337615,6,10370.836873
-0.526989,8,10371.039946
-0.246331,5,10371.149296
-0.278009,5,10371.243027
-0.246899,5,10371.352375
-0.655314,8,10371.555453
-0.026525,1,10371.586693
-0.00942,1,10371.617935
-0.738384,9,10371.852259
-0.033877,1,10371.883532
-0.811172,10,10372.164684
-0.374993,6,10372.289654
-0.510193,7,10372.47711
-0.021076,1,10372.508354
-0.03578,1,10372.539594
-0.026915,1,10372.570837
-0.020902,1,10372.586459
-0.418535,6,10372.758293
-0.683955,8,10372.945749
-0.018254,1,10372.976991
-0.563587,7,10373.133205
-0.498751,8,10373.320662
-3.262418,35,10374.101781
-6.162841,50,10375.273333
-0.768552,9,10375.492027
-0.431544,7,10375.679483
-0.641639,8,10375.866943
-0.873937,10,10376.085637
-0.260098,5,10376.194986
-0.816506,9,10376.398066
-0.513341,7,10376.554278
-0.556481,7,10376.694869
-0.588296,8,10376.882323
-0.773708,9,10377.101023
-0.320846,6,10377.241616
-0.434624,6,10377.366589
-0.309565,6,10377.49156
-0.035928,1,10377.522799
-0.575674,8,10377.710256
-0.415704,6,10377.850848
-0.33395,6,10377.975824
-0.049904,1,10378.007061
-0.028331,1,10378.022682
-0.525251,9,10378.225761
-0.027359,1,10378.257003
-0.389832,7,10378.428836
-0.822853,9,10378.616292
-0.976304,9,10378.80375
-0.94353,10,10379.022448
-0.476801,7,10379.194284
-0.483328,7,10379.350496
-0.046127,1,10379.366117
-0.260899,5,10379.475468
-0.498724,7,10379.678543
-0.642502,8,10379.866003
-0.024727,1,10379.881623
-0.721158,8,10380.069077
-0.04714,1,10380.115951
-0.570047,8,10380.319021
-0.044478,1,10380.334643
-0.605344,8,10380.568963
-0.693588,9,10380.787661
-0.425906,6,10380.92825
-0.602689,8,10381.115706
-0.766115,8,10381.287544
-1.139586,14,10381.693694
-0.507471,7,10381.928015
-0.44654,6,10382.099853
-0.020748,1,10382.115474
-0.346974,5,10382.256065
-0.716373,9,10382.490382
-0.412446,6,10382.599735
-0.811637,9,10382.802814
-0.886863,9,10383.052751
-0.316917,6,10383.177728
-0.361648,6,10383.302695
-0.729161,9,10383.505771
-0.468434,6,10383.646361
-0.698346,9,10383.865061
-0.278046,5,10383.990036
-1.431178,20,10384.411805
-0.839129,9,10384.630507
-0.721174,8,10384.802341
-0.625562,7,10384.974173
-0.472533,7,10385.114767
-0.713696,8,10385.317845
-0.628335,7,10385.48968
-0.029529,1,10385.52092
-0.039709,1,10385.536543
-0.692868,8,10385.70838
-0.259929,5,10385.833349
-0.573132,7,10386.052044
-0.408616,6,10386.270744
-0.409444,6,10386.458202
-0.02801,1,10386.505064
-0.503854,7,10386.786247
-0.031689,1,10386.833112
-0.533418,7,10387.083055
-0.019939,1,10387.114299
-0.852671,10,10387.442347
-0.656951,8,10387.6298
-0.357023,6,10387.786015
-0.39243,7,10387.973473
-0.368871,6,10388.114062
-0.651963,8,10388.285901
-0.966794,10,10388.5827
-0.726604,8,10388.817029
-0.463402,7,10389.004477
-0.412329,6,10389.160692
-0.667496,9,10389.379394
-0.584062,8,10389.566846
-0.579463,7,10389.723062
-0.042176,1,10389.7543
-0.503441,7,10389.926136
-3.503477,50,10391.035254
-0.789519,9,10391.238328
-0.946536,16,10391.581997
-0.934478,9,10391.816321
-0.041094,1,10391.8476
-0.023324,1,10391.878845
-0.603557,7,10392.035054
-0.755845,9,10392.238097
-0.330812,6,10392.363068
-0.437507,7,10392.519282
-1.515013,20,10392.9723
-0.967444,9,10393.175377
-0.69375,8,10393.831475
-0.532531,7,10393.987687
-0.495211,7,10394.128277
-0.74522,9,10394.331355
-0.034726,1,10394.362597
-0.940205,9,10394.565677
-0.584099,9,10394.79999
-1.112545,11,10395.034312
-0.049826,1,10395.065554
-0.348208,7,10395.206146
-0.017767,1,10395.237392
-0.73512,8,10395.409227
-0.431031,6,10395.549816
-0.367554,7,10395.706031
-0.566196,7,10395.877865
-0.496754,7,10396.049701
-0.584664,7,10396.205915
-0.366272,6,10396.330885
-0.032734,1,10396.362123
-0.274095,5,10396.487133
-0.043805,1,10396.518373
-0.553248,7,10396.658931
-0.453674,7,10396.815143
-1.205445,17,10397.190056
-0.045151,1,10397.221298
-0.358436,6,10397.346269
-0.702839,8,10397.533725
-0.269606,5,10397.674318
-0.687304,8,10397.877395
-0.711684,8,10398.04923
-0.021993,1,10398.080472
-0.635275,8,10398.26793
-0.03743,1,10398.299172
-1.273358,20,10398.783433
-0.49664,6,10398.924022
-0.345682,6,10399.064617
-0.556124,7,10399.22083
-0.028887,1,10399.236452
-0.031365,1,10399.252074
-2.214255,27,10399.892547
-0.04184,1,10399.923789
-1.20144,15,10400.283082
-0.511173,6,10400.40805
-0.047636,1,10400.439318
-0.011283,1,10400.470568
-0.559304,7,10400.626748
-0.413662,6,10400.767341
-0.766256,9,10400.986042
-0.554037,7,10401.126637
-0.47444,7,10401.267223
-0.029444,1,10401.298465
-0.772481,9,10401.532785
-0.345493,7,10401.735862
-1.205787,13,10402.017048
-0.725656,8,10402.188884
-0.046434,1,10402.220134
-0.671879,8,10402.407583
-0.459287,7,10402.579417
-0.3457,6,10402.720006
-0.487218,8,10402.938706
-0.039392,1,10402.954327
-0.723418,9,10403.157408
-0.472057,7,10403.329238
-0.804373,9,10403.547935
-0.596595,8,10403.751017
-1.168705,12,10404.01658
-0.773883,10,10404.219654
-0.043624,1,10404.26652
-0.786437,10,10404.500844
-0.789012,9,10404.71954
-0.554921,7,10404.906992
-0.503078,7,10405.078826
-0.625042,7,10405.250661
-0.044108,1,10405.266288
-0.04968,1,10405.281909
-0.622136,8,10405.469361
-0.53534,7,10405.641195
-0.663666,8,10405.828654
-0.032461,1,10405.844272
-0.251078,5,10405.969247
-0.773307,9,10406.203566
-0.53912,7,10406.344155
-0.486895,6,10406.48475
-0.534159,7,10406.640962
-0.674899,8,10406.812799
-0.041648,1,10406.828421
-0.628815,8,10407.015872
-1.689137,24,10407.578244
-0.552327,7,10407.750074
-0.398176,6,10407.875045
-0.361867,6,10407.984399
-0.769654,9,10408.218714
-1.703657,21,10408.702975
-0.577583,8,10408.906055
-0.328746,6,10409.046649
-0.838929,9,10409.249722
-0.367921,6,10409.405936
-0.841914,10,10409.640254
-0.038132,1,10409.655881
-0.411428,6,10409.796473
-0.422943,6,10409.921445
-0.387305,6,10410.077652
-0.307194,6,10410.233866
-0.689113,8,10410.421321
-0.02948,1,10410.436944
-5.114521,50,10411.671028
-0.906566,9,10411.874109
-2.228052,26,10412.498962
-0.399368,6,10412.608312
-0.577001,8,10412.795764
-4.458746,50,10413.889258
-0.846992,10,10414.139202
-0.04945,1,10414.154832
-0.493361,8,10414.326656
-0.531605,8,10414.514111
-0.950231,10,10414.764053
-0.46576,7,10414.96713
-0.547723,8,10415.123342
-0.377013,6,10415.248314
-0.032503,1,10415.279562
-0.398488,7,10415.451391
-0.731249,8,10415.654468
-0.040372,1,10415.685711
-0.771843,8,10415.888792
-0.39006,7,10416.045003
-0.889052,10,10416.279326
-0.024157,1,10416.294944
-0.524713,8,10416.498025
-0.660277,9,10416.732339
-0.047723,1,10416.747962
-0.529741,7,10416.904175
-0.047494,1,10416.935418
-0.447937,6,10417.076009
-0.720042,9,10417.294707
-4.057421,50,10418.419447
-0.728676,8,10418.638147
-0.715063,9,10418.841224
-1.855829,23,10419.356723
-0.51567,7,10419.512936
-0.536992,7,10419.731635
-0.349516,6,10419.856606
-0.486686,7,10420.044065
-0.962707,10,10420.26276
-0.023989,1,10420.294011
-0.575907,8,10420.543946
-2.164411,23,10421.059448
-0.324522,6,10421.200047
-1.016289,11,10421.465603
-0.450098,6,10421.590577
-0.322405,6,10421.715544
-0.679384,8,10421.903004
-0.782047,9,10422.121701
-0.38841,6,10422.262293
-0.049792,1,10422.293537
-0.035579,1,10422.309157
-0.048685,1,10422.340437
-0.048795,1,10422.371672
-0.029466,1,10422.402915
-2.05668,26,10423.012113
-0.500969,7,10423.168329
-0.410671,6,10423.293302
-0.255025,5,10423.402653
-0.328809,6,10423.527618
-0.665849,8,10423.746316
-0.623304,8,10423.918153
-0.790032,9,10424.136856
-0.04593,1,10424.168093
-2.613563,27,10424.792946
-0.850142,10,10425.027268
-4.591708,50,10426.167624
-0.799502,9,10426.370701
-0.251522,5,10426.495677
-0.04103,1,10426.511299
-0.684264,8,10426.729995
-0.59042,8,10426.901829
-0.037436,1,10426.933069
-0.682532,8,10427.104903
-0.046649,1,10427.120524
-0.473279,7,10427.307981
-0.023092,1,10427.339221
-0.02334,1,10427.370467
-0.422721,6,10427.511099
-0.781065,9,10427.729778
-0.402117,6,10427.870349
-0.040579,1,10427.885973
-0.527603,7,10428.042187
-0.681866,8,10428.214018
-0.378415,7,10428.385854
-0.474408,7,10428.542066
-0.467374,7,10428.682658
-0.451345,7,10428.854495
-0.040815,1,10428.901357
-0.47278,7,10429.073192
-0.912486,9,10429.276273
-0.397857,6,10429.385619
-0.690133,8,10429.573077
-0.669592,8,10429.776153
-5.719693,50,10430.978997
-0.324481,6,10431.103969
-0.393026,6,10431.275799
-0.337633,6,10431.416395
-0.279025,5,10431.525741
-0.334999,6,10431.681953
-0.729222,8,10431.853789
-0.033009,1,10431.885032
-0.713284,8,10432.072487
-0.042988,1,10432.088113
-0.429404,6,10432.2287
-0.64554,8,10432.447398
-0.789041,9,10432.634853
-0.412447,6,10432.77545
-1.198257,14,10433.087879
-0.670468,8,10433.275331
-0.44759,7,10433.447165
-0.043879,1,10433.462785
-0.785473,9,10433.697104
-0.047283,1,10433.712727
-0.038528,1,10433.728347
-0.011942,1,10433.75959
-0.024739,1,10433.790835
-0.045004,1,10433.822078
-0.613407,8,10434.009535
-0.030334,1,10434.025155
-0.31737,6,10434.165746
-0.048992,1,10434.181369
-0.03549,1,10434.212609
-0.315658,6,10434.353201
-0.796408,8,10434.54066
-0.046027,1,10434.556278
-1.153586,13,10434.85309
-0.482933,6,10434.993675
-0.726174,9,10435.196754
-0.39004,6,10435.337345
-0.588817,8,10435.524805
-0.769329,9,10435.743546
-0.233211,5,10435.852848
-0.013651,1,10435.884092
-0.339439,6,10436.009068
-0.701145,8,10436.196519
-0.642645,8,10436.399599
-0.508709,7,10436.555821
-0.268914,5,10436.649542
-0.252721,5,10436.758891
-0.510612,7,10436.930721
-0.593622,8,10437.102556
-0.430659,6,10437.22753
-0.478178,7,10437.399363
-0.565013,7,10437.602439
-1.766514,27,10438.164805
-0.612082,8,10438.336641
-0.683783,8,10438.5241
-0.647181,8,10438.711552
-0.017807,1,10438.742795
-0.432909,7,10438.899011
-0.049413,1,10438.914632
-1.395415,14,10439.242681
-0.041639,1,10439.258303
-0.79163,9,10439.476998
-0.399212,6,10439.601973
-0.375202,6,10439.742564
-1.303089,12,10440.023749
-0.713236,9,10440.226821
-0.023941,1,10440.242443
-0.709417,9,10440.461144
-0.043105,1,10440.492386
-0.015284,1,10440.508006
-0.049533,1,10440.523628
-0.362625,6,10440.67984
-0.510545,7,10440.836053
-0.035852,1,10440.851677
-1.757293,19,10441.273454
-0.576159,7,10441.492153
-0.034928,1,10441.507771
-0.047573,1,10441.539014
-0.455066,6,10441.726469
-0.849217,9,10441.96079
-1.425406,14,10442.304461
-0.02565,1,10442.320088
-0.307932,6,10442.460676
-0.523891,7,10442.648128
-0.049257,1,10442.663749
-0.918456,9,10442.913729
-0.032317,1,10442.944933
-0.311288,6,10443.101146
-0.032236,1,10443.116767
-0.42692,6,10443.288606
-1.667796,17,10443.663517
-0.932015,9,10443.897835
-0.83615,10,10444.132157
-0.028344,1,10444.147775
-0.640452,8,10444.335232
-3.468412,50,10445.459973
-1.516362,20,10445.928641
-0.010438,1,10445.959849
-0.016052,1,10445.975472
-0.397968,6,10446.162927
-0.706011,9,10446.350386
-0.497713,7,10446.490975
-0.432599,7,10446.631567
-0.750564,9,10446.850267
-0.567475,7,10447.006515
-0.424034,6,10447.147076
-0.027825,1,10447.178353
-0.389155,6,10447.33453
-0.048044,1,10447.350153
-0.668534,8,10447.521982
-0.034571,1,10447.553225
-0.942134,10,10447.771928
-0.492172,7,10447.94376
-0.016095,1,10447.959381
-0.036402,1,10447.990626
-0.451705,6,10448.115597
-0.043352,1,10448.14684
-0.868265,10,10448.365536
-3.384039,50,10449.521514
-1.37508,15,10449.880804
-0.025959,1,10449.896424
-1.068882,10,10450.146365
-0.304323,5,10450.271337
-0.988604,10,10450.536901
-0.63094,8,10450.724354
-2.622951,28,10451.411698
-0.611973,8,10451.583534
-0.902705,10,10451.817854
-0.744146,9,10452.020961
-0.251681,5,10452.145896
-0.653267,8,10452.333356
-0.027066,1,10452.364595
-0.750681,9,10452.583297
-0.44823,7,10452.739507
-0.036897,1,10452.770754
-0.466502,6,10452.911343
-0.651684,8,10453.0988
-0.733231,9,10453.30188
-2.642142,30,10453.942354
-0.92638,10,10454.192292
-0.971136,10,10454.395371
-0.598409,7,10454.551585
-0.468801,7,10454.723421
-0.40194,6,10454.879635
-0.031538,1,10454.895255
-0.527841,7,10455.051469
-0.406503,6,10455.17644
-1.080143,16,10455.598212
-0.028844,1,10455.629457
-0.299225,6,10455.754423
-0.301278,6,10455.895015
-1.200622,11,10456.1762
-0.422667,6,10456.301173
-0.401692,6,10456.488631
-0.261127,5,10456.582359
-0.046204,1,10456.613603
-0.974544,10,10456.847918
-0.687713,8,10457.019753
-0.406411,6,10457.144723
-0.03742,1,10457.17599
-0.835207,9,10457.394667
-0.023568,1,10457.410285
-4.954834,50,10458.941175
-0.035093,1,10458.972418
-0.531636,7,10459.23798
-0.576904,8,10459.487922
-0.045842,1,10459.519165
-0.406607,7,10459.769107
-0.709001,9,10460.034671
-0.028698,1,10460.065915
-0.299571,6,10460.268991
-0.024581,1,10460.315853
-0.686028,8,10460.503309
-3.223856,50,10461.721771
-1.056117,11,10461.987338
-0.270699,5,10462.112308
-0.035932,1,10462.127931
-0.426032,6,10462.252902
-0.02684,1,10462.268523
-2.243918,24,10462.862129
-0.353393,6,10463.002726
-1.362591,13,10463.283912
-0.866604,9,10463.502607
-0.678478,9,10463.752546
-0.419908,7,10463.92438
-0.029466,1,10463.940005
-0.023683,1,10463.955624
-0.027571,1,10463.986865
-0.802112,9,10464.205564
-1.388838,19,10464.642963
-0.459425,7,10464.830417
-0.781982,9,10465.049119
-0.850255,9,10465.252197
-0.711394,9,10465.43965
-0.345023,6,10465.580242
-0.671806,8,10465.78332
-0.295396,6,10465.923915
-0.471154,7,10466.064507
-0.030233,1,10466.095747
-0.465919,7,10466.267579
-0.627283,8,10466.455039
-0.046581,1,10466.486287
-4.492623,50,10467.579773
-0.916073,10,10467.829714
-0.607359,8,10468.001555
-0.734957,9,10468.189005
-0.324022,6,10468.329599
-0.332619,6,10468.485809
-0.293946,5,10468.595162
-0.61498,8,10468.782619
-0.043683,1,10468.813861
-0.518596,7,10469.001316
-0.033704,1,10469.016938
-0.530828,8,10469.188805
-0.265545,5,10469.298122
-0.272318,5,10469.438713
-0.419881,8,10469.62617
-0.431721,6,10469.751143
-1.117671,10,10469.969839
-0.022568,1,10470.00108
-0.453534,7,10470.157295
-0.924946,10,10470.375989
-0.411351,6,10470.500967
-0.047413,1,10470.532204
-3.622986,43,10471.56321
-0.356932,6,10471.688182
-0.88001,9,10471.891259
-0.419162,6,10472.047474
-0.663901,7,10472.219308
-0.905451,10,10472.422388
-0.730242,9,10472.641083
-0.904086,10,10472.891024
-0.292484,5,10473.000374
-0.42461,6,10473.140965
-0.62372,8,10473.312803
-3.799149,50,10474.515647
-1.0134,11,10474.796826
-0.434576,7,10474.968662
-0.570021,7,10475.140499
-0.335232,6,10475.26547
-0.63954,8,10475.468544
-0.373414,7,10475.624758
-0.699029,10,10475.843458
-0.049676,1,10475.874699
-0.335109,6,10476.046533
-0.593887,8,10476.24961
-0.034042,1,10476.280868
-0.045342,1,10476.312097
-0.856213,10,10476.546418
-0.04334,1,10476.562039
-3.923649,50,10477.780501
-1.769775,22,10478.327246
-1.129112,11,10478.624109
-0.311362,6,10478.749023
-0.417497,7,10478.905241
-0.793695,9,10479.139562
-0.68644,8,10479.311395
-0.389137,7,10479.467608
-0.55214,8,10479.63944
-0.047766,1,10479.670682
-0.046482,1,10479.686304
-0.269089,5,10479.795655
-0.904118,9,10479.998734
-0.441909,7,10480.154943
-0.597512,8,10480.358021
-0.836898,11,10480.654826
-0.634181,8,10480.826664
-0.616688,8,10481.045363
-0.687336,8,10481.201573
-0.355665,6,10481.326547
-0.740212,8,10481.49838
-0.865799,10,10481.71708
-0.465583,7,10481.904532
-0.040264,1,10481.935778
-0.789272,9,10482.138852
-0.323906,6,10482.279449
-0.298123,5,10482.388794
-0.725665,8,10482.545011
-0.481292,7,10482.701224
-0.319082,6,10482.857434
-0.04538,1,10482.888711
-0.653496,8,10483.091793
-0.53486,10,10483.326078
-0.278982,5,10483.451049
-0.395784,6,10483.607263
-0.446026,7,10483.747853
-0.611364,8,10483.919685
-0.040632,1,10483.96655
-0.369316,6,10484.091519
-0.257388,5,10484.20087
-0.739283,9,10484.403951
-0.044261,1,10484.435198
-0.650615,8,10484.653887
-0.965811,10,10484.919449
-0.280505,5,10485.044422
-0.856952,9,10485.263119
-0.561203,7,10485.434957
-0.968755,10,10485.653659
-0.29167,5,10485.778626
-0.514733,7,10485.934836
-0.04028,1,10485.950458
-0.647094,8,10486.122292
-0.034394,1,10486.137914
-0.365744,6,10486.278507
-0.707303,9,10486.497204
-0.314185,6,10486.653423
-0.040151,1,10486.68466
-0.366656,6,10486.840873
-0.040778,1,10486.872118
-0.334251,6,10487.043949
-0.853231,9,10487.247032
-0.780365,8,10487.450111
-0.645464,8,10487.637561
-0.02922,1,10487.653187
-0.039372,1,10487.668807
-0.511311,7,10487.871881
-0.29467,5,10487.981234
-0.326658,6,10488.121821
-0.35031,6,10488.246794
-0.301792,6,10488.387388
-0.016004,1,10488.403005
-0.680943,8,10488.590462
-0.003253,1,10488.62171
-0.495672,7,10488.793538
-0.716517,10,10489.027865
-0.980321,11,10489.277802
-0.409704,7,10489.434014
-0.664166,9,10489.652712
-0.041736,1,10489.668334
-0.49871,7,10489.82455
-0.610236,8,10489.996385
-0.436702,7,10490.168216
-0.448955,6,10490.293187
-0.317976,6,10490.449399
-0.405699,6,10490.589995
-0.627835,8,10490.808691
-0.610912,8,10490.996146
-0.524962,7,10491.152362
-0.036634,1,10491.167982
-1.194425,12,10491.480408
-0.446174,6,10491.636624
-0.469695,7,10491.792835
-0.666139,8,10491.964671
-0.913012,9,10492.183373
-0.421049,6,10492.308339
-0.047659,1,10492.323961
-0.251092,5,10492.433309
-0.687981,8,10492.636387
-0.257254,5,10492.730117
-0.80092,9,10492.964434
-0.884842,13,10493.26124
-0.946356,10,10493.49556
-0.020619,1,10493.511183
-0.300064,5,10493.636155
-0.485207,8,10493.79237
-0.32735,6,10493.948578
-0.474501,7,10494.120415
-4.493573,50,10495.182664
-1.191473,11,10495.448226
-0.021203,1,10495.47947
-0.044301,1,10495.49509
-0.674728,8,10495.713789
-1.064342,11,10495.948113
-0.041254,1,10495.994972
-0.529516,7,10496.135565
-4.752428,50,10497.307166
-0.916094,9,10497.494622
-0.782662,9,10497.697702
-0.507151,7,10497.869539
-0.64769,8,10498.056988
-0.020139,1,10498.088232
-0.656951,8,10498.275691
-1.007275,10,10498.494387
-0.043538,1,10498.525662
-0.63881,7,10498.666225
-0.557124,8,10498.869298
-0.85942,9,10499.041134
-0.289474,5,10499.166104
-0.859996,10,10499.416052
-0.307797,5,10499.541016
-0.509825,7,10499.697229
-0.462638,7,10499.869064
-0.642304,8,10500.072141
-0.555006,8,10500.259597
-0.772297,9,10500.447056
-0.524312,7,10500.603269
-0.018074,1,10500.618891
-0.515881,7,10500.790727
-1.403731,19,10501.228122
-0.329335,6,10501.384332
-0.251986,5,10501.493683
-0.735657,8,10501.681142
-2.28817,23,10502.227885
-0.049271,1,10502.259127
-1.148749,13,10502.555934
-0.024727,1,10502.602795
-0.531088,7,10502.774634
-0.048046,1,10502.790256
-0.047734,1,10502.805873
-1.25935,12,10503.102683
-2.358014,27,10503.727536
-0.043492,1,10503.758774
-0.661444,8,10503.930614
-1.08966,11,10504.180554
-0.048434,1,10504.196171
-0.605077,8,10504.368007
-0.029825,1,10504.399248
-0.021469,1,10504.414876
-0.775968,9,10504.617951
-0.668672,8,10504.789783
-0.034685,1,10504.805405
-0.017592,1,10504.836645
-0.566627,7,10504.992864
-0.882386,10,10505.242801
-0.822519,9,10505.445882
-0.69981,8,10505.633336
-2.693724,30,10506.367539
-0.51407,7,10506.508133
-0.727235,8,10506.695586
-0.760394,9,10506.898668
-0.314325,6,10507.039255
-0.200208,4,10507.132983
-0.270335,5,10507.242331
-1.149147,11,10507.55476
-0.915529,10,10507.757838
-0.008103,1,10507.804699
-0.04167,1,10507.820319
-0.022785,1,10507.851566
-0.808186,9,10508.070261
-0.005527,1,10508.085883
-0.751609,9,10508.288964
-0.333457,6,10508.460795
-0.654856,8,10508.663877
-0.041219,1,10508.679497
-0.633367,8,10508.851331
-0.281833,5,10508.976298
-0.250393,5,10509.085648
-1.954586,24,10509.601156
-0.039609,1,10509.632394
-0.803412,10,10509.882336
-0.459708,7,10510.022933
-0.400251,6,10510.1479
-0.484652,7,10510.319733
-0.496512,7,10510.50719
-0.511979,7,10510.679023
-0.427618,6,10510.788377
-0.030312,1,10510.819618
-0.47031,7,10511.007071
-0.422219,6,10511.147669
-1.25535,13,10511.460095
-0.364583,6,10511.600682
-0.477475,9,10511.803765
-0.499968,7,10511.944355
-0.381306,6,10512.053702
-0.760631,9,10512.28802
-0.480891,6,10512.428614
-0.802383,9,10512.647312
-0.756061,8,10512.834782
-0.336211,6,10512.959742
-1.945396,20,10513.475242
-0.502047,7,10513.631459
-0.316019,5,10513.740804
-0.037168,1,10513.756426
-0.853981,10,10513.99075
-1.036019,13,10514.256313
-0.042089,1,10514.287555
-0.250023,5,10514.396904
-0.017988,1,10514.412538
-1.89127,23,10514.943651
-4.673729,50,10516.130868
-0.492021,8,10516.333948
-0.677496,8,10516.552644
-0.263598,5,10516.661997
-0.471715,8,10516.833831
-0.00613,1,10516.865074
-0.63904,8,10517.036909
-0.022895,1,10517.068152
-0.509787,7,10517.224365
-0.24508,5,10517.333711
-0.46338,7,10517.505545
-0.586821,7,10517.677381
-0.416953,7,10517.817973
-0.984958,10,10518.036674
-0.185808,4,10518.130397
-0.582042,7,10518.286614
-0.278613,5,10518.411583
-0.417892,7,10518.567796
-0.820335,9,10518.786494
-0.843338,9,10518.973954
-0.502088,7,10519.130164
-0.007537,1,10519.145785
-0.696463,8,10519.364489
-0.396007,7,10519.536319
-0.830587,9,10519.72378
-0.415813,6,10519.848748
-0.04078,1,10519.87999
-0.290998,6,10520.051827
-0.623928,8,10520.223655
-0.604753,8,10520.395495
-0.35863,6,10520.536083
-0.615238,8,10520.723544
-0.616191,8,10520.926616
-0.753558,9,10521.129695
-0.304027,6,10521.30153
-0.976586,9,10521.52023
-0.376509,6,10521.645201
-0.253763,5,10521.78579
-0.2689,5,10521.926382
-0.036888,1,10521.942008
-1.340288,18,10522.379401
-1.064641,11,10522.644964
-0.017205,1,10522.676205
-0.046762,1,10522.691846
-0.38306,6,10522.848042
-1.210575,14,10523.176127
-0.414781,6,10523.316686
-0.025308,1,10523.347923
-0.602519,8,10523.53538
-0.453374,6,10523.644732
-0.566154,7,10523.816568
-1.710841,20,10524.285208
-0.02669,1,10524.316445
-0.023937,1,10524.332067
-0.59025,7,10524.503903
-0.632357,8,10524.675738
-0.8405,9,10524.878813
-0.592892,7,10525.019409
-0.454654,7,10525.175623
-0.032966,1,10525.206862
-0.039238,1,10525.222483
-0.308153,6,10525.378701
-0.528342,7,10525.534912
-0.442928,7,10525.691124
-0.260861,5,10525.816097
-0.598054,8,10525.987929
-0.674639,9,10526.237875
-0.019283,1,10526.253501
-0.035484,1,10526.284734
-0.568167,8,10526.503431
-0.523964,7,10526.690926
-0.623963,8,10526.862725
-0.310895,6,10526.987696
-0.271741,5,10527.097047
-0.035798,1,10527.128286
-0.643988,8,10527.315741
-0.743609,8,10527.518822
-0.013327,1,10527.534443
-0.949228,9,10527.753143
-5.789697,50,10528.924737
-0.553166,7,10529.096578
-0.482579,8,10529.268409
-0.525267,8,10529.471488
-0.028119,1,10529.48711
-0.030602,1,10529.51835
-0.047058,1,10529.533972
-0.242643,5,10529.64332
-0.044369,1,10529.674562
-0.333391,6,10529.830775
-0.309547,5,10529.955746
-0.043775,1,10529.987022
-0.047991,1,10530.018235
-1.18524,14,10530.361903
-0.421215,7,10530.533736
-0.636958,7,10530.705572
-0.041389,1,10530.721194
-0.009147,1,10530.736813
-0.567553,7,10530.924269
-1.647453,17,10531.33043
-0.777916,9,10531.533501
-0.02978,1,10531.564742
-0.672341,8,10531.752199
-3.373911,50,10532.93942
-1.389098,14,10533.251852
-0.298833,5,10533.392439
-0.555036,7,10533.548656
-0.043648,1,10533.579898
-3.130656,50,10534.735873
-0.515084,7,10534.907708
-0.02573,1,10534.938955
-0.780461,8,10535.126408
-0.891218,9,10535.329484
-0.440526,6,10535.454457
-0.044621,1,10535.485696
-0.364845,6,10535.626289
-0.556781,7,10535.798127
-0.520355,7,10535.938716
-1.093887,10,10536.188657
-0.250696,5,10536.391735
-0.81354,9,10536.641676
-0.560919,7,10536.813523
-0.445469,6,10536.954105
-0.346716,6,10537.094694
-0.356205,6,10537.235288
-0.933585,10,10537.438366
-0.36105,6,10537.578955
-0.80377,9,10537.813278
-0.03715,1,10537.828898
-0.435067,6,10537.985112
-0.024071,1,10538.000733
-0.438644,6,10538.141327
-0.841736,10,10538.391265
-0.806136,9,10538.625589
-1.306122,15,10539.0005
-0.657996,9,10539.234819
-0.488489,7,10539.391031
-0.02405,1,10539.422273
-0.393976,6,10539.547243
-0.011692,1,10539.57849
-0.009455,1,10539.609729
-0.047196,1,10539.640972
-0.625856,8,10539.84405
-1.433253,15,10540.218962
-0.330191,5,10540.328314
-0.040369,1,10540.359553
-0.887528,9,10540.562631
-0.040192,1,10540.593872
-0.623351,8,10540.79695
-0.626821,8,10541.015649
-0.363164,6,10541.140621
-0.477373,7,10541.328076
-0.850214,10,10541.546778
-0.751203,9,10541.749851
-0.036851,1,10541.781093
-0.677362,8,10541.984172
-0.311932,6,10542.124763
-0.515129,7,10542.26536
-0.042208,1,10542.280978
-0.703878,8,10542.468436
-0.376736,6,10542.609024
-0.402054,6,10542.749617
-0.274528,5,10542.858966
-0.526557,7,10543.04642
-0.548123,7,10543.187017
-0.32733,6,10543.343226
-0.841456,9,10543.530683
-1.781015,19,10543.968081
-0.615295,8,10544.18678
-0.864436,9,10544.452342
-0.004388,1,10544.467963
-0.415132,7,10544.639801
-0.59868,8,10544.842874
-0.034054,1,10544.858497
-0.774105,9,10545.077194
-0.037369,1,10545.108438
-0.442328,7,10545.26465
-0.643688,8,10545.43649
-0.738461,8,10545.623947
-0.387067,6,10545.764533
-0.43487,6,10545.905126
-0.26876,5,10546.030101
-0.045372,1,10546.045719
-0.602614,8,10546.233174
-0.4834,7,10546.405009
-0.358491,6,10546.576869
-0.675454,8,10546.764298
-0.040946,1,10546.795556
-0.013263,1,10546.811163
-0.620161,7,10546.967376
-0.739505,9,10547.170454
-0.392198,7,10547.342288
-0.004697,1,10547.357911
-0.844727,9,10547.576609
-0.433727,6,10547.748442
-0.241289,5,10547.873413
-0.039953,1,10547.889036
-0.582406,8,10548.138975
-0.694164,8,10548.326431
-0.466904,7,10548.513889
-0.641106,8,10548.701343
-0.010564,1,10548.73259
-0.034743,1,10548.748209
-0.024176,1,10548.779457
-0.58845,8,10548.951286
-0.012759,1,10548.982528
-0.639981,8,10549.154401
-0.820948,10,10549.388681
-0.755484,9,10549.623002
-0.457436,7,10549.794836
-2.457343,28,10550.466553
-0.450969,6,10550.60715
-0.706917,8,10550.794605
-0.667561,8,10550.982062
-0.4175,7,10551.138271
-0.492993,7,10551.310109
-0.046346,1,10551.35697
-0.447244,7,10551.513184
-1.117386,11,10551.763127
-0.312618,6,10551.91934
-0.586017,8,10552.106797
-0.046142,1,10552.122419
-0.356207,6,10552.263011
-0.348542,6,10552.403604
-0.293268,5,10552.528571
-0.654312,8,10552.731651
-0.416743,6,10552.872244
-0.720632,9,10553.075318
-0.447234,7,10553.215911
-0.584647,8,10553.403365
-0.00498,1,10553.418985
-0.039573,1,10553.465856
-0.711076,8,10553.637688
-2.163197,24,10554.184432
-1.024208,11,10554.434373
-0.021962,1,10554.465615
-0.350153,6,10554.621829
-0.685203,8,10554.809287
-0.0315,1,10554.840529
-0.576297,8,10555.012364
-0.045958,1,10555.043603
-0.044194,1,10555.059228
-0.618448,7,10555.199818
-0.654744,8,10555.402897
-0.373915,6,10555.559111
-0.041607,1,10555.590389
-0.046356,1,10555.605975
-0.048194,1,10555.637215
-2.887137,50,10556.808816
-0.647591,8,10556.980649
-0.960789,9,10557.199352
-0.68044,8,10557.433667
-0.044499,1,10557.464911
-0.260907,5,10557.558642
-0.654451,8,10557.730476
-0.048859,1,10557.76172
-0.399174,7,10557.949172
-0.900455,10,10558.183497
-0.804937,8,10558.38657
-0.284575,6,10558.542796
-0.551698,8,10558.745863
-0.621658,8,10558.902076
-0.047181,1,10558.933318
-0.753728,8,10559.152018
-0.395322,6,10559.292608
-0.360005,6,10559.433203
-1.249835,11,10559.69876
-1.041447,12,10560.01119
-0.323101,6,10560.120539
-0.686847,8,10560.307995
-0.83363,10,10560.557934
-1.45454,26,10561.135978
-0.278248,5,10561.260898
-0.36973,6,10561.401486
-0.47769,6,10561.526456
-0.595156,7,10561.698291
-2.342805,25,10562.245039
-0.381909,6,10562.370009
-0.720708,9,10562.588707
-0.731849,9,10562.807434
-0.042147,1,10562.838683
-0.514104,7,10562.994862
-0.579591,8,10563.166698
-0.028619,1,10563.213559
-0.592422,8,10563.36978
-0.607051,8,10563.541613
-0.047706,1,10563.572857
-0.489402,7,10563.729068
-0.684588,8,10563.900902
-0.046609,1,10563.916525
-0.467794,6,10564.057112
-0.022833,1,10564.088353
-1.195625,12,10564.353918
-0.261957,5,10564.478887
-8.989719,50,10565.588003
-0.795837,8,10565.806702
-1.043898,10,10566.041073
-0.737915,9,10566.22848
-0.023758,1,10566.244102
-0.364927,7,10566.415933
-0.029721,1,10566.431555
-0.298676,5,10566.540905
-0.036051,1,10566.572146
-0.529229,7,10566.743981
-0.508615,7,10566.900194
-0.69829,8,10567.087654
-0.864246,9,10567.29073
-0.608591,8,10567.478188
-0.57285,7,10567.650057
-0.04483,1,10567.68126
-0.377012,6,10567.790611
-3.982243,50,10568.946591
-0.034872,1,10568.977841
-0.016027,1,10569.009113
-0.042358,1,10569.040319
-0.372568,6,10569.180907
-0.013407,1,10569.212151
-0.724358,8,10569.415267
-0.699365,8,10569.587114
-0.411733,6,10569.712043
-8.417299,50,10570.868011
-0.68496,8,10571.03985
-0.550458,7,10571.211681
-0.236006,5,10571.32103
-0.469502,7,10571.524108
-0.593209,7,10571.695947
-0.049512,1,10571.727185
-0.048753,1,10571.758435
-0.006853,1,10571.789675
-0.666636,8,10571.977127
-1.040112,12,10572.258315
-0.66649,8,10572.461387
-0.514154,7,10572.648847
-0.601884,8,10572.836303
-0.344812,6,10572.992513
-0.045165,1,10573.023758
-0.299197,5,10573.133104
-0.267511,5,10573.242454
-0.704076,9,10573.461158
-0.567774,7,10573.664227
-0.645071,8,10573.85169
-0.624069,8,10574.023526
-0.425604,7,10574.164113
-4.76308,50,10575.257606
-0.470948,7,10575.429441
-5.126583,50,10576.585419
-0.284146,6,10576.741637
-0.498669,7,10576.929089
-0.396884,7,10577.116547
-0.685128,8,10577.304002
-0.377024,6,10577.428975
-0.354743,6,10577.585184
-0.2435,5,10577.694534
-0.476966,7,10577.850747
-0.477924,7,10578.00696
-0.391248,6,10578.163209
-0.358417,7,10578.319388
-0.264839,5,10578.42874
-0.035994,1,10578.444361
-1.016534,12,10578.725545
-0.00504,1,10578.741168
-0.600482,8,10578.92862
-0.019675,1,10578.94424
-0.807325,8,10579.131695
-0.478674,7,10579.303535
-0.049523,1,10579.319155
-0.366941,6,10579.44416
-0.701438,8,10579.647205
-0.821514,9,10579.88152
-0.818252,9,10580.084602
-0.335128,6,10580.209568
-0.698043,8,10580.412645
-0.26687,5,10580.521998
-0.94872,13,10580.881285
-0.399069,6,10581.006257
-0.616997,8,10581.240577
-0.274215,5,10581.365552
-0.045013,1,10581.381173
-0.384548,6,10581.52176
-0.047913,1,10581.553041
-0.346792,6,10581.709217
-0.674581,8,10581.881051
-0.744685,9,10582.084129
-1.101698,10,10582.318449
-0.64925,8,10582.521528
-0.723189,8,10582.708983
-0.524282,7,10582.880817
-0.920351,10,10583.11514
-0.750199,9,10583.302592
-0.438508,7,10583.458808
-0.034023,1,10583.490047
-0.234056,5,10583.615018
-0.037034,1,10583.63064
-0.688676,8,10583.833718
-0.892969,9,10584.036794
-0.047954,1,10584.068041
-0.458124,7,10584.239871
-0.364466,6,10584.380482
-0.710206,8,10584.552302
-0.794728,9,10584.75538
-0.639774,8,10584.927214
-0.991581,10,10585.145908
-0.782036,9,10585.348986
-1.958649,25,10585.926984
-0.041357,1,10585.9426
-0.264533,5,10586.067567
-1.000449,11,10586.31751
-0.672019,8,10586.536206
-0.870159,9,10586.75491
-0.710867,9,10586.942366
-0.020475,1,10586.957987
-0.243645,5,10587.082957
-0.886186,9,10587.301655
-3.861841,50,10588.457637
-0.683121,9,10588.67633
-0.583518,8,10588.879407
-0.888317,10,10589.098113
-0.044253,1,10589.129352
-0.278954,5,10589.238703
-0.588417,7,10589.441776
-0.388103,6,10589.56675
-0.674086,8,10589.738584
-0.44403,6,10589.879179
-0.604009,8,10590.082248
-0.711431,9,10590.26971
-0.023424,1,10590.285331
-0.879207,10,10590.53527
-0.339124,7,10590.722726
-0.41081,6,10590.863315
-0.027489,1,10590.878936
-0.561524,7,10591.035154
-0.022395,1,10591.082014
-1.010813,14,10591.410062
-0.334847,6,10591.566274
-2.897459,50,10592.831604
-0.031809,1,10592.862849
-0.747867,9,10593.050304
-0.255572,5,10593.175272
-0.542957,7,10593.362729
-0.692045,8,10593.565809
-0.908103,10,10593.815747
-0.681609,8,10594.003204
-0.598466,8,10594.253143
-0.657609,8,10594.440601
-0.762265,9,10594.659301
-0.425421,7,10594.831133
-0.030405,1,10594.862378
-1.876135,20,10595.362262
-0.022702,1,10595.393505
-0.612856,8,10595.580958
-0.04755,1,10595.612216
-0.262772,5,10595.737171
-0.23712,5,10595.84652
-0.737076,8,10596.018356
-0.608299,8,10596.205815
-0.024105,1,10596.237053
-0.980923,10,10596.471375
-0.028287,1,10596.486997
-0.899543,9,10596.721315
-0.023077,1,10596.752571
-0.483687,7,10596.940017
-0.012721,1,10596.971259
-0.485197,7,10597.127476
-0.517194,7,10597.299304
-0.314649,6,10597.439903
-0.710768,11,10597.658596
-0.038863,1,10597.689841
-0.027366,1,10597.72108
-0.685808,8,10597.924157
-0.676975,8,10598.127238
-0.544932,7,10598.31473
-0.723235,7,10598.486532
-0.045293,1,10598.517771
-0.630728,7,10598.67398
-0.353594,6,10598.814573
-0.575432,8,10599.002029
-0.408352,7,10599.158244
-1.054855,10,10599.392562
-0.035552,1,10599.408185
-0.312551,5,10599.564398
-0.666705,8,10599.736232
-0.394783,6,10599.861203
-3.282332,50,10601.032807
-0.02189,1,10601.079666
-0.398997,7,10601.235884
-0.980239,10,10601.454577
-0.875687,9,10601.642035
-0.594236,7,10601.798252
-0.424302,6,10601.954492
-0.260937,5,10602.079434
-0.707966,8,10602.235644
-0.524965,7,10602.423102
-0.652196,8,10602.610556
-0.782032,9,10602.813634
-0.014948,1,10602.844877
-0.563701,8,10603.063578
-0.482868,7,10603.235413
-0.674311,8,10603.407246
-0.56105,8,10603.579083
-0.023992,1,10603.610327
-2.183505,23,10604.125831
-4.228975,50,10605.34429
-0.638349,7,10605.516126
-0.982419,10,10605.750449
-0.918549,10,10605.969147
-0.663529,8,10606.125359
-0.549037,7,10606.297193
-0.541823,7,10606.484648
-0.399686,6,10606.609621
-0.011272,1,10606.625239
-0.043805,1,10606.65648
-0.786435,9,10606.8908
-0.036675,1,10606.906423
-0.046615,1,10606.937666
-0.545599,7,10607.07826
-0.739764,9,10607.296958
-0.562547,8,10607.484411
-0.402546,6,10607.625009
-0.625985,8,10607.796843
-0.028479,1,10607.828081
-0.025184,1,10607.859324
-1.547991,19,10608.296727
-0.041428,1,10608.312343
-0.018701,1,10608.359208
-0.651728,8,10608.546662
-0.329166,6,10608.671637
-0.804039,10,10608.905953
-0.566292,8,10609.09341
-5.102347,50,10610.218149
-0.655276,8,10610.405606
-0.684043,9,10610.624301
-0.779818,12,10610.952348
-0.64425,9,10611.155425
-0.788915,9,10611.358502
-0.752087,8,10611.530335
-0.020241,1,10611.56159
-0.203508,4,10611.670929
-0.632805,7,10611.827142
-0.498745,7,10611.983359
-0.381986,6,10612.123948
-0.752959,8,10612.295785
-0.454961,7,10612.483237
-0.538789,7,10612.655078
-0.585938,7,10612.842527
-0.37468,6,10612.983122
-0.037264,1,10612.998744
-0.702962,9,10613.201824
-0.021254,1,10613.233064
-0.02993,1,10613.264305
-0.035271,1,10613.279926
-0.647885,8,10613.467385
-0.656537,8,10613.670462
-0.41842,6,10613.795433
-0.796923,10,10614.014133
-0.044655,1,10614.029754
-1.755684,21,10614.529637
-0.686166,9,10614.73271
-0.660319,7,10614.920165
-0.015838,1,10614.951408
-1.039564,10,10615.20135
-0.617271,7,10615.373187
-0.608011,7,10615.545018
-0.796048,10,10615.763717
-0.488113,7,10615.935555
-0.522476,7,10616.09177
-3.325936,50,10617.232122
-0.643605,8,10617.403957
-0.482824,7,10617.622655
-0.045077,1,10617.653898
-0.029495,1,10617.66952
-0.510075,7,10617.841354
-0.371142,6,10617.98195
-0.562004,7,10618.138162
-0.261818,5,10618.294375
-0.638755,8,10618.513071
-0.68319,8,10618.700529
-0.634874,7,10618.856741
-1.02846,10,10619.09106
-0.713657,9,10619.294141
-0.278651,5,10619.419112
-0.049322,1,10619.434731
-0.655218,8,10619.606565
-0.395188,7,10619.762778
-0.574101,7,10619.918993
-0.549672,7,10620.090826
-0.286528,5,10620.200175
-0.032502,1,10620.215797
-0.54045,7,10620.403252
-0.819484,9,10620.606335
-0.571566,7,10620.762547
-0.008274,1,10620.778167
-0.031243,1,10620.809407
-0.751008,8,10620.996867
-0.514248,7,10621.13746
-0.545755,7,10621.309293
-0.032986,1,10621.356167
-0.530009,7,10621.527987
-0.619724,7,10621.668583
-0.047103,1,10621.684206
-0.260621,5,10621.809172
-0.546679,8,10621.99663
-0.280365,5,10622.10598
-0.56024,7,10622.277852
-0.615408,7,10622.465268
-0.035325,1,10622.496512
-0.662493,8,10622.68397
-0.049019,1,10622.699591
-0.366709,6,10622.855801
-0.748715,9,10623.074504
-0.041988,1,10623.090124
-0.731421,9,10623.277579
-0.667734,8,10623.465039
-0.320536,6,10623.605625
-0.036431,1,10623.636866
-0.411867,6,10623.761839
-0.651272,8,10623.964917
-0.009858,1,10623.996159
-0.4959,7,10624.167993
-0.855628,9,10624.37107
-0.045516,1,10624.402313
-0.400577,7,10624.605392
-0.82749,8,10624.79285
-1.53171,20,10625.30835
-0.242157,5,10625.433321
-0.405246,6,10625.558292
-0.048864,1,10625.589539
-0.566851,8,10625.776989
-0.682184,7,10625.96445
-0.347502,7,10626.105038
-0.405254,6,10626.230009
-0.353532,5,10626.35498
-0.700562,8,10626.526819
-0.453518,7,10626.698652
-0.881896,9,10626.886109
-0.894126,9,10627.104803
-0.84615,9,10627.323505
-0.448965,7,10627.464094
-0.042797,1,10627.479718
-0.58634,8,10627.667172
-0.049234,1,10627.698417
-0.571878,7,10627.885872
-0.53738,8,10628.073329
-0.538756,7,10628.229539
-0.589203,7,10628.401373
-0.471537,7,10628.557626
-0.463282,6,10628.698178
-1.041439,11,10628.916881
-0.73525,8,10629.135577
-0.036486,1,10629.151199
-0.707097,9,10629.354275
-0.04881,1,10629.369897
-0.541677,7,10629.557353
-0.29977,6,10629.682327
-0.409859,7,10629.838537
-0.665266,8,10630.025994
-0.016841,1,10630.057238
-0.602451,7,10630.838305
-0.500714,7,10630.994515
-0.370212,7,10631.166354
-0.027268,1,10631.197592
-1.008943,9,10631.400669
-0.264506,5,10631.541263
-0.738816,8,10631.713096
-0.528265,7,10631.884934
-0.35638,6,10631.994282
-0.357179,6,10632.134873
-0.034765,1,10632.166115
-0.266794,5,10632.291089
-0.354878,6,10632.416055
-0.26177,5,10632.525406
-0.510014,7,10632.681619
-0.036272,1,10632.712863
-1.26377,11,10632.962802
-0.551548,7,10633.119016
-0.368309,6,10633.25964
-0.737583,9,10633.478306
-0.021738,1,10633.493929
-0.518051,7,10633.665764
-0.493491,7,10633.806359
-0.846005,11,10634.087539
-0.011439,1,10634.118782
-0.690532,8,10634.321862
-0.33294,6,10634.446829
-0.041694,1,10634.478071
-0.036875,1,10634.493696
-0.40973,6,10634.649909
-7.995545,50,10635.790265
-0.246555,5,10635.930857
-0.579515,7,10636.087069
-9.069086,50,10637.243047
-0.441281,9,10637.492988
-0.876675,10,10637.742931
-1.726039,22,10638.274059
-0.2424,5,10638.383405
-0.457138,6,10638.508376
-0.838462,9,10638.727078
-0.915557,11,10638.961397
-3.084692,50,10640.101753
-0.269838,5,10640.226722
-0.856767,9,10640.445427
-0.033005,1,10640.461048
-0.578465,8,10640.664119
-0.013908,1,10640.67974
-0.020387,1,10640.710987
-0.634081,8,10640.92968
-0.031356,1,10640.945304
-0.379673,6,10641.070276
-0.742562,8,10641.257731
-0.577033,8,10641.46081
-0.730504,8,10641.648263
-0.272004,5,10641.773235
-0.575933,7,10641.945072
-0.752111,9,10642.132524
-1.238228,15,10642.523061
-1.13359,10,10642.741773
-1.455579,26,10643.350987
-0.256043,5,10643.444715
-0.907157,11,10643.725903
-0.300981,6,10643.882117
-0.905251,9,10644.100811
-0.4142,6,10644.241403
-0.038712,1,10644.257025
-0.826884,9,10644.444481
-0.541639,8,10644.63194
-0.679406,9,10644.835017
-1.862275,22,10645.366142
-0.621818,7,10645.537975
-0.322274,6,10645.678571
-0.361057,6,10645.819159
-1.129356,11,10646.053478
-0.585772,8,10646.27218
-1.126916,11,10646.537743
-0.794299,9,10646.740816
-0.029775,1,10646.756439
-0.827472,9,10646.943894
-0.346213,6,10647.084488
-0.027906,1,10647.11573
-0.305051,6,10647.256321
-0.277692,5,10647.36567
-1.625657,22,10647.865552
-0.04849,1,10647.896795
-0.402473,7,10648.037391
-1.238747,15,10648.349818
-0.041415,1,10648.381056
-0.788782,9,10648.584138
-0.678231,8,10648.802832
-1.027004,10,10649.037155
-1.023476,10,10649.255856
-0.644169,8,10649.427689
-0.767981,9,10649.662005
-0.736806,8,10649.865083
-0.891661,10,10650.115023
-0.517145,8,10650.286863
-0.04975,1,10650.318101
-0.019209,1,10650.333724
-0.523718,7,10650.521179
-0.668576,8,10650.708679
-0.775831,9,10650.896092
-1.279119,15,10651.23976
-0.34147,6,10651.380356
-0.009306,1,10651.411598
-0.302883,5,10651.520948
-0.041244,1,10651.536567
-0.04701,1,10651.567807
-0.645706,8,10651.786506
-9.860617,50,10653.051836
-0.040727,1,10653.067459
-0.040237,1,10653.098698
-0.588449,7,10653.270535
-0.624885,8,10653.442373
-0.550348,7,10653.614202
-0.015355,1,10653.645448
-0.028088,1,10653.661069
-0.777232,9,10653.864143
-0.58358,7,10654.035981
-0.561752,8,10654.239055
-0.379468,7,10654.426511
-0.469607,7,10654.567105
-0.410282,6,10654.707695
-0.66205,8,10654.895157
-0.413155,7,10655.051366
-0.40774,6,10655.176338
-0.27382,5,10655.301306
-0.910258,10,10655.566868
-0.234076,5,10655.676219
-0.575687,8,10655.863675
-1.192731,12,10656.144859
-0.792654,9,10656.363558
-0.440447,7,10656.504148
-0.001293,1,10656.51977
-3.848608,50,10657.76948
-0.745185,8,10657.956932
-0.463548,7,10658.113148
-0.906762,10,10658.331848
-0.038895,1,10658.363092
-0.032673,1,10658.394329
-0.415146,6,10658.534921
-0.527199,8,10658.706756
-0.245339,5,10658.831729
-0.353747,6,10658.972322
-0.470553,7,10659.128539
-0.006532,1,10659.159776
-0.260376,5,10659.284756
-0.329048,6,10659.425344
-0.487823,6,10659.565929
-0.380687,6,10659.706521
-0.670885,9,10659.909599
-0.021989,1,10659.956462
-0.902577,10,10660.190783
-0.532152,7,10660.346996
-0.43151,7,10660.518831
-0.835641,12,10660.800014
-0.581658,7,10660.940609
-0.515747,7,10661.12806
-0.529506,7,10661.268655
-0.576684,8,10661.456112
-0.029337,1,10661.487355
-0.028135,1,10661.518595
-0.540155,8,10661.690433
-0.362799,6,10661.815402
-5.401148,50,10663.002622
-0.488348,7,10663.158836
-0.628338,8,10663.346289
-0.36116,6,10663.471262
-1.008876,11,10663.752448
-0.786869,9,10663.971148
-0.735045,8,10664.158605
-0.232159,5,10664.283575
-0.04594,1,10664.299197
-0.97481,10,10664.517891
-0.564988,7,10664.674106
-0.477737,7,10664.845941
-0.490576,7,10664.98653
-0.686508,8,10665.22085
-0.492269,8,10665.377069
-0.638792,8,10665.580144
-0.70712,8,10665.751975
-4.298366,50,10666.939202
-0.531939,7,10667.095411
-1.056674,9,10667.32973
-0.373471,6,10667.470326
-0.344601,5,10667.579677
-0.757832,8,10667.782749
-2.318253,26,10668.407604
-0.402148,6,10668.532577
-0.428521,6,10668.657546
-0.845461,9,10668.891864
-1.462159,19,10669.391746
-0.628623,8,10669.579205
-1.004814,10,10669.829147
-0.045579,1,10669.860389
-0.49958,6,10670.016603
-0.838423,10,10670.2353
-0.4516,7,10670.407135
-0.029773,1,10670.438377
-0.043875,1,10670.469619
-0.748551,8,10670.657074
-0.452962,7,10670.79767
-0.482712,7,10670.985125
-0.51562,7,10671.141336
-0.046732,1,10671.172578
-0.008971,1,10671.188199
-0.693037,8,10671.360034
-0.33823,6,10671.516248
-0.605204,7,10671.672462
-0.048959,1,10671.703703
-0.474635,7,10671.859919
-1.482476,19,10672.297315
-0.750174,8,10672.484775
-0.367958,6,10672.640983
-0.601588,7,10672.828439
-0.040009,1,10672.859685
-0.440274,6,10673.000276
-0.368034,6,10673.156487
-0.683875,8,10673.343944
-0.438096,8,10673.531402
-0.462024,7,10673.687612
-0.811083,9,10673.906312
-0.292038,6,10674.031286
-0.7703,9,10674.234365
-1.3792,15,10674.640522
-0.703676,8,10674.874834
-1.240302,12,10675.14043
-0.029316,1,10675.171644
-0.389341,6,10675.327852
-0.305602,5,10675.437203
-4.168581,50,10676.655665
-0.289366,5,10676.796257
-0.945744,9,10676.983714
-0.013349,1,10677.01496
-3.348981,50,10678.249041
-0.589839,8,10678.483361
-0.326686,6,10678.608331
-0.396774,6,10678.748923
-0.035707,1,10678.795788
-0.474891,7,10678.952005
-3.943705,50,10680.092357
-1.014014,10,10680.357926
-0.038917,1,10680.373548
-0.009353,1,10680.404799
-0.0416,1,10680.436028
-3.14153,50,10681.607628
-0.875283,8,10681.779467
-0.40731,6,10681.9513
-0.611267,8,10682.123131
-0.45932,7,10682.279345
-0.650442,8,10682.48242
-0.328066,5,10682.60743
-0.271405,5,10682.716748
-0.448938,7,10682.888581
-0.484811,8,10683.091693
-0.464254,7,10683.310354
-0.605469,8,10683.482188
-0.439424,7,10683.669681
-0.670824,7,10683.825858
-0.273562,5,10683.95083
-0.434744,6,10684.075804
-0.49307,7,10684.216392
-0.025569,1,10684.232016
-0.267156,5,10684.356984
-2.002683,25,10684.903732
-0.02634,1,10684.919353
-0.338897,6,10685.059941
-2.777878,50,10686.200299
-1.051248,11,10686.465864
-0.029715,1,10686.481489
-0.038777,1,10686.512724
-0.641647,7,10686.684565
-0.425184,6,10686.825155
-0.250722,5,10686.918885
-0.267056,5,10687.028229
-0.539579,7,10687.184448
-0.719914,8,10687.387521
-0.63866,8,10687.590597
-0.008693,1,10687.606219
-0.508356,7,10687.778053
-0.638913,8,10687.949892
-0.788093,9,10688.137347
-0.036222,1,10688.152964
-0.352815,6,10688.309178
-0.745955,9,10688.496634
-0.275428,5,10688.605983
-0.358452,6,10688.730959
-0.565316,8,10688.918413
-5.275896,50,10690.090015
-1.625382,19,10690.52741
-3.873607,50,10691.683428
-0.246064,5,10691.823981
-0.811391,9,10692.042676
-0.836105,9,10692.245753
-0.264949,5,10692.339484
-0.35621,6,10692.480073
-4.603426,50,10693.620431
-0.048524,1,10693.651673
-0.555207,7,10693.807924
-0.865326,9,10694.010966
-0.624584,7,10694.151559
-0.014453,1,10694.182802
-0.401674,7,10694.339015
-0.520297,7,10694.510846
-0.884298,11,10694.760793
-0.202267,4,10694.854515
-0.45078,7,10694.995112
-0.324858,5,10695.104457
-0.361749,6,10695.245048
-0.030125,1,10695.260672
-0.440386,6,10695.401266
-0.323844,6,10695.541853
-1.10389,11,10695.776178
-0.252416,5,10695.885528
-0.399929,6,10696.057359
-0.811239,8,10696.244813
-0.271599,5,10696.369785
-0.393425,6,10696.494755
-0.044445,1,10696.525998
-0.0184,1,10696.55724
-0.608044,7,10696.713454
-0.327972,6,10696.869667
-0.526774,7,10697.025884
-0.780638,9,10697.291443
-0.895254,9,10697.478901
-0.449854,7,10697.635113
-0.041443,1,10697.666355
-0.432959,7,10697.822569
-0.50645,7,10697.994403
-0.491683,7,10698.134999
-0.394031,6,10698.259971
-0.56672,7,10698.4318
-0.045078,1,10698.463042
-1.525399,16,10698.869199
-0.719009,11,10699.11914
-0.709838,8,10699.322217
-0.341703,6,10699.46281
-0.555537,8,10699.650264
-0.759305,9,10699.853342
-0.041079,1,10699.884585
-0.762518,8,10700.056423
-0.533371,7,10700.228259
-0.01021,1,10700.243877
-0.909404,10,10700.478195
-0.555395,8,10700.69693
-0.546182,7,10700.86873
-0.880636,10,10701.118672
-1.795003,18,10701.540448
-0.757799,9,10701.712284
-0.04821,1,10701.743522
-0.779302,9,10701.96226
-0.808714,9,10702.212168
-0.256343,5,10702.321512
-0.701771,8,10702.509007
-0.396776,6,10702.680841
-1.586063,21,10703.16507
-0.347165,6,10703.321276
-0.267796,5,10703.430629
-0.342996,6,10703.555601
-0.531502,7,10703.711812
-0.544193,8,10703.883645
-0.508316,7,10704.039857
-0.635534,8,10704.274179
-0.41055,6,10704.446013
-0.037986,1,10704.461634
-0.502528,7,10704.64909
-0.693508,9,10704.89903
-0.394176,6,10705.024006
-0.851793,10,10705.305189
-0.044195,1,10705.320811
-0.437084,7,10705.477021
-0.049835,1,10705.508303
-0.023717,1,10705.523889
-0.876942,9,10705.742583
-0.013057,1,10705.77383
-0.258946,5,10705.883177
-0.901575,9,10706.086257
-0.430464,6,10706.242465
-0.414851,7,10706.398679
-0.851381,9,10706.601758
-0.703351,9,10706.820455
-0.379445,6,10706.945426
-0.951094,10,10707.195407
-0.669378,8,10707.367204
-9.127615,50,10708.491939
-0.53554,7,10708.648152
-0.594011,7,10708.819988
-0.671184,8,10708.991824
-0.678063,8,10709.179276
-0.244251,5,10709.288663
-0.039809,1,10709.319869
-0.696108,9,10709.522948
-0.721701,9,10709.741644
-0.814046,9,10709.944723
-0.646227,8,10710.11656
-0.677695,9,10710.33526
-0.295856,5,10710.444604
-0.513561,7,10710.600821
-0.44232,7,10710.74141
-0.436025,6,10710.882054
-0.589177,8,10711.069457
-0.01368,1,10711.100699
-0.538704,7,10711.241292
-0.009417,1,10711.272541
-0.673198,8,10711.444375
-0.038167,1,10711.475614
-0.027964,1,10711.506854
-0.486088,7,10711.678689
-0.551753,7,10711.834903
-0.02444,1,10711.866144
-0.040989,1,10711.897388
-0.046646,1,10711.928629
-0.403818,6,10712.069221
-0.020268,1,10712.084845
-0.442024,6,10712.225438
-0.79433,9,10712.475377
-0.526165,7,10712.647217
-0.748973,9,10712.834667
-0.598669,8,10713.022128
-0.565155,7,10713.209584
-0.044065,1,10713.225203
-0.594833,7,10713.381413
-0.60288,8,10713.553249
-3.678201,50,10714.756091
-0.023625,1,10714.771713
-0.462519,6,10714.927929
-0.598928,7,10715.068521
-0.470124,7,10715.240356
-0.755727,9,10715.443434
-0.611332,7,10715.599644
-0.534611,7,10715.755856
-0.045189,1,10715.787099
-0.497453,7,10715.958934
-0.049202,1,10715.974556
-0.727601,8,10716.193253
-0.381253,6,10716.349472
-0.74701,8,10716.521302
-0.538519,7,10716.677517
-0.565073,8,10716.864973
-0.673676,8,10717.052427
-0.759303,8,10717.224264
-0.247936,5,10717.349233
-0.587485,8,10717.55231
-0.245971,5,10717.692905
-0.83373,8,10717.86474
-0.505721,7,10718.005328
-0.498563,7,10718.145924
-0.652582,8,10718.34901
-0.467218,6,10718.473972
-0.419098,7,10718.630181
-3.950402,50,10719.833027
-0.43412,6,10720.004858
-0.689503,8,10720.176694
-0.297243,6,10720.348527
-0.021605,1,10720.395392
-0.702387,9,10720.692199
-0.033792,1,10720.723441
-0.423951,7,10720.926522
-0.243612,5,10721.113979
-0.813791,11,10721.379536
-1.542769,19,10721.801314
-0.638079,8,10721.973145
-0.623054,7,10722.129359
-0.705011,8,10722.332439
-0.287412,5,10722.426165
-0.507591,8,10722.613622
-0.581,7,10722.769835
-0.461456,7,10722.957294
-0.026995,1,10722.972915
-0.663414,8,10723.207232
-1.145657,13,10723.504036
-0.835444,9,10723.738359
-0.726352,9,10723.941436
-0.995022,10,10724.144512
-0.389651,6,10724.285106
-0.714993,9,10724.503804
-0.0377,1,10724.535047
-0.631804,8,10724.722503
-0.919289,9,10724.925576
-1.415911,16,10725.284871
-0.046824,1,10725.300494
-0.378429,6,10725.441081
-0.435571,7,10725.597295
-0.439689,7,10725.784751
-1.02131,11,10726.019072
-0.92173,10,10726.237769
-0.552327,7,10726.409605
-0.865776,10,10726.659546
-0.042623,1,10726.675168
-0.650488,8,10726.847003
-0.435216,7,10727.003215
-0.228379,5,10727.143809
-0.356314,6,10727.26878
-0.691064,8,10727.456233
-0.644217,9,10727.659313
-0.723744,8,10727.846771
-0.886101,10,10728.081092
-0.323567,6,10728.237332
-0.848828,9,10728.456002
-0.363618,7,10728.627834
-0.67529,8,10728.830914
-0.661767,8,10729.002749
-0.508438,8,10729.190201
-0.542293,7,10729.362039
-0.668304,8,10729.53387
-0.721153,8,10729.705705
-0.489909,7,10729.861921
-0.046742,1,10729.893163
-0.483465,6,10730.049378
-0.399577,6,10730.174348
-2.408287,28,10730.861689
-0.655965,8,10731.033523
-0.785658,9,10731.252221
-0.042107,1,10731.267839
-0.950549,11,10731.611512
-4.268102,50,10732.76749
-0.027058,1,10732.79873
-0.669869,8,10733.033049
-0.3422,6,10733.17364
-0.630777,8,10733.376721
-0.319685,6,10733.51731
-0.585219,8,10733.75163
-0.046991,1,10733.767255
-0.015697,1,10733.798505
-0.60729,7,10733.954707
-0.028303,1,10733.970329
-0.589476,8,10734.17341
-0.305206,6,10734.34524
-0.027332,1,10734.360861
-0.829173,10,10734.579564
-0.02088,1,10734.595186
-0.236298,5,10734.735779
-0.590872,8,10734.923231
-0.708402,8,10735.126305
-0.5572,7,10735.298144
-0.355787,6,10735.454356
-0.04444,1,10735.485598
-0.659664,8,10735.657436
-0.27091,5,10735.782402
-0.82687,9,10736.016725
-0.253416,5,10736.141695
-0.049277,1,10736.157317
-0.344815,6,10736.329154
-0.047638,1,10736.344769
-0.019316,1,10736.376017
-0.623713,8,10736.563469
-0.776134,8,10736.719684
-0.636914,8,10736.938381
-0.715488,10,10737.157083
-0.878135,10,10737.407021
-0.476368,7,10737.563238
-0.290147,6,10737.703827
-0.335645,6,10737.844421
-0.018277,1,10737.860043
-0.442895,7,10738.016256
-0.792286,9,10738.21933
-1.627685,21,10738.766076
-1.731157,22,10739.297203
-0.004802,1,10739.328445
-0.038079,1,10739.344071
-0.630611,7,10739.500279
-0.561677,7,10739.656528
-0.317001,6,10739.797084
-0.819459,9,10739.984541
-1.063103,11,10740.21886
-0.397502,6,10740.343831
-0.372159,6,10740.453183
-0.284208,5,10740.578153
-0.537652,7,10740.734369
-0.765889,9,10740.953066
-0.009423,1,10740.984306
-0.376371,6,10741.124898
-0.461786,6,10741.24987
-0.281205,5,10741.374843
-0.038039,1,10741.39046
-0.677627,8,10741.609159
-0.040121,1,10741.62478
-0.53513,7,10741.79662
-0.268665,5,10741.905964
-0.67511,8,10742.093421
-0.507929,8,10742.249635
-0.625182,8,10742.42147
-0.247647,5,10742.546438
-0.03755,1,10742.577681
-0.639819,8,10742.749516
-0.246433,5,10742.87449
-0.373919,6,10742.999458
-0.022814,1,10743.030703
-0.588361,7,10743.186913
-0.039752,1,10743.218156
-0.674623,8,10743.389994
-0.046388,1,10743.421235
-0.724115,10,10743.671174
-0.691704,8,10743.858633
-3.036492,30,10744.530352
-0.047155,1,10744.561589
-0.528694,7,10744.717807
-0.014582,1,10744.733429
-0.233129,5,10744.874018
-0.507294,7,10745.045856
-0.747098,9,10745.233308
-0.023154,1,10745.248935
-0.511714,7,10745.405147
-0.544217,7,10745.592637
-0.549183,7,10745.733194
-0.613138,8,10745.905025
-0.047624,1,10745.936268
-0.569074,8,10746.139362
-0.77479,10,10746.404911
-0.912485,10,10746.670472
-0.580548,7,10746.826685
-0.409585,6,10746.982899
-1.013923,11,10747.217218
-0.024747,1,10747.232839
-0.899919,9,10747.435947
-0.777008,9,10747.701479
-0.667385,8,10747.904556
-0.571198,7,10748.092012
-0.782194,9,10748.27947
-0.703847,9,10748.482548
-0.669868,8,10748.701246
-0.583526,7,10748.857457
-0.026862,1,10748.873077
-0.356302,6,10749.044913
-0.337082,6,10749.201126
-0.34822,6,10749.326099
-1.629511,20,10749.763498
-0.517999,7,10749.935334
-0.43471,7,10750.091542
-0.045567,1,10750.122784
-0.359833,7,10750.294619
-0.5088,7,10750.450835
-0.76762,10,10750.653912
-0.451882,7,10750.825746
-0.494377,7,10750.981958
-0.04437,1,10751.013201
-0.517858,7,10751.169413
-0.50616,7,10751.32563
-0.920578,9,10751.513088
-0.595088,8,10751.731785
-0.600467,8,10751.91924
-0.368036,6,10752.044211
-0.395841,6,10752.200421
-0.392275,6,10752.356639
-0.03647,1,10752.387877
-0.52723,7,10752.559713
-0.45641,6,10752.684684
-0.494884,7,10752.85652
-0.55209,7,10753.012731
-0.049794,1,10753.043973
-0.03358,1,10753.075216
-0.553801,7,10753.262678
-0.625945,7,10753.418889
-1.906698,18,10753.840662
-0.043114,1,10753.871904
-0.919557,11,10754.121846
-0.042052,1,10754.137472
-0.727406,9,10754.324923
-4.177667,50,10755.543387
-0.01564,1,10755.590251
-0.58219,7,10755.730842
-0.288246,5,10755.840194
-0.347701,7,10755.980787
-0.524275,7,10756.152622
-0.255382,5,10756.277622
-0.036574,1,10756.308835
-0.040532,1,10756.324457
-0.78045,8,10756.543154
-0.585435,8,10756.699365
-0.600063,8,10756.886821
-0.862108,9,10757.089897
-0.890756,10,10757.339839
-0.038944,1,10757.355467
-1.014637,11,10757.636648
-0.045721,1,10757.65227
-0.552902,8,10757.855343
-0.025741,1,10757.870964
-0.021587,1,10757.90221
-0.468325,7,10758.058422
-0.822912,8,10758.230256
-0.493112,7,10758.417749
-0.530303,7,10758.589578
-0.586025,8,10758.761382
-0.84598,10,10759.011322
-0.048117,1,10759.042565
-1.422709,14,10759.370612
-1.190931,15,10759.698662
-0.030675,1,10759.745524
-0.338964,6,10759.854877
-0.354727,6,10760.011094
-0.536505,7,10760.151687
-0.035656,1,10760.18292
-0.041393,1,10760.198547
-0.253674,5,10760.307896
-0.269045,5,10760.401623
-0.39156,6,10760.557833
-0.590081,8,10760.776536
-0.045519,1,10760.807775
-0.386111,7,10760.979611
-0.55784,8,10761.167069
-0.639279,8,10761.3389
-0.038257,1,10761.354521
-0.025424,1,10761.385762
-0.023364,1,10761.417015
-0.610321,7,10761.557599
-0.313104,6,10761.682573
-1.002939,10,10761.901272
-0.547157,7,10762.088727
-0.323813,6,10762.229322
-0.381749,6,10762.354286
-1.046133,10,10762.557364
-0.513913,7,10762.760479
-0.443311,6,10762.901037
-0.450903,7,10763.072873
-0.266362,5,10763.197838
-0.041203,1,10763.213461
-0.542398,8,10763.400919
-0.779417,10,10763.666476
-0.392897,6,10763.807074
-0.359141,6,10763.947662
-0.043256,1,10763.978905
-0.507445,6,10764.119497
-0.406582,7,10764.275718
-0.621393,8,10764.46317
-0.795477,9,10764.650627
-0.331697,6,10764.806836
-0.021412,1,10764.83808
-0.363353,6,10764.978671
-1.163496,13,10765.259858
-0.621926,8,10765.431693
-0.683387,8,10765.619151
-0.765715,9,10765.853466
-0.644897,8,10766.040921
-0.278366,5,10766.15027
-0.013357,1,10766.165892
-0.568824,8,10766.384632
-0.438384,6,10766.509564
-0.558501,7,10766.665774
-0.041918,1,10766.681395
-0.041846,1,10766.71264
-0.747568,9,10766.931339
-1.319515,17,10767.30626
-0.483814,7,10767.524948
-0.337675,5,10767.6343
-0.688521,8,10767.806132
-0.305375,6,10767.946727
-0.533085,7,10768.118561
-0.36187,6,10768.274771
-0.505407,7,10768.49347
-0.252723,5,10768.602822
-0.439877,6,10768.759033
-0.419927,7,10768.962114
-0.421432,6,10769.087081
-0.338905,6,10769.212054
-0.336911,6,10769.352644
-0.803069,10,10769.618205
-0.286736,6,10769.758801
-0.546665,7,10769.915012
-0.380827,6,10770.039982
-0.549222,7,10770.227441
-0.044927,1,10770.243058
-0.01086,1,10770.274301
-0.027233,1,10770.305547
-0.792889,8,10770.50862
-0.669076,8,10770.664838
-0.535,7,10770.836669
-0.441607,7,10770.977262
-0.50689,7,10771.180341
-0.254016,5,10771.289692
-0.779417,9,10771.492769
-0.409157,6,10771.648978
-0.581722,7,10771.805195
-0.474169,7,10771.961421
-0.322766,6,10772.117658
-0.879896,9,10772.367601
-0.427647,6,10772.508151
-0.70162,8,10772.695608
-1.933206,25,10773.30484
-0.622052,7,10773.461054
-0.93894,11,10773.757859
-0.687606,7,10773.929694
-0.808202,9,10774.11715
-0.472174,7,10774.288988
-0.42384,6,10774.445212
-0.813407,9,10774.663895
-0.356487,6,10774.788869
-0.645987,8,10774.976321
-0.661727,9,10775.210673
-0.59796,7,10775.366858
-0.047473,1,10775.398097
-0.246795,5,10775.507451
-0.757973,9,10775.726146
-0.048073,1,10775.75739
-0.567523,7,10775.913605
-0.248956,5,10776.038576
-0.358111,6,10776.210407
-0.381247,6,10776.350998
-0.392795,6,10776.475974
-0.584963,7,10776.63219
-0.289164,5,10776.757154
-0.517052,7,10776.913367
-0.451035,7,10777.085206
-0.926749,10,10777.335145
-0.365916,6,10777.460118
-0.746808,8,10777.64757
-0.797247,10,10777.866274
-0.277256,5,10777.975618
-0.327685,6,10778.100589
-0.721849,8,10778.288044
-1.521876,14,10778.631714
-0.51198,7,10778.80355
-0.573311,7,10778.975384
-0.481345,7,10779.131601
-0.046878,1,10779.147218
-0.655425,8,10779.365916
-0.536893,7,10779.553373
-0.042622,1,10779.568995
-0.466766,7,10779.725211
-0.033843,1,10779.75645
-0.573475,7,10779.912667
-0.619761,7,10780.068875
-0.641512,9,10780.271956
-0.658458,7,10780.412546
-0.047067,1,10780.459409
-0.835163,9,10780.678109
-0.67691,9,10780.881188
-0.049765,1,10780.896811
-0.96815,10,10781.131126
-0.327612,6,10781.302961
-0.610845,7,10781.459174
-0.624032,8,10781.631011
-0.631073,7,10781.787224
-0.297599,6,10781.943437
-0.367706,6,10782.068412
-0.036399,1,10782.084028
-0.037801,1,10782.115273
-0.015878,1,10782.146514
-0.636216,8,10782.333973
-0.570795,7,10782.490182
-0.688323,8,10782.693259
-0.63008,8,10782.865096
-0.006999,1,10782.880717
-3.805997,50,10784.00545
-0.457573,6,10784.161665
-1.583683,17,10784.536577
-0.628479,8,10784.708413
-0.424261,7,10784.849004
-0.01137,1,10784.880278
-3.629576,50,10786.020603
-0.686519,8,10786.192439
-0.040331,1,10786.223684
-0.026401,1,10786.254927
-0.796713,9,10786.458004
-0.015461,1,10786.489243
-0.589791,8,10786.64546
-0.284804,5,10786.770427
-0.271571,5,10786.895398
-0.044625,1,10786.92664
-0.389052,6,10787.082854
-0.784097,9,10787.301552
-0.031268,1,10787.332834
-0.803089,9,10787.535877
-0.432627,7,10787.707745
-0.015394,1,10787.738952
-0.276838,5,10787.863924
-0.624256,8,10788.051376
-0.202923,4,10788.145105
-0.603279,8,10788.332559
-0.021042,1,10788.363804
-0.583536,7,10788.520016
-0.332356,6,10788.64499
-0.380562,6,10788.801199
-3.759669,50,10789.925935
-1.776042,19,10790.347745
-0.837123,9,10790.55079
-0.661566,8,10790.785111
-0.576149,7,10790.941322
-0.855152,10,10791.206884
-0.891425,10,10791.534931
-0.575994,7,10791.753631
-0.0167,1,10791.784873
-0.024437,1,10791.816117
-0.443647,7,10792.050438
-0.708608,8,10792.331621
-0.03626,1,10792.362864
-0.442346,7,10792.519076
-0.266517,5,10792.644052
-0.522177,7,10792.800266
-0.952414,12,10793.097069
-0.934222,10,10793.331389
-2.080776,22,10793.831291
-0.454425,7,10794.003108
-0.510132,7,10794.159317
-0.964906,10,10794.409259
-0.278574,6,10794.549858
-1.008833,11,10794.799794
-0.02452,1,10794.831037
-0.04716,1,10794.846659
-0.458164,7,10794.987247
-0.027456,1,10795.018489
-0.985444,9,10795.237189
-3.8219,50,10796.408787
-0.635504,8,10796.596244
-0.038829,1,10796.627487
-5.096443,50,10797.736602
-0.74888,8,10797.924057
-0.975201,11,10798.158377
-8.848154,50,10799.283113
-0.738694,8,10799.454947
-0.584946,7,10799.611165
-0.550027,8,10799.81424
-0.606656,8,10800.017317
-0.833559,9,10800.220392
-0.624745,7,10800.392232
-0.535642,7,10800.54844
-0.629813,8,10800.767139
-3.771558,50,10801.9075
-0.447032,6,10802.063707
-0.012893,1,10802.079329
-0.025993,1,10802.126195
-0.861372,9,10802.360518
-0.886536,10,10802.594835
-0.042303,1,10802.610458
-0.986889,10,10802.860398
-0.278976,5,10802.985372
-0.591564,8,10803.172824
-0.585209,7,10803.329038
-0.016699,1,10803.375904
-0.682952,7,10803.547778
-0.384172,7,10803.703953
-4.519687,50,10804.922415
-0.932924,10,10805.141117
-0.452042,6,10805.281704
-0.260832,5,10805.391057
-0.484817,7,10805.531651
-0.621875,8,10805.734723
-0.622719,8,10805.922179
-0.030928,1,10805.953422
-0.471195,7,10806.125256
-0.584189,7,10806.297092
-0.443675,7,10806.468926
-0.046195,1,10806.500168
-0.246184,5,10806.593896
-0.045957,1,10806.625137
-0.020503,1,10806.65638
-0.382527,6,10806.781358
-0.801077,9,10806.968808
-0.829383,9,10807.171886
-0.035098,1,10807.187507
-0.448803,6,10807.328098
-0.530771,7,10807.499935
-1.126156,10,10807.734253
-0.385159,6,10807.874848
-0.042312,1,10807.890471
-0.299881,6,10808.031057
-0.293752,5,10808.171652
-0.564466,7,10808.327865
-0.780559,9,10808.546562
-0.351964,6,10808.687155
-2.181769,28,10809.327633
-0.716129,8,10809.515084
-0.672928,8,10809.702542
-0.273316,5,10809.827514
-0.013506,1,10809.858755
-0.791189,9,10810.077456
-1.071469,12,10810.374259
-0.772593,9,10810.592956
-0.033902,1,10810.624205
-0.788408,9,10810.827277
-0.412396,6,10810.967872
-0.60306,8,10811.139707
-0.030027,1,10811.170946
-0.039066,1,10811.202191
-0.370507,6,10811.34278
-0.397667,6,10811.483373
-0.792011,8,10811.670832
-0.989974,10,10811.889528
-0.469329,6,10812.045741
-0.286305,5,10812.155095
-0.521829,7,10812.311308
-1.292743,12,10812.592487
-0.644514,9,10812.779943
-0.617372,8,10812.95178
-0.502812,7,10813.107997
-0.696828,8,10813.311068
-0.320481,6,10813.451661
-0.749002,9,10813.654737
-0.575908,8,10813.857818
-0.035987,1,10813.873441
-0.562206,7,10814.029654
-0.562159,8,10814.217106
-0.55047,7,10814.373321
-0.734517,8,10814.545158
-0.621284,8,10814.732614
-0.664966,8,10814.93569
-0.044573,1,10814.966929
-0.890687,9,10815.185645
-0.355882,7,10815.341842
-0.699336,8,10815.513679
-0.048941,1,10815.544919
-0.770705,9,10815.76362
-0.326279,6,10815.888598
-0.03278,1,10815.919833
-0.032362,1,10815.966694
-0.512924,8,10816.138529
-0.501959,7,10816.294743
-0.606959,8,10816.482202
-0.047018,1,10816.513443
-0.387699,7,10816.669658
-0.913474,13,10816.96646
-0.857719,9,10817.153915
-0.400245,6,10817.325753
-0.338254,7,10817.466342
-0.046095,1,10817.481967
-0.844905,10,10817.747526
-0.549141,8,10817.950604
-0.506868,7,10818.106816
-0.733059,9,10818.294277
-0.580369,7,10818.450487
-0.365935,6,10818.6067
-0.472965,7,10818.747295
-0.612399,8,10818.950367
-3.256379,34,10819.76268
-0.418154,7,10819.934512
-0.23673,5,10820.043871
-1.16652,11,10820.293803
-0.884959,10,10820.496881
-0.522099,7,10820.699957
-0.45246,7,10820.85617
-0.631169,7,10820.996767
-3.950082,50,10822.387065
-0.964,11,10822.668245
-0.769207,8,10822.855701
-0.484957,7,10823.011915
-0.524547,7,10823.168127
-0.038514,1,10823.214992
-0.567092,8,10823.402447
-0.61179,7,10823.574283
-0.279125,5,10823.683632
-1.430572,16,10824.058544
-1.109747,12,10824.33973
-3.87257,50,10825.495713
-0.375892,6,10825.636298
-0.708504,9,10825.870618
-0.513163,7,10826.058074
-0.049911,1,10826.0737
-0.396127,6,10826.22991
-0.497675,7,10826.401747
-1.042366,10,10826.636069
-0.614024,7,10826.776659
-0.691441,8,10826.964115
-0.657147,8,10827.167188
-0.38414,6,10827.323402
-0.496777,6,10827.47965
-0.041764,1,10827.510861
-0.011084,1,10827.542106
-5.120844,50,10828.619974
-0.565571,8,10828.838672
-0.572643,8,10829.057369
-0.786443,9,10829.291694
-0.037264,1,10829.322939
-0.020645,1,10829.338555
-0.613874,7,10829.526012
-0.028563,1,10829.572874
-0.398373,8,10829.72909
-0.315444,6,10829.885305
-0.043153,1,10829.900925
-0.442256,7,10830.088379
-0.910139,11,10830.35394
-0.487243,7,10830.510159
-0.393434,7,10830.681989
-0.043819,1,10830.713272
-0.046264,1,10830.744474
-0.569697,8,10830.916309
-1.043522,10,10831.135009
-0.94271,9,10831.369328
-0.434336,6,10831.509919
-8.778862,50,10832.744006
-0.253555,5,10832.853353
-0.047135,1,10832.884599
-0.392755,6,10833.025191
-1.149261,11,10833.259514
-0.827472,9,10833.493831
-0.808523,8,10833.68129
-0.45195,6,10833.821876
-0.275991,5,10833.931231
-0.521591,7,10834.10306
-0.030458,1,10834.134302
-0.438595,6,10834.259278
-0.276494,5,10834.368623
-0.319036,6,10834.509218
-0.291136,5,10834.634186
-0.024538,1,10834.649806
-1.497571,15,10834.993477
-0.032523,1,10835.009101
-0.573681,7,10835.165313
-0.868804,10,10835.384014
-0.778681,9,10835.602707
-0.396301,6,10835.758923
-0.476285,7,10835.930761
-0.350842,6,10836.11825
-0.666092,8,10836.290044
-0.037178,1,10836.321296
-0.599585,7,10836.477508
-0.834555,9,10836.664959
-0.314728,6,10836.789933
-0.851895,10,10837.039873
-0.537026,7,10837.19609
-0.382875,6,10837.336675
-0.669984,8,10837.508516
-0.019314,1,10837.539756
-0.034917,1,10837.555377
-0.684885,8,10837.74283
-0.659675,8,10837.914663
-0.039499,1,10837.94591
-0.630383,8,10838.148985
-0.422401,7,10838.28958
-0.24982,5,10838.398925
-0.504199,7,10838.555145
-0.412355,6,10838.695731
-1.553959,16,10839.055027
-0.033734,1,10839.086268
-0.021683,1,10839.117507
-0.047511,1,10839.148754
-0.404462,6,10839.289378
-0.466786,7,10839.429937
-0.585358,7,10839.601779
-0.292684,5,10839.711118
-0.836433,10,10839.961058
-0.90082,9,10840.179758
-0.268037,5,10840.273486
-3.000871,34,10841.163934
-0.995631,9,10841.366982
-0.046889,1,10841.382605
-0.208746,4,10841.460723
-0.903209,10,10841.69503
-0.023051,1,10841.710652
-0.940751,10,10841.960592
-0.45128,7,10842.116805
-0.63057,7,10842.28864
-0.310924,5,10842.397986
-0.049098,1,10842.429227
-0.99296,9,10842.663549
-0.634392,7,10842.835383
-0.049302,1,10842.851006
-0.578794,8,10843.022845
-0.630373,7,10843.179091
-0.329468,6,10843.366511
-0.908216,10,10843.600832
-0.029454,1,10843.616454
-0.849092,10,10843.850793
-0.740824,9,10844.116333
-0.793673,8,10844.288167
-0.730871,8,10844.491247
-0.010927,1,10844.506866
-0.988209,11,10844.788058
-0.728717,8,10844.975507
-0.577745,8,10845.162966
-0.048359,1,10845.194208
-0.359689,6,10845.334797
-0.629827,8,10845.506637
-0.778402,9,10845.740951
-0.314292,6,10845.850314
-3.848507,50,10847.006278
-0.243029,5,10847.100009
-0.549867,7,10847.287464
-0.678824,9,10847.506163
-0.690078,8,10847.678002
-1.348749,14,10848.021704
-0.475165,7,10848.162259
-0.534049,7,10848.318472
-0.019818,1,10848.349713
-0.360335,6,10848.490311
-0.905389,9,10848.677763
-0.413056,6,10848.802733
-0.563119,8,10848.990188
-0.37842,6,10849.130783
-0.807513,9,10849.318238
-0.622481,8,10849.50571
-0.829196,9,10849.708769
-1.18009,12,10849.974335
-0.689275,8,10850.146167
-0.667219,8,10850.364869
-0.415332,6,10850.505461
-0.437543,6,10850.630429
-0.511112,7,10850.802264
-1.454424,14,10851.099074
-0.045648,1,10851.130314
-0.733452,9,10851.349011
-0.009707,1,10851.364634
-0.35368,6,10851.505222
-0.044607,1,10851.53648
-0.627205,8,10851.708299
-0.025188,1,10851.739545
-0.349105,7,10851.895757
-0.03608,1,10851.927
-0.030579,1,10851.958241
-0.030187,1,10851.973862
-0.603032,7,10852.161322
-0.561801,7,10852.333156
-0.025131,1,10852.364398
-0.657688,8,10852.551851
-0.309562,6,10852.692446
-0.030033,1,10852.723686
-0.261239,5,10852.833035
-0.304756,5,10852.942389
-0.450667,6,10853.067355
-0.436736,6,10853.22357
-0.033915,1,10853.239193
-0.008127,1,10853.270442
-0.363577,6,10853.379783
-0.766825,8,10853.567242
-0.035109,1,10853.598481
-0.720675,9,10853.801562
-0.655913,7,10853.973395
-0.571408,8,10854.176471
-0.014612,1,10854.192092
-0.038463,1,10854.207714
-0.652545,8,10854.395168
-0.280388,5,10854.520139
-0.409647,7,10854.660735
-0.039565,1,10854.691977
-0.510514,7,10854.832569
-0.344127,6,10854.988778
-0.782888,8,10855.160616
-0.446642,7,10855.332448
-0.62244,8,10855.535528
-0.833527,10,10855.769849
-0.47186,7,10855.941683
-0.048218,1,10855.957304
-0.043777,1,10855.972924
-0.642808,8,10856.176001
-0.378623,7,10856.316596
-0.610787,8,10856.51967
-0.413181,6,10856.660265
-0.048823,1,10856.691509
-0.38742,6,10856.832097
-3.712681,50,10857.972453
-0.631975,7,10858.159909
-0.776214,9,10858.362988
-0.264537,5,10858.487957
-0.674057,8,10858.675415
-0.808238,8,10858.894112
-0.425606,6,10859.050325
-0.02919,1,10859.065947
-0.032465,1,10859.081569
-0.426826,6,10859.22216
-0.546471,7,10859.378374
-0.48358,7,10859.550211
-0.426986,6,10859.675182
-0.031474,1,10859.690803
-0.345002,6,10859.847013
-2.408025,33,10860.612461
-0.716632,8,10860.815535
-0.626634,7,10860.956127
-0.020884,1,10860.98737
-0.59283,8,10861.190448
-0.430876,7,10861.346663
-0.472592,7,10861.534117
-0.78102,9,10861.75282
-0.470184,7,10861.909033
-0.503998,7,10862.080867
-0.359392,6,10862.221459
-0.374083,6,10862.39329
-0.032621,1,10862.408911
-0.670474,8,10862.580749
-0.687333,8,10862.752585
-0.038082,1,10862.783828
-0.506695,7,10862.940037
-0.707306,8,10863.127493
-0.030891,1,10863.158771
-0.657236,8,10863.330575
-0.613002,8,10863.502403
-0.658399,8,10863.674239
-0.664903,8,10863.846075
-0.285596,5,10863.971048
-0.496649,6,10864.111636
-0.688699,9,10864.299095
-0.730135,8,10864.486586
-0.364163,6,10864.642762
-0.420789,7,10864.830216
-0.560538,8,10865.002052
-0.42562,6,10865.127024
-0.571376,8,10865.330101
-1.652179,21,10865.814369
-0.352274,7,10865.986201
-0.326541,6,10866.111167
-0.701406,8,10866.329868
-0.710418,9,10866.517322
-0.421699,6,10866.657914
-0.436593,6,10866.814127
-0.662059,8,10867.001585
-0.557149,8,10867.845135
-0.021352,1,10867.86076
-0.307455,6,10867.985726
-0.359571,6,10868.141943
-0.345475,6,10868.282535
-0.658726,8,10868.469988
-0.025687,1,10868.485611
-0.687395,8,10868.673066
-0.04997,1,10868.704308
-0.735248,9,10868.923006
-0.791986,10,10869.141705
-0.544861,7,10869.313539
-0.027327,1,10869.32916
-0.546002,8,10869.500999
-0.024602,1,10869.516619
-0.498798,7,10869.688451
-0.396903,6,10869.829043
-4.081477,50,10870.985023
-0.54851,8,10871.203723
-0.043288,1,10871.250586
-0.612279,7,10871.406799
-0.318744,6,10871.531773
-0.422589,6,10871.672363
-0.509544,7,10871.844196
-0.42794,6,10872.016031
-0.440367,7,10872.172247
-0.012551,1,10872.20349
-0.730059,8,10872.390943
-0.326592,6,10872.515916
-0.03795,1,10872.547158
-0.998946,10,10872.781479
-0.452742,8,10872.968935
-0.568116,8,10873.172011
-0.548871,7,10873.328226
-1.105906,14,10873.640648
-0.708878,8,10873.843725
-0.717976,9,10874.062424
-0.642917,8,10874.234269
-0.030704,1,10874.249883
-0.042848,1,10874.296744
-0.353892,6,10874.437337
-0.03017,1,10874.452957
-0.258947,5,10874.562306
-0.040546,1,10874.59355
-0.484286,7,10874.765386
-0.031041,1,10874.781008
-0.89221,9,10874.999704
-0.520106,7,10875.171538
-0.643644,8,10875.358994
-4.564951,50,10876.514974
-0.024417,1,10876.546216
-0.666663,8,10876.749293
-0.018203,1,10876.764918
-0.384161,6,10876.905506
-0.471423,7,10877.092968
-0.049757,1,10877.124206
-0.756429,9,10877.342909
-0.420136,6,10877.483496
-0.834274,10,10877.686577
-0.424741,6,10877.842787
-3.029769,50,10879.045629
-0.041796,1,10879.061249
-0.47296,7,10879.233086
-0.271789,5,10879.358058
-0.493381,7,10879.514272
-0.645221,8,10879.686108
-0.699045,8,10879.889179
-0.397997,6,10880.061014
-0.638123,8,10880.248471
-0.544215,7,10880.404687
-0.034661,1,10880.435931
-0.282964,5,10880.545277
-0.844873,11,10880.810839
-0.257111,5,10880.920189
-0.728672,8,10881.092023
-0.292915,5,10881.216995
-0.384167,6,10881.341969
-0.045372,1,10881.37321
-0.341415,6,10881.513799
-0.462343,7,10881.685633
-0.03727,1,10881.716879
-0.549206,8,10881.873091
-0.566983,7,10882.029306
-0.038646,1,10882.060546
-0.848866,12,10882.326112
-0.031529,1,10882.341734
-0.744188,9,10882.560429
-0.52025,7,10882.732263
-0.038446,1,10882.747885
-0.047353,1,10882.779126
-0.663524,8,10882.966584
-0.023921,1,10882.997827
-0.036477,1,10883.02907
-0.36828,6,10883.154038
-0.926966,9,10883.357115
-1.853475,21,10883.857002
-0.713931,9,10884.044454
-0.035949,1,10884.060079
-0.043801,1,10884.091318
-0.559151,7,10884.263156
-2.393751,21,10884.716224
-0.03262,1,10884.747466
-0.431547,6,10884.888007
-0.369015,6,10885.028599
-0.433024,6,10885.200432
-0.26977,5,10885.309786
-0.317564,6,10885.450375
-0.662804,8,10885.63783
-0.565759,8,10885.825289
-0.259926,5,10885.95026
-0.284042,5,10886.059613
-1.242309,13,10886.356454
-0.468996,8,10886.528252
-0.525158,7,10886.684459
-0.594369,7,10886.840676
-0.3388,6,10886.965647
-0.437921,7,10887.153103
-1.116993,10,10887.371799
-0.0353,1,10887.403041
-0.86296,9,10887.621741
-0.030116,1,10887.637361
-0.69751,9,10887.856061
-0.30351,5,10887.965415
-0.38389,7,10888.168489
-0.359342,6,10888.293459
-0.030779,1,10888.324703
-4.011775,50,10889.465057
-0.046491,1,10889.4963
-0.638489,8,10889.683758
-0.289933,5,10889.793105
-0.256346,5,10889.902453
-0.013196,1,10889.933712
-0.583403,8,10890.136776
-0.540349,7,10890.277366
-0.044799,1,10890.308609
-0.006702,1,10890.339862
-0.349205,6,10890.464822
-0.364768,6,10890.621035
-0.554033,7,10890.808491
-1.218118,12,10891.089681
-0.544564,7,10891.245889
-0.550044,7,10891.417728
-0.026977,1,10891.448967
-6.629373,50,10892.609378
-0.01636,1,10892.625004
-0.267644,5,10892.73435
-0.585032,8,10892.906188
-0.728673,14,10893.21861
-0.504096,8,10893.406066
-0.637238,7,10893.546662
-0.034675,1,10893.577901
-0.729901,8,10893.765357
-0.363564,6,10893.937192
-0.043358,1,10893.952812
-0.651094,7,10894.093407
-0.895695,10,10894.327726
-0.560325,7,10894.468317
-0.342522,6,10894.608911
-0.376728,6,10894.744583
-0.280774,5,10894.88518
-0.046383,1,10894.900796
-0.405467,7,10895.041389
-0.700333,8,10895.228846
-0.680148,8,10895.416298
-4.097654,50,10896.634763
-0.37511,6,10896.759733
-0.649895,8,10896.947191
-0.353985,6,10897.103403
-0.376425,7,10897.243993
-0.837327,13,10897.5408
-0.659997,8,10897.743877
-0.452574,7,10897.91571
-0.007972,1,10897.931333
-0.695784,8,10898.118787
-0.414731,6,10898.259389
-0.35145,6,10898.415596
-0.416095,6,10898.540566
-0.253366,5,10898.665536
-0.030461,1,10898.681157
-0.019635,1,10898.728028
-0.33211,5,10898.821747
-0.661364,8,10899.009204
-0.497294,7,10899.181038
-0.038815,1,10899.212285
-0.048331,1,10899.243523
-0.040725,1,10899.274768
-0.045807,1,10899.306011
-1.07011,12,10899.618435
-0.477176,6,10899.759032
-0.320911,6,10899.91524
-0.712701,8,10900.1027
-0.042204,1,10900.13394
-0.657352,8,10900.352639
-0.728717,9,10900.633827
-0.579474,7,10900.821278
-0.373702,6,10900.977495
-0.295168,5,10901.086848
-0.550809,7,10901.243055
-0.526624,7,10901.414892
-0.319203,6,10901.571106
-0.575957,7,10901.742941
-0.718623,8,10901.914777
-1.17459,16,10902.25844
-0.873541,9,10902.477139
-0.795778,8,10902.680217
-0.388334,6,10902.820812
-0.040648,1,10902.836434
-0.359189,6,10902.992643
-0.560573,7,10903.1801
-0.047935,1,10903.211344
-0.038539,1,10903.242584
-0.387425,6,10903.383176
-0.683371,9,10903.601908
-0.700599,9,10903.820577
-0.702371,8,10903.992408
-0.779599,8,10904.195486
-0.452096,6,10904.336082
-0.928037,10,10904.554779
-0.539016,7,10904.710989
-0.305354,6,10904.851583
-0.650273,8,10905.023419
-0.761385,9,10905.226499
-0.035695,1,10905.242121
-0.02832,1,10905.273357
-0.558628,8,10905.460813
-0.599811,7,10905.632648
-0.3723,6,10905.773241
-0.375632,6,10905.913836
-1.250628,12,10906.163774
-0.026124,1,10906.179394
-0.922357,11,10906.429339
-0.594971,8,10906.616791
-0.318836,6,10906.741766
-0.5509,7,10906.913598
-0.27063,5,10907.022947
-0.974867,10,10907.272888
-0.433946,7,10907.475964
-0.368967,6,10907.663424
-0.81333,9,10907.897741
-0.770195,9,10908.116441
-0.244485,5,10908.241411
-0.031374,1,10908.288277
-0.546084,7,10908.444491
-0.405942,6,10908.58508
-0.047279,1,10908.616321
-0.047515,1,10908.631942
-0.592267,7,10908.788156
-0.582207,7,10908.975614
-0.311336,6,10909.100583
-0.948759,9,10909.303663
-0.247721,5,10909.41301
-0.009159,1,10909.428632
-0.419972,6,10909.569223
-3.50435,40,10910.553367
-0.399393,6,10910.693966
-0.504779,7,10910.865793
-0.023792,1,10910.881418
-0.859516,9,10911.100117
-0.424268,6,10911.240706
-0.687884,8,10911.428165
-0.376681,6,10911.537514
-1.552572,17,10911.95929
-0.464689,6,10912.099883
-0.029947,1,10912.131122
-0.614635,8,10912.318577
-0.671749,8,10912.506073
-0.422457,7,10912.677866
-0.476706,7,10912.834084
-0.685843,8,10913.021541
-0.77237,11,10913.287099
-1.099228,15,10913.662012
-0.939003,10,10913.927576
-0.379917,6,10914.052546
-0.330366,6,10914.193138
-0.709361,8,10914.380593
-0.814981,9,10914.599291
-0.451111,6,10914.724262
-0.764526,9,10914.92734
-0.682051,8,10915.099174
-0.016001,1,10915.130421
-0.625443,7,10915.302252
-0.808033,8,10915.474087
-0.553423,8,10915.661547
-0.043194,1,10915.692785
-0.736989,8,10915.911485
-0.5088,8,10916.098944
-0.290154,5,10916.239565
-0.03464,1,10916.270818
-0.589831,7,10916.426988
-0.412529,6,10916.551962
-0.446386,7,10916.708174
-0.794674,9,10916.92687
-0.518618,7,10917.083118
-0.003129,1,10917.098706
-0.789036,9,10917.333061
-0.923,10,10917.614209
-0.467537,7,10917.754805
-0.409907,7,10917.911018
-1.221802,13,10918.239065
-0.392962,6,10918.364033
-0.031151,1,10918.395281
-0.545911,8,10918.582731
-1.104839,10,10918.832708
-0.269523,5,10918.973264
-0.93229,11,10919.20759
-0.344414,6,10919.33256
-0.704156,8,10919.504389
-0.047111,1,10919.53565
-5.610687,50,10920.691616
-0.699904,8,10920.894694
-0.26979,5,10921.019663
-0.334876,6,10921.175874
-0.652808,7,10921.347707
-0.448541,6,10921.472677
-0.841105,9,10921.675757
-0.425732,6,10921.816351
-0.557087,8,10922.003806
-0.564317,7,10922.175637
-0.720976,8,10922.347472
-0.676849,10,10922.597413
-0.519423,7,10922.784869
-0.600992,8,10922.987946
-0.044831,1,10923.003569
-0.656552,8,10923.22227
-0.904322,9,10923.456587
-0.047736,1,10923.472208
-0.047826,1,10923.503453
-0.713494,8,10923.706532
-0.043445,1,10923.722155
-0.360276,6,10923.847125
-3.022306,50,10925.034341
-0.03168,1,10925.065599
-0.017965,1,10925.081204
-0.525959,7,10925.221797
-0.043994,1,10925.25304
-0.58158,8,10925.4405
-0.414419,6,10925.581088
-0.024651,1,10925.612369
-2.122322,25,10926.174699
-0.948873,11,10926.440262
-0.247425,5,10926.565231
-0.432788,6,10926.690209
-0.312496,5,10926.815176
-0.550991,7,10926.97139
-0.038682,1,10927.002629
-0.007846,1,10927.033874
-0.726036,8,10927.252573
-0.264654,5,10927.377544
-0.612666,7,10927.533753
-0.485634,7,10927.705592
-0.038377,1,10927.721234
-0.843475,9,10927.939908
-0.045494,1,10927.971151
-0.943151,11,10928.252375
-0.750578,8,10928.439797
-0.357103,6,10928.596009
-0.040312,1,10928.611634
-0.655788,8,10928.814706
-0.360702,6,10928.955295
-0.043312,1,10928.986538
-0.656018,8,10929.173996
-0.488443,7,10929.345829
-0.416896,6,10929.533284
-0.641876,8,10929.736366
-0.471886,6,10929.876953
-0.636728,8,10930.048791
-0.459634,6,10930.173764
-0.692283,8,10930.376838
-0.45961,7,10930.548674
-0.047079,1,10930.579918
-0.041744,1,10930.611159
-0.530498,8,10930.81424
-0.633986,8,10930.986068
-0.033232,1,10931.001691
-0.525062,7,10931.173525
-0.239376,5,10931.282877
-0.042858,1,10931.314117
-0.25037,5,10931.423466
-0.266359,5,10931.532816
-0.683675,8,10931.735895
-9.162927,50,10932.845007
-0.04646,1,10932.860627
-0.460463,7,10933.016841
-1.044818,10,10933.298025
-0.208408,4,10933.376132
-0.037087,1,10933.391753
-4.397218,50,10934.516494
-0.557354,7,10934.688325
-0.389659,6,10934.828922
-0.033862,1,10934.844541
-0.319393,6,10934.985129
-0.61012,7,10935.15697
-0.257437,5,10935.266316
-0.048295,1,10935.281943
-0.789913,9,10935.516254
-0.731029,9,10935.719335
-0.688641,8,10935.922408
-0.277734,5,10936.047384
-0.503384,7,10936.203593
-0.041673,1,10936.234835
-0.402618,7,10936.406673
-0.024295,1,10936.422297
-0.030496,1,10936.453538
-0.459843,6,10936.609748
-0.032619,1,10936.640992
-0.493628,7,10936.812828
-0.264699,5,10936.922173
-0.273755,5,10937.047147
-0.492599,7,10937.234605
-0.251439,5,10937.343954
-0.031147,1,10937.359576
-3.005104,50,10938.531173
-0.369348,7,10938.703006
-0.453287,7,10938.85925
-0.804721,9,10939.0623
-0.931193,11,10939.312238
-1.009202,10,10939.562176
-0.389966,6,10939.70281
-0.022553,1,10939.718402
-0.630077,7,10939.905849
-0.738286,8,10940.077687
-0.479365,7,10940.233896
-0.28177,5,10940.374491
-0.641535,8,10940.593188
-0.324038,6,10940.718161
-0.581145,8,10940.905614
-0.404298,6,10941.04621
-0.799552,8,10941.249322
-0.41086,6,10941.389877
-1.492975,16,10941.780407
-0.042172,1,10941.796033
-0.367233,6,10941.952244
-0.290336,5,10942.061596
-0.967225,10,10942.32716
-0.020889,1,10942.342777
-0.686978,8,10942.561474
-0.908562,10,10942.811415
-1.058397,10,10943.030115
-0.431192,6,10943.170708
-0.407693,6,10943.326921
-0.573291,7,10943.483139
-0.608844,8,10943.654972
-0.571442,7,10943.826807
-0.047371,1,10943.873671
-0.402668,6,10944.014262
-0.025564,1,10944.029884
-0.047837,1,10944.061122
-0.382068,5,10944.201715
-0.039689,1,10944.217334
-0.453306,7,10944.389171
-0.733651,8,10944.592247
-0.48104,7,10944.764085
-0.287851,5,10944.873431
-0.696096,8,10945.076509
-0.36469,6,10945.20148
-0.735265,9,10945.420185
-0.049022,1,10945.4358
-0.623819,7,10945.607633
-0.615513,7,10945.79509
-0.513884,7,10945.982549
-0.039553,1,10945.998169
-0.268199,5,10946.107517
-0.047335,1,10946.12314
-0.588381,7,10946.294975
-0.261259,5,10946.388702
-0.440952,6,10946.529291
-0.029987,1,10946.560552
-0.378965,6,10946.716751
-0.464364,6,10946.85734
-0.265103,5,10946.96669
-0.466207,7,10947.107283
-0.665329,7,10947.279116
-0.04216,1,10947.294737
-0.03934,1,10947.310359
-0.262193,5,10947.419708
-0.480904,7,10947.591546
-0.418091,6,10947.732142
-0.741426,9,10947.966459
-0.723364,8,10948.169535
-1.105646,11,10948.435096
-0.409646,8,10948.622555
-0.620438,8,10948.810009
-0.398323,6,10948.96622
-0.562846,7,10949.138058
-0.310142,6,10949.278657
-0.320602,6,10949.419242
-0.629876,8,10949.591077
-0.018365,1,10949.622316
-0.433941,6,10949.762909
-0.028771,1,10949.794154
-0.715271,8,10949.965985
-0.842403,9,10950.169066
-0.592167,8,10950.356519
-1.240088,14,10950.668945
-0.968891,10,10950.887643
-0.521492,7,10951.075103
-0.5041,7,10951.231321
-0.294398,5,10951.356285
-1.203301,14,10951.684334
-0.279505,5,10951.824924
-0.24938,5,10951.949895
-0.452417,7,10952.121733
-0.821173,9,10952.340431
-0.41053,6,10952.49664
-0.868739,11,10952.730964
-0.024077,1,10952.762203
-0.880057,11,10952.996526
-0.374343,6,10953.13712
-0.461659,7,10953.293332
-0.668702,8,10953.449543
-0.35635,6,10953.590136
-0.722458,9,10953.793224
-0.512425,7,10953.949429
-1.774297,18,10954.371201
-0.012822,1,10954.386823
-0.040731,1,10954.418065
-0.491053,7,10954.574279
-0.026544,1,10954.605525
-0.039269,1,10954.621147
-0.040276,1,10954.652389
-0.520988,7,10954.824219
-0.284461,5,10954.933571
-0.511917,7,10955.089782
-0.391483,6,10955.245998
-0.034612,1,10955.261619
-0.380286,6,10955.386587
-0.328807,6,10955.511559
-0.688472,7,10955.66777
-0.010813,1,10955.683393
-0.260647,5,10955.792745
-0.598026,8,10956.042682
-0.976299,12,10956.339491
-0.783074,9,10956.542565
-0.619879,8,10956.730021
-0.694835,8,10956.886237
-0.428968,6,10957.058072
-0.367265,6,10957.18304
-0.381339,7,10957.323638
-0.008478,1,10957.354879
-0.818403,8,10957.542336
-0.386881,6,10957.682923
-0.580876,7,10957.854758
-0.635211,8,10958.057834
-0.585329,7,10958.245292
-0.267369,5,10958.354645
-0.687947,8,10958.526479
-0.901657,9,10958.760795
-0.02685,1,10958.776417
-0.674403,8,10958.979493
-0.394716,6,10959.120087
-0.772896,8,10959.307543
-0.59779,7,10959.479376
-0.044462,1,10959.494998
-4.551368,50,10960.635358
-0.340915,6,10960.760324
-0.681965,9,10960.979024
-2.23678,28,10961.619502
-0.593914,8,10961.838198
-0.012698,1,10961.853818
-0.044811,1,10961.885065
-0.254402,5,10962.010034
-0.949779,10,10962.228734
-0.024461,1,10962.259972
-0.670118,8,10962.463051
-0.049423,1,10962.478672
-0.796687,9,10962.68175
-0.700314,8,10962.853584
-0.260821,5,10962.994179
-0.594726,7,10963.134768
-0.388966,6,10963.259741
-0.965773,10,10963.494058
-0.442836,7,10963.665892
-0.509724,7,10963.86897
-1.14484,12,10964.134538
-0.47359,7,10964.275129
-0.609532,8,10964.509444
-0.724237,8,10964.6969
-0.494812,6,10964.837492
-0.733694,9,10965.087433
-0.363434,6,10965.228029
-0.271275,5,10965.337379
-0.270413,5,10965.446725
-0.04615,1,10965.477967
-0.020424,1,10965.509209
-0.371809,6,10965.665428
-0.477294,7,10965.837263
-0.823626,9,10966.040343
-0.526335,8,10966.259032
-0.264522,5,10966.368383
-0.501207,7,10966.540217
-0.007912,1,10966.571464
-0.04372,1,10966.602703
-0.375057,6,10966.758916
-0.037014,1,10966.790159
-0.946314,10,10967.040103
-3.473251,50,10968.180461
-0.483815,7,10968.321053
-0.019205,1,10968.336675
-0.375459,6,10968.461642
-0.608743,8,10968.664721
-1.274007,12,10968.930284
-0.485036,7,10969.102167
-4.410033,50,10970.242478
-0.712904,8,10970.414312
-0.429674,6,10970.539282
-0.244636,5,10970.664252
-0.040351,1,10970.67987
-0.270841,5,10970.820467
-0.789681,10,10971.023544
-0.879236,10,10971.257861
-0.683885,8,10971.445317
-0.863253,8,10971.648395
-0.609631,8,10971.851475
-0.691415,8,10972.03894
-0.024942,1,10972.070172
-0.638529,8,10972.288872
-0.395908,6,10972.429464
-0.356787,6,10972.55443
-0.595014,7,10972.726264
-0.02122,1,10972.773139
-0.046633,1,10972.78875
-0.613614,8,10972.960588
-0.686966,8,10973.163661
-0.241121,5,10973.288631
-0.041965,1,10973.304255
-0.430777,7,10973.460467
-0.019457,1,10973.476092
-0.821389,9,10973.67917
-0.693781,8,10973.882244
-0.410894,6,10974.0697
-0.529089,7,10974.210293
-1.020438,10,10974.460232
-0.28865,5,10974.569586
-0.265589,5,10974.678931
-0.049859,1,10974.694553
-0.043009,1,10974.725798
-0.0406,1,10974.757041
-0.256254,5,10974.866394
-0.033257,1,10974.897632
-0.538,7,10975.085089
-0.744895,10,10975.288162
-0.505457,8,10975.460001
-1.020601,10,10975.678699
-0.742369,8,10975.881774
-0.454954,6,10976.022368
-0.044099,1,10976.053612
-0.841084,10,10976.256685
-0.965245,10,10976.491005
-0.455446,7,10976.647222
-0.553242,7,10976.787814
-0.565825,7,10976.990894
-0.683857,8,10977.178344
-0.415163,7,10977.35018
-0.29806,5,10977.459527
-0.676512,8,10977.631363
-0.230714,5,10977.756333
-0.617613,8,10977.943789
-0.256781,5,10978.068762
-0.020321,1,10978.100034
-0.330553,6,10978.256216
-0.403811,7,10978.428052
-1.594152,16,10978.771723
-0.455922,6,10978.912312
-0.026242,1,10978.943553
-0.858076,10,10979.162255
-1.039498,11,10979.412194
-0.285168,5,10979.521547
-0.458591,7,10979.693382
-0.037726,1,10979.709003
-0.366801,6,10979.865216
-0.998871,12,10980.11516
-4.183134,50,10981.489833
-0.438579,7,10981.646045
-0.499975,7,10981.817878
-0.403105,6,10981.942852
-0.028425,1,10981.974096
-0.039258,1,10981.989715
-0.371674,7,10982.16155
-0.499732,7,10982.349007
-0.339907,6,10982.489613
-0.757794,9,10982.692677
-0.428772,8,10982.864512
-0.034387,1,10982.895751
-0.256502,5,10983.036343
-0.825108,10,10983.270662
-0.564411,7,10983.442497
-0.505295,7,10983.598717
-0.260947,5,10983.739307
-0.347802,6,10983.864278
-0.30859,6,10983.973626
-0.693354,8,10984.176703
-2.718742,36,10985.004635
-0.389404,6,10985.129606
-0.710745,8,10985.317056
-0.592633,7,10985.504512
-0.791613,9,10985.723212
-0.033157,1,10985.754455
-0.772145,9,10985.926289
-0.730685,8,10986.144988
-0.529249,7,10986.316823
-1.067389,14,10986.613632
-0.495785,7,10986.76984
-0.379232,6,10986.926054
-0.369289,6,10987.066648
-0.658173,8,10987.285344
-1.012746,11,10987.550912
-0.577356,7,10987.691504
-0.044858,1,10987.722749
-0.043563,1,10987.753985
-0.382578,6,10987.878955
-0.239862,5,10987.988311
-0.538851,7,10988.160142
-0.037924,1,10988.17576
-0.713878,8,10988.3476
-0.506555,7,10988.503812
-0.030068,1,10988.535058
-0.572133,7,10988.69127
-0.518018,7,10988.831862
-0.930904,12,10989.11304
-0.428163,6,10989.238015
-0.822548,9,10989.441088
-0.981086,10,10989.659787
-0.443396,6,10989.800379
-0.042126,1,10989.847255
-0.975926,13,10990.159669
-0.476878,7,10990.315889
-0.243624,5,10990.425232
-0.039273,1,10990.456481
-0.615903,7,10990.628313
-0.323083,6,10990.784523
-0.321049,6,10990.92512
-0.515185,7,10991.128193
-0.718528,8,10991.315652
-0.830782,9,10991.503104
-1.8411,21,10992.018609
-0.89159,9,10992.221685
-1.280932,14,10992.565355
-0.049479,1,10992.580976
-0.037765,1,10992.596598
-0.673857,8,10992.784056
-0.043289,1,10992.8153
-0.036492,1,10992.830921
-0.268726,5,10992.95589
-0.61292,9,10993.190212
-0.680248,9,10993.377663
-0.516293,7,10993.518257
-0.623901,8,10993.690095
-0.629169,7,10993.861928
-0.029151,1,10993.893171
-0.645504,8,10994.065003
-0.263561,5,10994.189972
-0.023998,1,10994.221217
-0.8009,9,10994.424298
-0.628878,8,10994.611751
-0.035713,1,10994.627373
-0.628263,8,10994.814826
-0.570638,7,10994.97104
-1.27231,13,10995.314709
-0.023711,1,10995.330335
-0.048431,1,10995.361586
-0.476998,7,10995.51779
-0.488443,7,10995.673999
-0.035584,1,10995.689621
-0.24431,5,10995.830213
-0.629905,8,10996.048912
-0.479662,6,10996.189503
-0.642748,7,10996.34572
-0.020658,1,10996.376963
-0.639924,7,10996.533172
-0.24967,5,10996.642525
-0.650598,8,10996.814361
-0.633528,8,10997.017437
-0.431999,6,10997.142407
-0.941863,10,10997.376724
-0.473052,6,10997.501695
-0.354366,5,10997.642291
-0.610829,7,10997.814121
-0.511974,7,10997.970335
-0.609237,7,10998.126553
-0.751441,9,10998.345247
-0.505085,7,10998.501459
-0.319771,6,10998.657676
-0.47507,7,10998.829509
-1.498214,15,10999.173183
-0.020592,1,10999.204424
-0.358808,6,10999.345016
-0.331991,6,10999.469987
-0.012943,1,10999.501227
-0.720492,8,10999.673061
-0.326478,6,10999.798034
-0.275971,5,10999.938623
-0.049175,1,10999.96987
-0.639483,8,11000.1417
-0.04601,1,11000.157322
-1.094871,11,11000.43851
-0.523669,7,11000.625965
-0.247676,5,11000.750933
-0.30522,5,11000.875905
-0.607097,8,11001.063358
-0.868343,9,11001.26644
-0.5141,7,11001.438271
-2.573923,32,11002.172487
-0.547512,7,11002.328686
-0.79396,9,11002.625494
-0.583527,8,11002.859814
-0.041967,1,11002.875436
-0.36415,6,11003.06289
-0.306091,5,11003.187875
-0.733452,9,11003.39094
-0.273414,5,11003.50029
-0.015751,1,11003.515911
-0.784675,9,11003.750232
-0.032532,1,11003.765853
-0.278452,6,11003.906445
-0.347064,6,11004.047035
-0.877598,10,11004.265736
-0.6508,7,11004.421945
-4.555436,50,11005.60917
-0.366729,6,11005.749758
-0.565829,8,11005.952839
-0.523866,7,11006.093431
-0.249847,5,11006.202778
-0.450301,6,11006.343375
-0.80746,9,11006.577692
-0.265776,5,11006.702663
-0.997337,11,11006.936983
-0.035874,1,11006.952604
-0.502257,7,11007.124439
-0.017379,1,11007.155679
-0.046613,1,11007.171307
-0.410335,6,11007.327512
-0.906471,9,11007.546213
-0.874514,10,11007.780531
-0.42598,6,11007.921124
-0.668954,8,11008.108577
-0.942144,11,11008.358527
-0.575735,7,11008.530355
-0.04941,1,11008.561598
-0.340903,6,11008.686572
-0.032923,1,11008.733433
-0.481059,7,11008.874025
-0.030691,1,11008.905268
-1.334706,22,11009.405151
-0.036008,1,11009.436391
-0.499084,7,11009.576984
-0.83521,9,11009.780061
-0.497872,7,11009.936275
-0.370924,6,11010.092489
-0.621716,8,11010.326809
-0.730968,9,11010.607997
-0.623832,8,11010.85794
-0.49559,7,11011.061011
-0.545468,7,11011.295334
-0.038252,1,11011.326574
-0.741208,9,11011.607761
-0.042826,1,11011.654675
-0.412656,6,11011.795214
-0.332162,6,11011.935814
-0.348443,6,11012.092055
-0.596382,7,11012.263856
-0.040888,1,11012.279478
-0.533357,7,11012.435691
-0.63244,8,11012.623143
-0.610431,8,11012.810604
-0.304353,5,11012.935574
-0.006618,1,11012.951197
-0.600211,8,11013.12303
-0.017331,1,11013.154269
-0.553634,8,11013.357345
-1.455672,18,11013.779127
-0.930447,9,11013.966577
-0.036972,1,11014.013443
-0.288103,5,11014.122793
-0.288639,5,11014.232147
-0.569208,7,11014.388354
-0.261752,5,11014.513324
-0.412337,6,11014.638295
-0.262874,5,11014.778886
-4.328423,50,11016.044217
-0.38335,6,11016.184812
-0.377965,6,11016.325404
-3.138276,50,11017.512626
-0.670701,8,11017.684455
-0.242987,5,11017.809428
-0.784953,9,11018.059366
-0.048108,1,11018.090609
-0.040358,1,11018.106231
-0.643061,8,11018.278068
-0.245187,5,11018.418657
-0.040883,1,11018.43428
-0.454587,7,11018.590496
-0.453388,6,11018.746705
-0.814066,9,11018.949783
-5.690251,50,11020.152628
-0.248448,5,11020.261977
-0.280272,5,11020.465053
-0.484034,7,11020.60565
-0.513046,9,11020.824347
-3.916329,50,11022.058427
-0.372797,6,11022.230267
-0.783418,8,11022.433339
-0.046775,1,11022.448961
-0.794866,8,11022.652038
-0.35045,6,11022.80825
-0.443945,7,11022.964466
-0.730206,8,11023.198786
-0.629836,8,11023.370619
-0.033902,1,11023.401863
-0.741337,8,11023.604939
-0.400162,6,11023.745535
-0.597843,7,11023.901748
-0.707542,8,11024.104822
-0.905301,9,11024.307904
-0.047514,1,11024.339144
-0.917452,9,11024.526602
-0.647664,8,11024.714056
-0.672853,7,11024.870268
-0.468046,6,11025.010861
-0.297395,6,11025.151454
-0.041699,1,11025.182697
-0.644119,8,11025.385772
-0.284799,5,11025.495124
-0.403738,6,11025.620091
-0.938017,9,11025.823167
-0.43127,6,11025.963798
-0.555763,7,11026.151216
-1.533285,20,11026.604238
-0.403286,7,11026.776069
-0.248451,5,11026.869802
-0.858548,9,11027.088498
-5.449723,50,11028.306961
-0.33636,6,11028.463173
-6.551277,50,11029.587948
-0.476695,7,11029.775365
-0.375693,6,11029.900336
-0.023317,1,11029.931578
-0.534055,8,11030.103414
-0.556926,7,11030.244006
-0.495612,7,11030.400224
-0.346441,6,11030.572053
-0.03014,1,11030.603296
-1.501819,18,11030.993832
-0.66267,7,11031.13442
-0.801139,9,11031.368773
-0.825244,9,11031.571822
-0.915358,9,11031.790516
-0.33244,6,11031.931112
-0.960731,10,11032.165428
-0.483634,7,11032.337264
-0.424021,6,11032.462237
-0.376415,6,11032.61845
-0.013674,1,11032.649692
-0.39469,7,11032.805904
-0.352275,6,11032.930874
-0.36125,6,11033.102707
-0.421818,6,11033.243301
-0.032732,1,11033.274544
-0.556105,7,11033.446378
-1.054719,17,11033.821293
-0.027527,1,11033.852536
-0.448869,6,11033.977505
-0.529359,7,11034.118099
-0.507463,7,11034.274308
-0.536682,7,11034.430524
-0.691877,8,11034.617978
-4.786844,50,11035.805198
-1.514938,20,11036.242648
-3.434419,50,11037.414199
-0.756822,9,11037.617277
-0.391577,6,11037.742244
-0.621043,8,11037.929699
-0.022776,1,11037.960942
-0.690791,9,11038.164021
-1.335493,14,11038.476448
-0.43946,7,11038.648281
-0.259107,5,11038.773252
-0.709386,8,11038.929466
-0.713645,8,11039.116924
-0.566898,7,11039.257513
-0.466395,7,11039.42935
-0.581473,7,11039.585562
-0.324777,6,11039.726154
-0.039669,1,11039.757395
-0.32558,6,11039.897987
-0.037382,1,11039.91361
-0.39702,6,11040.038583
-0.285351,5,11040.132312
-0.626926,8,11040.351012
-0.262939,5,11040.444739
-0.646578,7,11040.600951
-0.251983,5,11040.710303
-0.552561,7,11040.882136
-0.037745,1,11040.913414
-0.268532,5,11041.022727
-0.766015,9,11041.2258
-0.715131,9,11041.444504
-0.279288,5,11041.538242
-0.752284,9,11041.756926
-0.647481,8,11041.944385
-0.559852,7,11042.100599
-0.039755,1,11042.116219
-0.044814,1,11042.147468
-0.368418,6,11042.272436
-0.510621,7,11042.444266
-0.021401,1,11042.475512
-0.51534,8,11042.678588
-0.019521,1,11042.694209
-0.738664,9,11042.897284
-0.032528,1,11042.912903
-0.026979,1,11042.944185
-0.979032,9,11043.162847
-0.525653,7,11043.33468
-0.366188,6,11043.490897
-0.363108,6,11043.631487
-0.249846,5,11043.740838
-0.735076,9,11043.959533
-0.667086,7,11044.146993
-0.52829,7,11044.303209
-4.644224,50,11045.459183
-0.4218,6,11045.6154
-0.653541,8,11045.818474
-0.734902,8,11045.974686
-0.628513,8,11046.162141
-0.678629,9,11046.412085
-0.483267,7,11046.568295
-0.3445,6,11046.693274
-0.312492,6,11046.833859
-0.839303,9,11047.036935
-0.458922,7,11047.240017
-0.545518,7,11047.39623
-0.387457,7,11047.536824
-0.047375,1,11047.568064
-0.667861,9,11047.786761
-0.575333,8,11047.974216
-0.52895,8,11048.177298
-0.3156,6,11048.333526
-0.374375,6,11048.474098
-0.047853,1,11048.489722
-0.967163,10,11048.739665
-0.42725,7,11048.911495
-0.040657,1,11048.927118
-0.67382,9,11049.130194
-0.651492,8,11049.333275
-1.759738,31,11050.098719
-0.815023,10,11050.364284
-0.045048,1,11050.379905
-0.012833,1,11050.41118
-0.507708,7,11050.567359
-0.043984,1,11050.598631
-0.827246,8,11050.770435
-0.915456,11,11051.020379
-3.312222,50,11052.207596
-0.618088,8,11052.379432
-0.437848,6,11052.520024
-0.03172,1,11052.55127
-0.046621,1,11052.566896
-0.666664,7,11052.738722
-0.428919,6,11052.894938
-0.024478,1,11052.910561
-0.04514,1,11052.941802
-0.842553,10,11053.160499
-0.368853,7,11053.301094
-0.435258,6,11053.472924
-0.716393,9,11053.707243
-0.26883,5,11053.832216
-0.312519,5,11053.95719
-0.672348,8,11054.12902
-0.426249,6,11054.269616
-0.046327,1,11054.300854
-0.282886,5,11054.394583
-0.583991,7,11054.582071
-0.027395,1,11054.628901
-0.631801,8,11054.816362
-0.003036,1,11054.847601
-0.512474,7,11055.003821
-0.391435,6,11055.160032
-0.414159,7,11055.331862
-0.692034,8,11055.534943
-0.603362,8,11055.706774
-0.433497,7,11055.878613
-0.38235,7,11056.019207
-0.711033,9,11056.222316
-0.910928,11,11056.472219
-0.910965,10,11056.70654
-0.290007,5,11056.815895
-0.024602,1,11056.831514
-0.240739,5,11056.940863
-0.353218,6,11057.112697
-0.350598,6,11057.25329
-0.443762,6,11057.393878
-1.046392,10,11057.612577
-0.047643,1,11057.643818
-0.466572,7,11057.815654
-0.026051,1,11057.831282
-0.012594,1,11057.862518
-0.048344,1,11057.893761
-1.293689,13,11058.174946
-0.423911,6,11058.315539
-0.922763,9,11058.502999
-0.375814,6,11058.643589
-0.540138,7,11058.799799
-0.041953,1,11058.815419
-0.033528,1,11058.846662
-0.530323,7,11059.018497
-0.571378,7,11059.174713
-4.637583,50,11060.330692
-0.885697,9,11060.54939
-0.461588,7,11060.721225
-0.660315,8,11060.893056
-0.816252,13,11061.189864
-1.358092,19,11061.627264
-0.03887,1,11061.658499
-0.045479,1,11061.689745
-1.734978,26,11062.252131
-0.698769,8,11062.42395
-0.238716,5,11062.564543
-0.603408,7,11062.720755
-0.307992,5,11062.830106
-0.427795,6,11062.955075
-0.022865,1,11062.986315
-0.362916,6,11063.111295
-0.292264,5,11063.22064
-0.516293,7,11063.392469
-0.981662,10,11063.658035
-0.047646,1,11063.704895
-0.044127,1,11063.720518
-0.625696,8,11063.923598
-0.048671,1,11063.970459
-0.027817,1,11064.001703
-0.7358,9,11064.204781
-0.715582,8,11064.392235
-0.491279,7,11064.548452
-0.819066,9,11064.751528
-0.348816,6,11064.876497
-0.400287,6,11065.03275
-0.49866,7,11065.188927
-0.01363,1,11065.204547
-0.772551,9,11065.407626
-0.274451,5,11065.532591
-0.518372,7,11065.688807
-0.503168,8,11065.86064
-0.046028,1,11065.891885
-0.253041,5,11065.985615
-0.463541,6,11066.126206
-0.399705,6,11066.266798
-0.525269,7,11066.40739
-0.048273,1,11066.438632
-0.352878,6,11066.579221
-0.316483,6,11066.735433
-0.285451,5,11066.860409
-0.345361,6,11066.985379
-0.672229,7,11067.15721
-0.502977,7,11067.313425
-0.894723,12,11067.610229
-0.760607,9,11067.79769
-0.571971,8,11068.000762
-0.534236,8,11068.188238
-0.434016,6,11068.313193
-0.015408,1,11068.344471
-0.273884,5,11068.469402
-0.391364,6,11068.625615
-6.317264,50,11069.765972
-0.507552,7,11069.922188
-0.007056,1,11069.953432
-0.01708,1,11069.969054
-0.041357,1,11069.984676
-0.289947,5,11070.094024
-0.031895,1,11070.125262
-0.38876,6,11070.281476
-0.793184,9,11070.515797
-0.023349,1,11070.54704
-0.541576,7,11070.703251
-0.689581,8,11070.875091
-0.362163,6,11071.015678
-0.395864,6,11071.171892
-0.590475,7,11071.37497
-0.333881,6,11071.499973
-1.000245,9,11071.734265
-0.019439,1,11071.749883
-0.360336,6,11071.890475
-0.605028,8,11072.109176
-0.589925,8,11072.312249
-0.04601,1,11072.327872
-0.704836,9,11072.546572
-0.684803,8,11072.718405
-0.95649,10,11072.952723
-0.332002,5,11073.046453
-0.044041,1,11073.077694
-0.890031,10,11073.2964
-0.823507,11,11073.624441
-0.032611,1,11073.640064
-0.272599,5,11073.765037
-0.465199,7,11073.90563
-0.343778,6,11074.030599
-0.875648,9,11074.233677
-0.915854,10,11074.467997
-0.458599,6,11074.592967
-0.035446,1,11074.624206
-0.57427,7,11074.796042
-0.039115,1,11074.827283
-0.284621,5,11074.936634
-0.049326,1,11074.967875
-0.386027,6,11075.108467
-0.561097,8,11075.311546
-1.018984,13,11075.623974
-0.460755,7,11075.795807
-0.468623,7,11075.96764
-0.349869,6,11076.108236
-0.415754,6,11076.233208
-0.534588,7,11076.389417
-3.978078,50,11077.607885
-0.390789,7,11077.764094
-0.306098,6,11077.95155
-0.021897,1,11077.967174
-0.879905,9,11078.154627
-3.186348,50,11079.294983
-0.549404,7,11079.451201
-0.344761,5,11079.59179
-0.582162,7,11079.748007
-0.597109,8,11079.951084
-0.412731,6,11080.091675
-0.93273,11,11080.372857
-0.318964,5,11080.497826
-0.418651,6,11080.65404
-0.48135,7,11080.825877
-0.023009,1,11080.841501
-0.482121,7,11080.997712
-0.432582,7,11081.169548
-0.466359,7,11081.325758
-0.65279,8,11081.497596
-1.273286,13,11081.794398
-0.4294,6,11081.950616
-0.713539,8,11082.122452
-0.529232,7,11082.294283
-2.217028,23,11082.794167
-0.029471,1,11082.825418
-0.630345,8,11083.012867
-0.198371,4,11083.10659
-0.012635,1,11083.122212
-0.01325,1,11083.15349
-0.034976,1,11083.184699
-0.234935,5,11083.294049
-0.526273,8,11083.481504
-0.03701,1,11083.512745
-0.668389,8,11083.731442
-0.798723,8,11083.93452
-0.833526,10,11084.153221
-1.171615,13,11084.465646
-0.68202,8,11084.653102
-0.348819,6,11084.793695
-0.65057,8,11084.98116
-0.557738,7,11085.152986
-0.042879,1,11085.184226
-0.676193,9,11085.371689
-0.621288,7,11085.527894
-0.512563,7,11085.715354
-0.045076,1,11085.746594
-0.028986,1,11085.777837
-0.473832,7,11085.965296
-0.332571,5,11086.074642
-0.371797,6,11086.215235
-0.352018,6,11086.340209
-0.675857,7,11086.496425
-3.475713,50,11087.730502
-0.042389,1,11087.76175
-0.443669,6,11087.949201
-0.023123,1,11087.964827
-0.638737,8,11088.152284
-0.049469,1,11088.167905
-0.647831,8,11088.370982
-1.225879,15,11088.730269
-0.363345,6,11088.870865
-0.700978,8,11089.058317
-0.334377,6,11089.198908
-0.035532,1,11089.214532
-0.566039,8,11089.417606
-2.28878,26,11089.995596
-0.045052,1,11090.011218
-0.024668,1,11090.042462
-0.696719,8,11090.261159
-0.3505,6,11090.401755
-0.392265,6,11090.542342
-0.375665,6,11090.667312
-0.246722,5,11090.776664
-0.325643,6,11090.901637
-0.439732,6,11091.057847
-0.547103,7,11091.214063
-0.491268,7,11091.417177
-0.044612,1,11091.44838
-0.674083,8,11091.65146
-0.406445,6,11091.776433
-0.343419,6,11091.948262
-0.028873,1,11091.979505
-0.025457,1,11091.995128
-0.023344,1,11092.026369
-0.604183,7,11092.213825
-0.044612,1,11092.245071
-0.338906,6,11092.370042
-0.633996,8,11092.541873
-0.661537,8,11092.729329
-0.688395,8,11092.916785
-0.546655,7,11093.088619
-0.707502,8,11093.291697
-0.484901,6,11093.41667
-0.047493,1,11093.44791
-0.40063,6,11093.588504
-0.02821,1,11093.604124
-0.420592,6,11093.760369
-0.30839,5,11093.869686
-0.35657,6,11093.994657
-0.791227,9,11094.213356
-0.034717,1,11094.244629
-0.807967,9,11094.463296
-0.563131,7,11094.619509
-0.526138,7,11094.760105
-0.607201,8,11094.978801
-0.545753,8,11095.150635
-0.634055,8,11095.338091
-0.023225,1,11095.353714
-0.668308,8,11095.556793
-0.502416,7,11095.713007
-0.241828,5,11095.822357
-0.362103,6,11095.947323
-0.342674,6,11096.119162
-0.522587,7,11096.275374
-0.691777,7,11096.431587
-0.62244,8,11096.603423
-0.583512,8,11096.822118
-0.04643,1,11096.853363
-1.819428,18,11097.243893
-0.554324,7,11097.400107
-0.314041,5,11097.525079
-0.378836,6,11097.681293
-0.615353,8,11097.86875
-0.879936,9,11098.071827
-0.239249,5,11098.196794
-0.611666,8,11098.399876
-1.006295,10,11098.61857
-0.025402,1,11098.649815
-0.046037,1,11098.681056
-0.796406,9,11098.884134
-0.2601,5,11098.993482
-0.27954,5,11099.118454
-0.647597,8,11099.337152
-0.608031,8,11099.555851
-0.619229,7,11099.712067
-0.042779,1,11099.727689
-0.41495,6,11099.91518
-0.450935,7,11100.055737
-1.350931,19,11100.461891
-0.014433,1,11100.493135
-1.105907,12,11100.805556
-0.449518,6,11100.946148
-0.024813,1,11100.96177
-0.419487,6,11101.102363
-0.670378,8,11101.305445
-0.710757,9,11101.508517
-2.623052,36,11102.336447
-0.568812,7,11102.492669
-0.037696,1,11102.523905
-0.699757,8,11102.695739
-0.472539,7,11102.867573
-0.467866,6,11102.992546
-0.42236,7,11103.164382
-0.264788,5,11103.273726
-0.525802,7,11103.445561
-0.678767,8,11103.633018
-0.7594,9,11103.867338
-0.465838,6,11103.99231
-0.934561,10,11104.226628
-0.453865,7,11104.367224
-0.247655,5,11105.195155
-0.274895,5,11105.32016
-0.406355,6,11105.476335
-0.388002,6,11105.632548
-0.419984,6,11105.788761
-0.614971,8,11105.960596
-0.7507,9,11106.179294
-0.500167,7,11106.335509
-0.530099,7,11106.507345
-0.512376,7,11106.663557
-0.036251,1,11106.694798
-0.779118,9,11106.897881
-7.662385,50,11108.006991
-0.431812,6,11108.147583
-0.005301,1,11108.178829
-0.799556,9,11108.397528
-0.017854,1,11108.428771
-0.546142,7,11108.584985
-0.285334,5,11108.694329
-0.425953,6,11108.834924
-0.313594,6,11108.991137
-0.620957,8,11109.162972
-0.039871,1,11109.178594
-3.928603,42,11110.147116
-0.047088,1,11110.193977
-0.029544,1,11110.225219
-1.519895,17,11110.615752
-0.443236,6,11110.740728
-0.434348,7,11110.912558
-0.36649,6,11111.037532
-0.033162,1,11111.068775
-0.372756,6,11111.224987
-1.024581,10,11111.490551
-0.533956,8,11111.678003
-0.488026,6,11111.818599
-0.872326,9,11112.052914
-0.416956,6,11112.209167
-0.047144,1,11112.24043
-0.581271,7,11112.380963
-0.462645,7,11112.537178
-0.992041,13,11112.849605
-0.4646,7,11113.00582
-0.343407,6,11113.130788
-0.197932,4,11113.240139
-0.364453,6,11113.380733
-0.044438,1,11113.396352
-0.37119,6,11113.536945
-0.827581,9,11113.755673
-0.659096,8,11113.974343
-0.674071,8,11114.161794
-0.25643,5,11114.286768
-0.507013,7,11114.458601
-0.583322,8,11114.677301
-0.242388,5,11114.786649
-0.835257,9,11115.005347
-0.442662,7,11115.192802
-0.659642,8,11115.380262
-0.458362,7,11115.536472
-0.445293,6,11115.661446
-0.485057,6,11115.786417
-0.250871,5,11115.927044
-0.039543,1,11115.958286
-0.816711,9,11116.161329
-0.020046,1,11116.176953
-0.496864,7,11116.364402
-0.418641,7,11116.536235
-0.544829,7,11116.692451
-0.808047,9,11116.92677
-0.248467,5,11117.051744
-0.768013,9,11117.27044
-0.045162,1,11117.286061
-0.764322,9,11117.520385
-0.042375,1,11117.551623
-0.621262,7,11117.707837
-0.497966,6,11117.864057
-0.701151,8,11118.06716
-0.047961,1,11118.098402
-0.554415,7,11118.254587
-0.306945,6,11118.395175
-0.640514,8,11118.567011
-0.36022,6,11118.723223
-0.70791,8,11118.895058
-0.021832,1,11118.926301
-0.731198,8,11119.113756
-0.345777,7,11119.270012
-0.494062,7,11119.441805
-0.515668,7,11119.613642
-0.483427,7,11119.769857
-1.107283,12,11120.051039
-0.013108,1,11120.066664
-0.028687,1,11120.082284
-0.567519,7,11120.238498
-0.531582,7,11120.42595
-0.694905,8,11120.582165
-0.887557,10,11120.800865
-0.010603,1,11120.832107
-0.820299,10,11121.066425
-0.592633,8,11121.253883
-0.499276,7,11121.441339
-0.686537,8,11121.62879
-0.63301,8,11121.84749
-0.532139,7,11122.034948
-0.607143,7,11122.191159
-0.561182,8,11122.39424
-0.819125,9,11122.628563
-0.028031,1,11122.659804
-0.010989,1,11122.675421
-0.360049,6,11122.816017
-0.826268,12,11123.081574
-0.754178,9,11123.300273
-0.854471,8,11123.472112
-0.333949,6,11123.597083
-0.54196,7,11123.768916
-0.565254,7,11123.909507
-1.939466,24,11124.487498
-0.374172,7,11124.62809
-0.68689,8,11124.831173
-0.539983,7,11125.002998
-0.041651,1,11125.034242
-2.976166,50,11126.1746
-0.604177,7,11126.362054
-0.022773,1,11126.377677
-0.920267,10,11126.611999
-0.394828,6,11126.736966
-0.623595,7,11126.908804
-0.240498,5,11127.018154
-0.651838,8,11127.205611
-1.248343,15,11127.564899
-0.502231,7,11127.752356
-0.319901,6,11127.877328
-0.239624,5,11127.986676
-0.589688,8,11128.158511
-0.244596,5,11128.299104
-0.030772,1,11128.314724
-0.600559,8,11128.486554
-0.384047,6,11128.611526
-0.664788,8,11128.830225
-0.779554,9,11129.033305
-0.006999,1,11129.048926
-0.308321,5,11129.158278
-0.350295,6,11129.314487
-0.38953,6,11129.439458
-0.597382,7,11129.611295
-1.036658,10,11129.829989
-0.764796,9,11130.095552
-0.259964,5,11130.220527
-0.749322,9,11130.454843
-0.030513,1,11130.486085
-0.804622,9,11130.704787
-0.381098,6,11130.829758
-0.405491,6,11130.970347
-0.021073,1,11130.985968
-0.359295,6,11131.142181
-0.469647,7,11131.314016
-0.77425,8,11131.48585
-0.473631,7,11131.657685
-0.45563,7,11131.845142
-0.389823,6,11131.985733
-0.048186,1,11132.001357
-0.700729,8,11132.188816
-0.525282,7,11132.376273
-0.692671,8,11132.548141
-0.043606,1,11132.579384
-0.031381,1,11132.594965
-0.028981,1,11132.626211
-0.348253,6,11132.766835
-0.685397,8,11132.923035
-0.49887,7,11133.079232
-4.032767,50,11134.235205
-0.27996,5,11134.360176
-0.250205,5,11134.469525
-0.716872,8,11134.641359
-1.200974,17,11135.031901
-1.458666,20,11135.500532
-0.611619,8,11135.672372
-0.378939,6,11135.812963
-0.019187,1,11135.844201
-0.341473,6,11135.969172
-0.009053,1,11136.000416
-0.277684,5,11136.094147
-0.02577,1,11136.12539
-0.017227,1,11136.156628
-0.320141,6,11136.281599
-0.044202,1,11136.297224
-0.61699,7,11136.469059
-0.504527,7,11136.640926
-0.373462,6,11136.765865
-0.32343,5,11136.890832
-0.662644,8,11137.125154
-0.34387,6,11137.265747
-0.590283,8,11137.468821
-0.830463,10,11137.671902
-0.005024,1,11137.703174
-0.395743,7,11137.890596
-0.631332,8,11138.046809
-0.625877,8,11138.234313
-0.91887,10,11138.468587
-0.779345,8,11138.656045
-1.661415,22,11139.140304
-0.028937,1,11139.155926
-0.598921,7,11139.312139
-0.542058,8,11139.483978
-0.029828,1,11139.499595
-0.983744,10,11139.749534
-0.379528,6,11139.890126
-0.044847,1,11139.921379
-0.023589,1,11139.952616
-0.421796,6,11140.093209
-0.637253,9,11140.327526
-0.482535,7,11140.499359
-0.805111,9,11140.780544
-0.415217,6,11140.936759
-0.355572,6,11141.077349
-0.762727,8,11141.264807
-0.711132,8,11141.467881
-0.601225,8,11141.655336
-0.253723,5,11141.780311
-0.615347,8,11141.967768
-1.644048,20,11142.436407
-0.253691,5,11142.545754
-0.554201,7,11142.70197
-0.276821,5,11142.826937
-0.43384,6,11142.951908
-0.251119,5,11143.061258
-0.405938,6,11143.217474
-0.026264,1,11143.233094
-0.047407,1,11143.26434
-0.46027,7,11143.420548
-0.477394,7,11143.608007
-0.287015,5,11143.717357
-0.339788,7,11143.904808
-0.585399,8,11144.076643
-0.363686,6,11144.21724
-1.822753,19,11144.654638
-0.594115,11,11144.9202
-0.88353,9,11145.123272
-0.44201,6,11145.263865
-0.809682,9,11145.482562
-0.020796,1,11145.498186
-0.479506,7,11145.685642
-0.389476,6,11145.841854
-0.539694,7,11145.98245
-0.368237,6,11146.10742
-0.507964,7,11146.279251
-0.042532,1,11146.310499
-0.031521,1,11146.341739
-0.041395,1,11146.357367
-0.043355,1,11146.372986
-0.862562,10,11146.622924
-0.037455,1,11146.654163
-0.812738,8,11146.81038
-0.048844,1,11146.826002
-0.251591,5,11146.950968
-0.035635,1,11146.982216
-0.697305,8,11147.138428
-1.579416,20,11147.638307
-0.28706,5,11147.763278
-0.382899,6,11147.903873
-0.838376,9,11148.091326
-0.639209,8,11148.26316
-0.037512,1,11148.294403
-0.389743,6,11148.434996
-0.653635,7,11148.591212
-0.660905,8,11148.763048
-0.016975,1,11148.794286
-0.282205,5,11148.919256
-1.044897,10,11149.137954
-0.586612,8,11149.309793
-0.524556,7,11149.481627
-0.299067,5,11149.590978
-0.574183,8,11149.778429
-0.040928,1,11149.794051
-1.676622,18,11150.215831
-4.084693,43,11151.278076
-1.068256,10,11151.528018
-0.76276,9,11151.762337
-0.524447,7,11151.949797
-0.513206,7,11152.090387
-0.042355,1,11152.106008
-0.253842,5,11152.230979
-0.411295,7,11152.418434
-0.480863,7,11152.590273
-0.512352,7,11152.746482
-0.475621,7,11152.902698
-9.801437,50,11154.105573
-0.641578,10,11154.324237
-0.557708,8,11154.511693
-0.897141,9,11154.730396
-0.594789,8,11154.933468
-0.030361,1,11154.964711
-0.489057,7,11155.120924
-0.905691,9,11155.292762
-0.659522,8,11155.511461
-0.573652,7,11155.683292
-0.872817,9,11155.886376
-0.729255,8,11156.089452
-0.751577,9,11156.32377
-0.022971,1,11156.355009
-0.467662,7,11156.495602
-0.451264,7,11156.636196
-0.745095,9,11156.870512
-0.361586,7,11157.011106
-3.554434,31,11157.714068
-0.285727,5,11157.823415
-0.683511,8,11158.010872
-1.80527,23,11158.526374
-0.558043,7,11158.713832
-0.916643,9,11158.885669
-0.381204,6,11159.026258
-0.466431,6,11159.151232
-0.494023,8,11159.338687
-0.045437,1,11159.369928
-0.838048,9,11159.588626
-0.842892,9,11159.791741
-0.571013,7,11159.932298
-4.735946,50,11161.135143
-0.702117,8,11161.322609
-0.036503,1,11161.338218
-0.017216,1,11161.36946
-0.025275,1,11161.385082
-0.70359,9,11161.603783
-0.255518,5,11161.697505
-0.380211,6,11161.869342
-0.905569,11,11162.134903
-0.390312,6,11162.275497
-0.047362,1,11162.30674
-0.033281,1,11162.322362
-0.030725,1,11162.337983
-0.378067,6,11162.494194
-0.647632,8,11162.681649
-0.438492,7,11162.837894
-0.486298,7,11162.994075
-0.018435,1,11163.02532
-0.039369,1,11163.056559
-0.356222,6,11163.181531
-0.899392,9,11163.384612
-0.369026,6,11163.540825
-0.333681,6,11163.665792
-0.652327,8,11163.837627
-0.602158,7,11163.97822
-0.828452,9,11164.196928
-0.405966,6,11164.337511
-0.587325,7,11164.493727
-0.355178,6,11164.634315
-1.128562,18,11165.087334
-0.478539,7,11165.24355
-0.731975,10,11165.477871
-0.323988,5,11165.587217
-0.262029,5,11165.712188
-0.551122,7,11165.884024
-1.019089,10,11166.087103
-0.64299,8,11166.274556
-0.657576,8,11166.462011
-0.021437,1,11166.477632
-0.01606,1,11166.493253
-0.79244,9,11166.711956
-0.014069,1,11166.758821
-0.380614,6,11166.883791
-1.264043,14,11167.211841
-0.346871,6,11167.368052
-0.547883,7,11167.539888
-0.035244,1,11167.571128
-0.351332,6,11167.711717
-0.332847,5,11167.805446
-0.577885,7,11168.008528
-0.719335,8,11168.195979
-0.318371,6,11168.352193
-0.270912,5,11168.461542
-0.470899,6,11168.602133
-0.261944,5,11168.742725
-0.034706,1,11168.773968
-0.445467,6,11168.898938
-1.632804,20,11169.39882
-0.522129,7,11169.539418
-2.651329,27,11170.164267
-0.478677,6,11170.289237
-3.794932,50,11171.492082
-0.327797,6,11171.632671
-0.310967,5,11171.7264
-9.284126,50,11172.898005
-0.210564,4,11172.991732
-0.561919,7,11173.147944
-0.790533,9,11173.382261
-0.373387,7,11173.538476
-0.365796,6,11173.679065
-0.763967,9,11173.882144
-0.031797,1,11173.913386
-0.47414,7,11174.069598
-0.044893,1,11174.100843
-0.405821,6,11174.257056
-0.95307,10,11174.475759
-0.66223,8,11174.647591
-0.398875,6,11174.803803
-0.019777,1,11174.819427
-0.899259,9,11175.006878
-0.344006,6,11175.131854
-0.25801,5,11175.241199
-0.425133,6,11175.397412
-0.931094,11,11175.647392
-0.908122,10,11175.866052
-0.698544,8,11176.084789
-0.259327,5,11176.1941
-0.544646,8,11176.350313
-0.025381,1,11176.381555
-0.598574,7,11176.553391
-0.035858,1,11176.569012
-0.043496,1,11176.600254
-0.380342,6,11176.740849
-0.006134,1,11176.77212
-0.883103,11,11177.022034
-0.584338,7,11177.225109
-0.539866,7,11177.381323
-0.352098,6,11177.553155
-0.938846,9,11177.756234
-0.593284,7,11177.896835
-0.789651,9,11178.099906
-0.662706,8,11178.287362
-0.022211,1,11178.302983
-0.037477,1,11178.334225
-0.38423,5,11178.427955
-0.428288,6,11178.599788
-0.285799,5,11178.709137
-0.703509,9,11178.88097
-0.691307,8,11179.052806
-1.421215,18,11179.490203
-0.529566,7,11179.662035
-0.873235,10,11179.927598
-0.814968,9,11180.130676
-0.836745,10,11180.380617
-0.35043,7,11180.536834
-0.58537,7,11180.724288
-0.424247,7,11180.896132
-0.58148,7,11181.083577
-0.013465,1,11181.099198
-0.771164,8,11181.286654
-0.377418,6,11181.427246
-0.623556,12,11181.708429
-0.486971,7,11181.880269
-0.370172,6,11182.020862
-0.503239,7,11182.208315
-0.771408,9,11182.427012
-0.436729,7,11182.630093
-0.299023,5,11182.755063
-0.706575,9,11182.95814
-1.053255,9,11183.161213
-0.015806,1,11183.176836
-6.967142,50,11184.317196
-1.25645,19,11184.73897
-3.218811,50,11185.941812
-0.791097,9,11186.144894
-0.655731,8,11186.316722
-0.043274,1,11186.347967
-0.531861,8,11186.519803
-0.582987,7,11186.676016
-0.304608,5,11186.785364
-0.270983,5,11186.894716
-0.046734,1,11186.925953
-0.729181,8,11187.113412
-0.479394,7,11187.285244
-0.845043,9,11187.488323
-0.41122,6,11187.644535
-0.043722,1,11187.675782
-0.742952,9,11187.863234
-0.046521,1,11187.878856
-0.041858,1,11187.9101
-0.030353,1,11187.941353
-0.51936,8,11188.113177
-0.486804,6,11188.253767
-0.659402,8,11188.441224
-0.469641,6,11188.566196
-0.536624,7,11188.72241
-0.656149,8,11188.925483
-0.675213,9,11189.144183
-0.513449,8,11189.316017
-0.404401,7,11189.456609
-0.375271,6,11189.581593
-0.400919,6,11189.722176
-0.049498,1,11189.753415
-0.541993,7,11189.925249
-0.411444,7,11190.081463
-0.381028,6,11190.237714
-0.454743,6,11190.378268
-1.28474,17,11190.768801
-0.881866,10,11190.987502
-0.413808,6,11191.143713
-0.549466,7,11191.299927
-0.203172,4,11191.393655
-0.039986,1,11191.409278
-0.698687,8,11191.627974
-0.040292,1,11191.643596
-0.464203,7,11191.799812
-0.653362,8,11192.00289
-0.34278,6,11192.159103
-0.627815,7,11192.299695
-0.304599,6,11192.424666
-0.022554,1,11192.440289
-0.019709,1,11192.471531
-0.264638,5,11192.596497
-0.439028,7,11192.737094
-0.36201,6,11192.87768
-0.029683,1,11192.90893
-0.548641,7,11193.065138
-0.016159,1,11193.080765
-0.46408,6,11193.205734
-0.4237,6,11193.361942
-0.423387,7,11193.549398
-0.733001,8,11193.736854
-0.047683,1,11193.752476
-0.416947,6,11193.924316
-0.599303,8,11194.111768
-0.622858,7,11194.283606
-0.677185,8,11194.471061
-0.032153,1,11194.5023
-0.288037,5,11194.596028
-0.680798,8,11194.799139
-0.589553,7,11194.970941
-0.647017,7,11195.14278
-0.038613,1,11195.158398
-0.373425,6,11195.298988
-0.372306,6,11195.423963
-0.588173,7,11195.595799
-0.032755,1,11195.611425
-0.334532,6,11195.752008
-0.450838,7,11195.892601
-0.302662,5,11196.033191
-0.592253,7,11196.205028
-0.646037,8,11196.376859
-0.049622,1,11196.39248
-0.568335,8,11196.579939
-0.037435,1,11196.611183
-1.012163,11,11196.907985
-0.048869,1,11196.939234
-0.270117,5,11197.048578
-0.547632,7,11197.220447
-0.389294,6,11197.345386
-0.373115,6,11197.485974
-0.664005,8,11197.689055
-0.736014,8,11197.876508
-0.049326,1,11197.892127
-0.682946,8,11198.063967
-0.847927,10,11198.313906
-0.469083,7,11198.470123
-0.618881,8,11198.657577
-0.254593,5,11198.766923
-0.822535,10,11199.001247
-0.73852,8,11199.188699
-0.506822,7,11199.329294
-0.756178,9,11199.51675
-0.664588,8,11199.704204
-0.577324,8,11199.891662
-0.494504,7,11200.063493
-0.383271,7,11200.219709
-0.472373,7,11200.407162
-0.442947,6,11200.547758
-0.992771,10,11200.766455
-0.248316,5,11200.875806
-0.242589,5,11201.000774
-0.502808,7,11201.172611
-0.387555,6,11201.313203
-0.420807,7,11201.469415
-0.78548,8,11201.672492
-0.572627,7,11201.813086
-0.58961,7,11201.953678
-0.751063,9,11202.156756
-1.100738,10,11202.422315
-0.925336,9,11202.625391
-0.386823,6,11202.765988
-0.004473,1,11202.781609
-0.27039,5,11202.906579
-0.294827,5,11203.015925
-0.576378,7,11203.172138
-0.798475,8,11203.343976
-0.037728,1,11203.375216
-0.530492,7,11203.547051
-1.025524,16,11203.921969
-0.648603,8,11204.109421
-0.487237,7,11204.281254
-0.046666,1,11204.296875
-0.562228,7,11204.468748
-0.716299,8,11204.656167
-1.492544,18,11205.093576
-0.027832,1,11205.109185
-2.633072,25,11205.718415
-0.027961,1,11205.734038
-0.616455,8,11205.921492
-1.007096,10,11206.155816
-0.432595,8,11206.327647
-0.649471,8,11206.515103
-0.698005,8,11206.718186
-0.610599,7,11206.890016
-0.811244,8,11207.06185
-0.033587,1,11207.093093
-0.383333,6,11207.28055
-0.535994,7,11207.436763
-0.567517,7,11207.592979
-0.615489,8,11207.764817
-0.589523,7,11207.952267
-0.657031,7,11208.108481
-1.341388,16,11208.452148
-0.384265,6,11208.577119
-3.656638,46,11209.639374
-0.384422,6,11209.779961
-0.998021,10,11210.014291
-0.420159,6,11210.139255
-0.673686,9,11210.373572
-1.967649,27,11210.982803
-0.450373,7,11211.139022
-4.299155,50,11212.388725
-0.038375,1,11212.419965
-0.560773,7,11212.607424
-0.574463,8,11212.794879
-0.832441,8,11212.982334
-0.939541,11,11213.263517
-0.557552,7,11213.40411
-0.625579,8,11213.607189
-0.616427,8,11213.794643
-0.290231,5,11213.919613
-0.84924,10,11214.138314
-3.280607,50,11215.294291
-0.654702,8,11215.497371
-0.390211,7,11215.669205
-0.044108,1,11215.700447
-0.048445,1,11215.716069
-0.706161,8,11215.887907
-0.549021,7,11216.04412
-0.03557,1,11216.075361
-0.679809,8,11216.278441
-0.614374,8,11216.465892
-0.23616,5,11216.590864
-0.812273,8,11216.762696
-0.68105,8,11216.934531
-0.507332,7,11217.075127
-1.040652,16,11217.481278
-0.576986,8,11217.684354
-0.550083,7,11217.840573
-0.640066,8,11218.028023
-0.68641,8,11218.262349
-0.792148,9,11218.465425
-1.07875,11,11218.715362
-0.596523,7,11218.85596
-0.469252,7,11219.027789
-0.47039,7,11219.215245
-0.646049,8,11219.402704
-0.206302,4,11219.480811
-0.038334,1,11219.527675
-0.508381,7,11219.683888
-0.422444,6,11219.808858
-0.259045,5,11219.918209
-0.334876,6,11220.058798
-0.715307,8,11220.230633
-1.067642,11,11220.464952
-0.459892,7,11220.636787
-0.043761,1,11220.68365
-0.027498,1,11220.699291
-0.366975,6,11220.839862
-0.42125,6,11220.980494
-0.418829,6,11221.152292
-0.045768,1,11221.167915
-0.625239,8,11221.370989
-0.594281,7,11221.558443
-0.47576,6,11221.69904
-0.035601,1,11221.71467
-0.345405,6,11221.855252
-0.248951,5,11221.980221
-0.675732,9,11222.183302
-0.652678,8,11222.355136
-0.299314,5,11222.480107
-0.635892,8,11222.66756
-0.43631,6,11222.823773
-0.772821,9,11223.058092
-1.103575,11,11223.308033
-0.041908,1,11223.33928
-0.03537,1,11223.370552
-0.049401,1,11223.386142
-0.577213,8,11223.589223
-0.333844,6,11223.729811
-0.025876,1,11223.776673
-0.309406,6,11223.901648
-0.277112,5,11224.026617
-0.478415,6,11224.151589
-0.044306,1,11224.182832
-0.915212,9,11224.385908
-0.612459,7,11224.542118
-0.439534,6,11224.698333
-0.748043,9,11224.917034
-0.652713,7,11225.088865
-0.706315,8,11225.260705
-0.254434,5,11225.370053
-0.643888,11,11225.635611
-0.483605,7,11225.791826
-0.803369,9,11225.994906
-0.760511,9,11226.197982
-0.651785,8,11226.385441
-0.021222,1,11226.416688
-0.274292,5,11226.526029
-0.920221,10,11226.760348
-0.449443,7,11226.947836
-0.267508,5,11227.072774
-0.720144,8,11227.22899
-1.001542,10,11227.478935
-0.028285,1,11227.525795
-0.396646,7,11227.697632
-2.479771,27,11228.291238
-0.410638,7,11228.463077
-0.278498,5,11228.603665
-0.600981,7,11228.759881
-0.498437,7,11228.916095
-0.036951,1,11228.947337
-0.041142,1,11228.994202
-0.311393,5,11229.119203
-0.034119,1,11229.13479
-0.518082,7,11229.291004
-0.03623,1,11229.322253
-0.032227,1,11229.353493
-0.041366,1,11229.369114
-0.045992,1,11229.384736
-0.645087,8,11229.587812
-0.627769,7,11229.744026
-0.047491,1,11229.775266
-0.801087,9,11229.9471
-0.28224,5,11230.072073
-0.25139,5,11230.19708
-0.815416,9,11230.41574
-0.275728,5,11230.525093
-1.022447,10,11230.759412
-0.421374,6,11230.884379
-0.038174,1,11230.900001
-0.28696,5,11231.040593
-0.795384,9,11231.259291
-0.651747,8,11231.446752
-0.625475,8,11231.6186
-0.524332,7,11231.7748
-0.04642,1,11231.821739
-0.395733,6,11231.946635
-0.387982,6,11232.071601
-0.389231,6,11232.227819
-0.031408,1,11232.259056
-0.513995,8,11232.446518
-0.960321,11,11232.680835
-0.825685,9,11232.88391
-3.506071,50,11234.071131
-0.317493,6,11234.211723
-0.049885,1,11234.227345
-0.019986,1,11234.242966
-0.202542,4,11234.367937
-0.513617,7,11234.524154
-0.046481,1,11234.539776
-1.098712,12,11234.836579
-0.793806,9,11235.055274
-0.630455,8,11235.258353
-0.969796,10,11235.477056
-0.533563,7,11235.633264
-0.483888,7,11235.805102
-0.625954,7,11235.961314
-1.600597,19,11236.398713
-0.348077,6,11236.55492
-3.482157,50,11237.742144
-0.828085,9,11237.960842
-0.304857,5,11238.085819
-0.045649,1,11238.101437
-0.657849,8,11238.288891
-0.887234,9,11238.491968
-0.277991,5,11238.616942
-3.706006,50,11239.726052
-0.552591,8,11239.929132
-0.370538,6,11240.100964
-0.747377,8,11240.288423
-0.017594,1,11240.304045
-1.318088,17,11240.710197
-0.454632,7,11240.882063
-0.598318,7,11241.116351
-0.31732,6,11241.256976
-0.493414,7,11241.460023
-0.779161,16,11241.819314
-0.848735,9,11242.022388
-0.466331,7,11242.162986
-0.253609,5,11242.287951
-0.043651,1,11242.319195
-0.233795,5,11242.412925
-0.32371,6,11242.569133
-0.674972,8,11242.772216
-0.628031,7,11242.944048
-0.366569,7,11243.115879
-0.6598,8,11243.287718
-0.047784,1,11243.31896
-0.013046,1,11243.334583
-0.012094,1,11243.365823
-0.569934,7,11243.506419
-0.314412,6,11243.678252
-0.340494,6,11243.81884
-0.614607,8,11243.99068
-0.490565,7,11244.131273
-0.391528,6,11244.271863
-0.010074,1,11244.303107
-0.204894,4,11244.38121
-0.448292,7,11244.553045
-0.430959,6,11244.709257
-0.686356,8,11244.881095
-0.452151,6,11245.006068
-0.594466,8,11245.19352
-0.851452,9,11245.396595
-0.047267,1,11245.427839
-0.035846,1,11245.459081
-0.759141,8,11245.662159
-0.424707,6,11245.818372
-0.035234,1,11245.849614
-0.723416,9,11246.068313
-0.495792,6,11246.208938
-0.470006,6,11246.349497
-0.64224,7,11246.521333
-0.905621,10,11246.724409
-0.430411,6,11246.84938
-0.002824,1,11246.896251
-0.418125,6,11247.036836
-0.488952,7,11247.19305
-0.743419,9,11247.39613
-2.325127,29,11248.067844
-0.328675,6,11248.208434
-0.4334,6,11248.395892
-0.421001,8,11248.583347
-0.324021,6,11248.70832
-0.242359,5,11248.83329
-0.046662,1,11248.848912
-0.560973,7,11249.036367
-0.781872,9,11249.255069
-0.40119,8,11249.442522
-0.480138,7,11249.598737
-0.518023,7,11249.754951
-0.264053,5,11249.895544
-0.646624,8,11250.082997
-0.679001,8,11250.254835
-0.43903,7,11250.442289
-0.521386,7,11250.629745
-0.802468,9,11250.832819
-0.671774,8,11251.067139
-0.35591,6,11251.207735
-0.505047,7,11251.410812
-4.578055,50,11252.56679
-0.426448,7,11252.723004
-0.013552,1,11252.754248
-0.591123,8,11252.926081
-0.906652,9,11253.129158
-0.305799,6,11253.238508
-6.122092,50,11254.410105
-0.588308,7,11254.581941
-0.272434,5,11254.706914
-0.555428,7,11254.863123
-0.486157,7,11255.019336
-1.015788,9,11255.238034
-0.351508,6,11255.378631
-0.431249,6,11255.534845
-0.6205,7,11255.691052
-0.926288,10,11255.956622
-0.556468,7,11256.112829
-0.024412,1,11256.144073
-0.046188,1,11256.159698
-0.502329,7,11256.331531
-0.534166,7,11256.503401
-0.273991,5,11256.612711
-0.35748,6,11256.737685
-0.298028,5,11256.847032
-0.438239,6,11257.003245
-0.047934,1,11257.018878
-0.279385,5,11257.128214
-0.040603,1,11257.159457
-0.044311,1,11257.190701
-0.343828,6,11257.315673
-0.030929,1,11257.331295
-0.739225,9,11257.549991
-0.039145,1,11257.581235
-0.403814,6,11257.73745
-0.707985,8,11257.909282
-0.046833,1,11257.940536
-0.414729,6,11258.065498
-0.03374,1,11258.096737
-0.275415,5,11258.20609
-0.762783,8,11258.377923
-0.26283,5,11258.487275
-1.686089,21,11258.987155
-0.51239,7,11259.158989
-0.488069,7,11259.330826
-0.498924,7,11259.48704
-0.670425,7,11259.627629
-0.046782,1,11259.643255
-0.456412,7,11259.815087
-0.718215,8,11260.0182
-0.02342,1,11260.049404
-0.551191,7,11260.205617
-0.545762,7,11260.377453
-0.009358,1,11260.408695
-0.0169,1,11260.424317
-0.362054,6,11260.564908
-0.4005,6,11260.705501
-0.655666,8,11260.877339
-0.567349,7,11261.049169
-0.467755,7,11261.221009
-0.293827,5,11261.345974
-0.593159,7,11261.517812
-0.407099,6,11261.674026
-0.467374,7,11261.830236
-0.68236,7,11262.00211
-0.487691,6,11262.142662
-0.709125,8,11262.34574
-0.24901,5,11262.470712
-0.021439,1,11262.501954
-0.557939,7,11262.65817
-0.469602,7,11262.814384
-0.026542,1,11262.830005
-0.81658,13,11263.126811
-0.523735,7,11263.283023
-0.451423,7,11263.439237
-0.013444,1,11263.470475
-0.315196,6,11263.642315
-0.013157,1,11263.673557
-0.358988,6,11263.798527
-0.784345,9,11264.001602
-0.781453,9,11264.220299
-0.535833,7,11264.392137
-0.812116,11,11264.626454
-0.017372,1,11264.642081
-0.563726,7,11264.876395
-0.376113,6,11264.985745
-0.264642,5,11265.126337
-0.612245,7,11265.298176
-0.390965,6,11265.45439
-0.022791,1,11265.470011
-0.496561,7,11265.610602
-0.276728,5,11265.73557
-0.363016,6,11265.923027
-0.205656,4,11266.001131
-0.544345,7,11266.172967
-0.045025,1,11266.188588
-0.30657,6,11266.344803
-0.760032,8,11266.516635
-0.677838,8,11266.704131
-0.570345,8,11266.907169
-0.557559,7,11267.079002
-0.582085,8,11267.235218
-0.232411,5,11267.360188
-0.045118,1,11267.37581
-0.409291,6,11267.532022
-0.728998,8,11267.719486
-0.901936,11,11268.016283
-0.767996,10,11268.250607
-0.03525,1,11268.297467
-0.047257,1,11268.328709
-0.890274,9,11268.516169
-0.032098,1,11268.531791
-0.541898,7,11268.719247
-1.018117,9,11268.906705
-0.549897,7,11269.078534
-0.396195,6,11269.203509
-3.557118,50,11270.421967
-0.708101,9,11270.656288
-0.00937,1,11270.687533
-0.032846,1,11270.703154
-0.416051,6,11270.890608
-0.644069,8,11271.078069
-0.522999,7,11271.234282
-0.878127,10,11271.468596
-0.359966,6,11271.609189
-0.025105,1,11271.624813
-0.725412,8,11271.81227
-0.02797,1,11271.843509
-0.512929,7,11272.015348
-0.516227,7,11272.171556
-0.370937,6,11272.29653
-3.681701,50,11273.421267
-0.96286,11,11273.718068
-0.364945,6,11273.858661
-0.047612,1,11273.889903
-0.599244,8,11274.077359
-0.820225,9,11274.296065
-0.04206,1,11274.327303
-0.616567,8,11274.545999
-0.41284,7,11274.702211
-0.638544,12,11274.952157
-0.557776,7,11275.123993
-0.594532,8,11275.31145
-0.251597,5,11275.420796
-0.269061,5,11275.561425
-0.672748,8,11275.717603
-0.546891,8,11275.889438
-0.030218,1,11275.920681
-0.687766,8,11276.123757
-0.580162,8,11276.311213
-0.035779,1,11276.326835
-0.381579,6,11276.451803
-0.337583,6,11276.592398
-0.03605,1,11276.62364
-0.575688,7,11276.77985
-0.470048,7,11276.951687
-0.403575,7,11277.123523
-0.45389,7,11277.295357
-0.833341,9,11277.498436
-0.313604,6,11277.639026
-0.279495,5,11277.779615
-0.921037,8,11277.951449
-0.813978,9,11278.170148
-0.446616,6,11278.295123
-0.033686,1,11278.326365
-0.6191,8,11278.4982
-0.572742,8,11278.701276
-0.253207,5,11278.810623
-0.35945,6,11278.966839
-0.514885,7,11279.123049
-0.388316,6,11279.248021
-1.039269,10,11279.466756
-0.436464,7,11279.638554
-0.045324,1,11279.654175
-1.905332,21,11280.154096
-0.026092,1,11280.185299
-0.041618,1,11280.216542
-0.520126,7,11280.419623
-0.706062,8,11280.607075
-0.732078,8,11280.778911
-0.356171,6,11280.919502
-0.623078,7,11281.075756
-0.777418,9,11281.278793
-1.460873,18,11281.700569
-1.504686,21,11282.169212
-0.682505,8,11282.356673
-0.448464,6,11282.48164
-0.296746,5,11282.590989
-0.446953,6,11282.7472
-0.241632,5,11282.887793
-0.599786,7,11283.044004
-4.144032,50,11284.184364
-0.397252,6,11284.340575
-0.282455,5,11284.465544
-0.683232,8,11284.637379
-0.010382,1,11284.653002
-0.532821,7,11284.82484
-0.451757,6,11284.96543
-0.662135,8,11285.152886
-0.727568,8,11285.340339
-0.359658,6,11285.480934
-0.200958,4,11285.57466
-0.507313,7,11285.730874
-0.039151,1,11285.746498
-0.515086,7,11285.933988
-0.760797,8,11286.105785
-0.382528,6,11286.246375
-0.247602,5,11286.355729
-0.965612,10,11286.59005
-0.804201,9,11286.808748
-0.579575,7,11286.980583
-0.475263,7,11287.152416
-0.602248,7,11287.355494
-0.432182,6,11287.511706
-0.716617,8,11287.730402
-0.541653,7,11287.902277
-0.049903,1,11287.933485
-0.041634,1,11287.964724
-1.52679,17,11288.355296
-0.038585,1,11288.370882
-0.659868,8,11288.558337
-0.762039,9,11288.792657
-0.047134,1,11288.808278
-0.481906,7,11288.94887
-0.699959,8,11289.136327
-0.376993,6,11289.276918
-0.044219,1,11289.292541
-0.445892,6,11289.417506
-0.804616,8,11289.620584
-5.813757,50,11290.792188
-0.027051,1,11290.807809
-0.583977,7,11290.964018
-0.839985,9,11291.213959
-0.295918,5,11291.323308
-0.398914,6,11291.448285
-0.37995,6,11291.57325
-0.241432,5,11291.698228
-0.035242,1,11291.713846
-0.7037,8,11291.932542
-3.298968,42,11292.869821
-0.638525,7,11293.026035
-0.581841,8,11293.229115
-0.650554,8,11293.400949
-0.342461,6,11293.525918
-0.348236,6,11293.68213
-0.337701,6,11293.807105
-0.702084,9,11293.994557
-0.323332,6,11294.150774
-0.496475,7,11294.306987
-0.035707,1,11294.322608
-0.549474,8,11294.541302
-0.021694,1,11294.572546
-0.617435,7,11294.744384
-0.034697,1,11294.775623
-0.976781,9,11294.978703
-0.028584,1,11294.994324
-0.325426,6,11295.134913
-0.048372,1,11295.166158
-0.393548,7,11295.32237
-0.043801,1,11295.337995
-0.617801,8,11295.55669
-0.543297,7,11295.697285
-0.426441,6,11295.853497
-0.259993,5,11295.962848
-4.750288,50,11297.103203
-0.437017,8,11297.275036
-0.048544,1,11297.290657
-0.048807,1,11297.321902
-0.673252,8,11297.524978
-0.236834,5,11297.618706
-0.520711,7,11297.79054
-0.530633,7,11297.962375
-0.03011,1,11297.993617
-0.483188,8,11298.181077
-0.586572,8,11298.368532
-0.304716,5,11298.477878
-0.723437,8,11298.665334
-0.016608,1,11298.680956
-0.466762,7,11298.821552
-0.585212,7,11298.977765
-0.86207,10,11299.227706
-5.812846,50,11300.368059
-0.488266,7,11300.524276
-0.021299,1,11300.539899
-0.388036,6,11300.696107
-3.339466,50,11301.820843
-0.048286,1,11301.836466
-0.36435,6,11301.961439
-0.247122,5,11302.086411
-1.453822,19,11302.617529
-0.56806,8,11302.804988
-0.038395,1,11302.836233
-0.039359,1,11302.867476
-0.04139,1,11302.883095
-0.483321,6,11303.008065
-0.537038,7,11303.164278
-0.043426,1,11303.195554
-0.476869,6,11303.336113
-0.452323,7,11303.492328
-0.479888,6,11303.632917
-0.978457,10,11303.867238
-0.407108,6,11303.992208
-0.042172,1,11304.007829
-0.0119,1,11304.039074
-0.482159,7,11304.226529
-0.043314,1,11304.242149
-0.041951,1,11304.273396
-0.006911,1,11304.289018
-0.029178,1,11304.335876
-0.048226,1,11304.367119
-0.674228,8,11304.554579
-0.020706,1,11304.570201
-0.503984,7,11304.757653
-0.906523,9,11304.945112
-0.465106,7,11305.116945
-0.688218,8,11305.320022
-0.625082,8,11305.49186
-0.015825,1,11305.538719
-0.809932,9,11305.757434
-0.036306,1,11305.77305
-0.604552,8,11305.976117
-0.741369,9,11306.194815
-0.550076,7,11306.351029
-0.504643,7,11306.507245
-0.377983,6,11306.632218
-0.68173,8,11306.804051
-0.446807,7,11306.975924
-0.734305,8,11307.178959
-0.912784,10,11307.413283
-0.510711,7,11307.569498
-0.781196,8,11307.756951
-0.234323,5,11307.866302
-0.552572,7,11308.022516
-0.715569,8,11308.24121
-0.449418,6,11308.381807
-0.503422,7,11308.53802
-0.368047,7,11308.725471
-0.471932,8,11308.928553
-0.286296,5,11309.037902
-2.079904,31,11309.803348
-0.266283,5,11309.928316
-0.662124,8,11310.10015
-0.042241,1,11310.115771
-0.250398,5,11310.240741
-0.495428,7,11310.412579
-0.358417,6,11310.553167
-0.786009,9,11310.725002
-0.300323,6,11310.865598
-0.483581,7,11311.03743
-0.029256,1,11311.053051
-0.651344,9,11311.27175
-0.441272,6,11311.41234
-0.491227,7,11311.584174
-0.956265,10,11311.818495
-0.818375,9,11312.021574
-0.279612,5,11312.146543
-0.54455,7,11312.302758
-0.567373,7,11312.45897
-0.032468,1,11312.505834
-0.519316,7,11312.662052
-0.432552,6,11312.80264
-0.752339,9,11313.021337
-0.864906,9,11313.255658
-0.031483,1,11313.286901
-0.398914,6,11313.427493
-0.601908,7,11313.599327
-0.037918,1,11313.630574
-0.026478,1,11313.661812
-0.320375,5,11313.786786
-0.489061,7,11313.958617
-0.011591,1,11313.97424
-0.624201,8,11314.146075
-1.000246,10,11314.396017
-0.492511,7,11314.55223
-3.296717,50,11315.801934
-2.305695,26,11316.458035
-0.56248,8,11316.707975
-0.032527,1,11316.754837
-0.598251,7,11316.957917
-0.627485,7,11317.114124
-0.277511,5,11317.254717
-0.01964,1,11317.270344
-0.731169,9,11317.504661
-0.037694,1,11317.535903
-0.488047,7,11317.692117
-0.976093,10,11317.926435
-0.523121,7,11318.082651
-0.664746,8,11318.270107
-0.73255,9,11318.504424
-0.703907,9,11318.723129
-0.581065,7,11318.879339
-0.025096,1,11318.894962
-0.41642,6,11319.03555
-0.014188,1,11319.066793
-0.722121,8,11319.269889
-0.758554,8,11319.441705
-0.464865,7,11319.629161
-0.519456,6,11319.754134
-0.718483,8,11319.94159
-0.313341,6,11320.082179
-0.415984,6,11320.222771
-0.036591,1,11320.238394
-0.826417,10,11320.488333
-0.343438,6,11320.613308
-0.405716,8,11320.832003
-0.399149,6,11320.956976
-0.602994,7,11321.128809
-0.686176,8,11321.316266
-0.219589,5,11321.441235
-0.550834,7,11321.581826
-0.520989,7,11321.753661
-0.700753,8,11321.956742
-0.82435,9,11322.159828
-0.63664,7,11322.347271
-0.771092,9,11322.550349
-0.629205,8,11322.737844
-0.014877,1,11322.769053
-1.052574,10,11323.018989
-1.263088,13,11323.315798
-0.621544,8,11323.518877
-0.033621,1,11323.565736
-0.034408,1,11323.581358
-0.818177,8,11323.800058
-0.48818,7,11323.95627
-0.03795,1,11324.003133
-0.790115,9,11324.221865
-0.594649,8,11324.409291
-0.329059,6,11324.534265
-0.035134,1,11324.5655
-0.040225,1,11324.596743
-0.333718,6,11324.752957
-0.621678,8,11324.971658
-0.848352,10,11325.252846
-0.702126,8,11325.424675
-0.441327,6,11325.580887
-0.383935,6,11325.690241
-0.675024,8,11325.893315
-0.467218,6,11326.033906
-1.788783,20,11326.471303
-0.437384,6,11326.6119
-0.043412,1,11326.643139
-1.634534,21,11327.174264
-0.82882,9,11327.392963
-1.896228,24,11327.908469
-0.573842,8,11328.127165
-0.333407,6,11328.267759
-0.046851,1,11328.283381
-0.594514,7,11328.439595
-1.771879,23,11328.955099
-0.630075,8,11329.142555
-0.650366,8,11329.345627
-0.635861,7,11329.501841
-0.858237,9,11329.704922
-4.083134,50,11330.876521
-0.525307,7,11331.048355
-0.581879,7,11331.188948
-0.268061,5,11331.329536
-0.710224,8,11331.485755
-1.623974,20,11331.907527
-0.476429,7,11332.063744
-1.095385,10,11332.313681
-0.779316,9,11332.532382
-0.461737,7,11332.70422
-0.523365,7,11332.891709
-0.729392,9,11333.110373
-0.025324,1,11333.125995
-3.705997,50,11334.29759
-0.416369,6,11334.485053
-0.465267,7,11334.672504
-0.637607,8,11334.906822
-0.785789,8,11335.125525
-1.49716,18,11335.57854
-0.005933,1,11335.609782
-0.03027,1,11335.625404
-0.60465,7,11335.812859
-0.4591,6,11335.953451
-0.047853,1,11335.984693
-0.550348,7,11336.140909
-0.434729,6,11336.265877
-0.788451,9,11336.484577
-0.278909,5,11336.609553
-0.683798,8,11336.781381
-0.888055,9,11336.984462
-0.623706,8,11337.187537
-1.083249,9,11337.406239
-0.700763,8,11337.578069
-0.757837,9,11337.812416
-0.251885,5,11337.921743
-0.467752,7,11338.09358
-0.583954,7,11338.234166
-0.034307,1,11338.265409
-0.716696,8,11338.484108
-0.320117,6,11338.624697
-0.420025,6,11338.76529
-0.555694,7,11338.905887
-0.411081,6,11339.077721
-7.719865,50,11340.280559
-0.726954,8,11340.46802
-0.033702,1,11340.483642
-0.012035,1,11340.51488
-0.02751,1,11340.546126
-0.724792,8,11340.733579
-0.502231,7,11340.874174
-0.488448,7,11341.030384
-0.514689,7,11341.202225
-0.449612,7,11341.905182
-1.360408,20,11342.358197
-0.242091,5,11342.51441
-0.705797,9,11342.701868
-0.663507,8,11342.889322
-0.203143,4,11342.96743
-0.484808,7,11343.139263
-0.338662,6,11343.311101
-0.045962,1,11343.326733
-0.616793,7,11343.514176
-0.75351,10,11343.748499
-0.639257,8,11343.935956
-0.737564,9,11344.123411
-0.002243,1,11344.139037
-0.94279,10,11344.342108
-0.788899,8,11344.529563
-0.688492,8,11344.717018
-0.667571,8,11344.904474
-0.259091,5,11344.998203
-0.037646,1,11345.04507
-0.503553,7,11345.232561
-0.516013,7,11345.373118
-0.033665,1,11345.38874
-0.043064,1,11345.435598
-0.424147,6,11345.576195
-0.030272,1,11345.591816
-0.362985,6,11345.716783
-0.578463,7,11345.888618
-0.526973,7,11346.060456
-0.243981,5,11346.169802
-0.254847,5,11346.326053
-0.476185,6,11346.450991
-0.956985,9,11346.669723
-0.61763,8,11346.841519
-0.683784,8,11347.013353
-0.363247,6,11347.185188
-0.530109,7,11347.372644
-0.456327,6,11347.497615
-0.57601,7,11347.66945
-1.067808,10,11347.919395
-0.597621,8,11348.106851
-0.629585,7,11348.263063
-0.698186,9,11348.48176
-0.398755,7,11348.684835
-1.394761,19,11349.122235
-0.026444,1,11349.153476
-1.254548,13,11349.465906
-0.673638,8,11349.684602
-0.341416,6,11349.840814
-0.047158,1,11349.872057
-0.396729,6,11350.012649
-1.346528,14,11350.35632
-1.387096,17,11350.746856
-0.706064,8,11350.949929
-0.690895,9,11351.137386
-0.61388,7,11351.30922
-0.32695,6,11351.481107
-0.620191,7,11351.65293
-0.289731,5,11351.762244
-0.291165,5,11351.871586
-0.44925,6,11352.012179
-0.564125,7,11352.168396
-0.042119,1,11352.184018
-0.523929,7,11352.340228
-0.732453,10,11352.543308
-0.02782,1,11352.57455
-0.03843,1,11352.60579
-0.014848,1,11352.637035
-0.446057,6,11352.777624
-0.466277,7,11352.918221
-0.040774,1,11352.949459
-0.315771,5,11353.090054
-0.764724,8,11353.246271
-0.02838,1,11353.277508
-0.790509,9,11353.480585
-0.722127,9,11353.668046
-0.534008,7,11353.839879
-0.580207,8,11354.011714
-3.382344,50,11355.136449
-0.399631,6,11355.261418
-0.020022,1,11355.292659
-0.021295,1,11355.3239
-0.265405,5,11355.433252
-0.686692,8,11355.620707
-0.049212,1,11355.651952
-0.015113,1,11355.667572
-0.259407,5,11355.776924
-0.015989,1,11355.823797
-0.589614,8,11355.980001
-0.708306,8,11356.167452
-0.551159,7,11356.308045
-0.741594,8,11356.495502
-0.700309,8,11356.682958
-0.788173,9,11356.901658
-0.616237,8,11357.073491
-0.6559,8,11357.26095
-0.976241,9,11357.464027
-0.04402,1,11357.479646
-0.651589,8,11357.667102
-0.047114,1,11357.698344
-0.814866,10,11357.948285
-0.743627,9,11358.135745
-0.853847,9,11358.354444
-0.043324,1,11358.385687
-0.63078,8,11358.573137
-0.762163,9,11358.7606
-0.038812,1,11358.776219
-0.528678,7,11358.948056
-0.503597,7,11359.119887
-0.609441,8,11359.307346
-1.202652,12,11359.604151
-0.743808,8,11359.791603
-0.473291,7,11359.963437
-0.049534,1,11359.979058
-0.545097,8,11360.166514
-0.045078,1,11360.213379
-0.426263,7,11360.369594
-0.246848,5,11360.478944
-0.879655,10,11360.713261
-0.471716,6,11360.853852
-0.269416,5,11360.963202
-0.614805,7,11361.119416
-0.303058,6,11361.244391
-0.394507,6,11361.384984
-0.352911,6,11361.525572
-0.772967,9,11361.697406
-0.38646,6,11361.837996
-0.778507,8,11362.041079
-0.552849,7,11362.197287
-0.643178,8,11362.384745
-0.55451,7,11362.556581
-0.582144,7,11362.712792
-0.319318,6,11362.853386
-0.46454,6,11362.978358
-0.645894,8,11363.181431
-0.348281,6,11363.322027
-0.23981,5,11363.446993
-0.469583,6,11363.681314
-0.613361,8,11363.900015
-1.059063,16,11364.306169
-0.739142,8,11364.493624
-0.254729,5,11364.602973
-0.4216,7,11364.790431
-0.956445,10,11365.024748
-0.362869,6,11365.14972
-0.436954,7,11365.305935
-0.47784,7,11365.493388
-0.53269,8,11365.712093
-0.041218,1,11365.74333
-0.60871,7,11365.930789
-0.042781,1,11365.962028
-0.462411,7,11366.149485
-0.041662,1,11366.165109
-0.310352,6,11366.29008
-0.516143,7,11366.446294
-0.470232,7,11366.633783
-0.614594,7,11366.78996
-0.893358,10,11367.039904
-0.698388,9,11367.258598
-0.036957,1,11367.289845
-0.256753,5,11367.430468
-0.018177,1,11367.446059
-0.840184,10,11367.664757
-0.352845,6,11367.789726
-0.588001,7,11367.945937
-0.263294,5,11368.055287
-0.641842,8,11368.242746
-0.348857,6,11368.414578
-0.039471,1,11368.445819
-1.559169,16,11368.851975
-8.234725,50,11370.101685
-0.459274,7,11370.289136
-0.675096,8,11370.460972
-0.538933,8,11370.648428
-0.528565,7,11370.804641
-0.843026,8,11370.992098
-0.543246,7,11371.148312
-0.963712,10,11371.367012
-0.831295,9,11371.554464
-0.610001,7,11371.741923
-0.362215,6,11371.882512
-0.367263,6,11372.023104
-0.331439,6,11372.148074
-0.686834,8,11372.335533
-0.037161,1,11372.366775
-0.659038,8,11372.538608
-0.022393,1,11372.554231
-0.60533,8,11372.757309
-0.566109,7,11372.897902
-0.396485,6,11373.022873
-0.879738,9,11373.225949
-0.357769,6,11373.366539
-0.010709,1,11373.397783
-0.535534,7,11373.55403
-0.029666,1,11373.585238
-0.504521,7,11373.741452
-1.009545,10,11373.97578
-0.030805,1,11374.007014
-0.63428,8,11374.194471
-1.057415,11,11374.491278
-0.605616,7,11374.663109
-0.664619,8,11374.834944
-0.486855,7,11374.97554
-1.835722,17,11375.350448
-0.611913,8,11375.537907
-0.049788,1,11375.56915
-0.62305,8,11375.740982
-0.047348,1,11375.772223
-1.118269,12,11376.08465
-0.339727,6,11376.240866
-0.429983,7,11376.397081
-0.674572,8,11376.600158
-1.039361,10,11376.818856
-0.269285,5,11376.943823
-0.50675,7,11377.115697
-0.569353,8,11377.318735
-0.762781,8,11377.521812
-0.694194,8,11377.693648
-0.048309,1,11377.709274
-0.242706,5,11377.83424
-0.582027,7,11378.006079
-0.046592,1,11378.037321
-0.405068,6,11378.177913
-0.757962,9,11378.427852
-0.027314,1,11378.459099
-0.703817,8,11378.630931
-0.253013,5,11378.724656
-0.042468,1,11378.77152
-0.704443,8,11378.958978
-0.707674,8,11379.14643
-0.558482,7,11379.302645
-5.228202,50,11380.443006
-0.598326,7,11380.583594
-0.449161,6,11380.739811
-0.485155,7,11380.911642
-0.044324,1,11380.942922
-0.452336,6,11381.083476
-0.660086,10,11381.317834
-0.01049,1,11381.333421
-0.468467,7,11381.505255
-0.442539,7,11381.66147
-2.353125,26,11382.270736
-0.492073,7,11382.442533
-0.521252,7,11382.61437
-0.517516,7,11382.754964
-0.69592,8,11382.958035
-0.285362,5,11383.083006
-0.363177,6,11383.207981
-0.363109,6,11383.379818
-0.419931,6,11383.504787
-0.6963,8,11383.660998
-2.607902,34,11384.457684
-0.024242,1,11384.473329
-0.746391,9,11384.692003
-0.917665,9,11384.910706
-0.61682,8,11385.11378
-0.984919,9,11385.301237
-0.381494,6,11385.441829
-0.381038,6,11385.582423
-0.730185,10,11385.832365
-0.413306,6,11385.957337
-0.894735,9,11386.160408
-0.012969,1,11386.17603
-0.794966,9,11386.41035
-0.579249,7,11386.550943
-0.927917,9,11386.754019
-0.69795,8,11386.941479
-0.446533,6,11387.082068
-0.793411,9,11387.285148
-6.585978,50,11388.409881
-0.515487,7,11388.581719
-0.479951,7,11388.753555
-0.650411,8,11388.925388
-0.019577,1,11388.941011
-1.30387,13,11389.253433
-1.045376,10,11389.518996
-0.039013,1,11389.550239
-0.681637,9,11389.768936
-1.127637,11,11390.003257
-8.683374,50,11391.190478
-0.533931,8,11391.377937
-0.552647,8,11391.549769
-0.415068,7,11391.721606
-1.359139,16,11392.127757
-0.030249,1,11392.14338
-0.55797,7,11392.299591
-0.380289,6,11392.455807
-0.576897,7,11392.62764
-0.047812,1,11392.643262
-0.046752,1,11392.658884
-0.01705,1,11392.690126
-0.537946,7,11392.861963
-0.684967,10,11393.080659
-0.351917,6,11393.205629
-0.015552,1,11393.236872
-0.018075,1,11393.268115
-0.042162,1,11393.283743
-0.497218,7,11393.439952
-0.26652,5,11393.549298
-0.521836,7,11393.721135
-0.450513,6,11393.84611
-0.044359,1,11393.877346
-0.998104,9,11394.064806
-0.525424,7,11394.236643
-0.716808,9,11394.47096
-0.429886,7,11394.627175
-0.62235,8,11394.830248
-0.476882,7,11395.002082
-0.712451,9,11395.205163
-0.015461,1,11395.236402
-0.040057,1,11395.267644
-0.043116,1,11395.283266
-3.146564,50,11396.408001
-0.356479,6,11396.548598
-0.659607,9,11396.751675
-0.527554,7,11396.954749
-0.03044,1,11396.970371
-0.426167,7,11397.126588
-0.419972,7,11397.298417
-0.049763,1,11397.329661
-0.250877,5,11397.439012
-1.671125,18,11397.923271
-0.029679,1,11397.954554
-0.779889,9,11398.173215
-0.66422,7,11398.329426
-0.375484,6,11398.4544
-0.584993,7,11398.626284
-0.296814,6,11398.766824
-0.398995,6,11398.891799
-0.412984,6,11399.032401
-0.493698,7,11399.172983
-0.048908,1,11399.20422
-0.68718,8,11399.391676
-0.816463,9,11399.594753
-0.036687,1,11399.610379
-0.039062,1,11399.64162
-0.29716,5,11399.750966
-0.837257,9,11399.938423
-0.032255,1,11399.954044
-0.341454,6,11400.094638
-0.409866,7,11400.250849
-1.022224,10,11400.469548
-1.158768,12,11400.766356
-0.749782,9,11401.031918
-0.672823,9,11401.219376
-0.749556,9,11401.469319
-0.25098,5,11401.594284
-0.604938,7,11401.766123
-0.623852,8,11401.953579
-0.014128,1,11401.984821
-0.047708,1,11402.000443
-0.04638,1,11402.031682
-0.521383,8,11402.219144
-0.329469,6,11402.375352
-0.700317,8,11402.578465
-0.65058,8,11402.765885
-0.453118,7,11402.937718
-0.039027,1,11402.953339
-0.33904,6,11403.109557
-0.31809,6,11403.281388
-0.71097,10,11403.531333
-0.024933,1,11403.562575
-0.024923,1,11403.578197
-0.953676,9,11403.812513
-0.039275,1,11403.82814
-0.24575,5,11403.937488
-0.405674,6,11404.062454
-0.018683,1,11404.093698
-0.561735,8,11404.281155
-0.810531,9,11404.46861
-0.036108,1,11404.499851
-0.718427,8,11404.68731
-0.026431,1,11404.718553
-0.245018,5,11404.827899
-0.456857,7,11404.999735
-0.479737,8,11405.218437
-0.028847,1,11405.234058
-0.246531,5,11405.343403
-0.008996,1,11405.359024
-0.445277,7,11405.54648
-0.598414,7,11405.702693
-1.575357,16,11406.061986
-0.533868,7,11406.249442
-2.080402,25,11406.827429
-0.046016,1,11406.84309
-0.047202,1,11406.874295
-0.256652,5,11406.999267
-0.433154,6,11407.13986
-0.3916,6,11407.264832
-0.049878,1,11407.280452
-0.754391,9,11407.483526
-0.402101,6,11407.624118
-0.389494,6,11407.749089
-0.423413,6,11407.889682
-0.027033,1,11407.920927
-0.7615,10,11408.170864
-0.376401,6,11408.327081
-1.459975,13,11408.608262
-0.047356,1,11408.623883
-0.283214,5,11408.733233
-0.017701,1,11408.764478
-0.036719,1,11408.780099
-0.622547,8,11408.983178
-0.674052,7,11409.139392
-0.503075,7,11409.311225
-0.343798,5,11409.404948
-0.447416,7,11409.561164
-0.777221,10,11409.795487
-0.354315,6,11409.920457
-0.665767,8,11410.092288
-4.013513,50,11411.201404
-0.385125,6,11411.357648
-0.047614,1,11411.38889
-0.345256,6,11411.545075
-0.333506,6,11411.670046
-0.652613,8,11411.873119
-0.043909,1,11411.904364
-0.633313,7,11412.076198
-0.702282,8,11412.263655
-0.413176,7,11412.435491
-0.262067,5,11412.544837
-0.859438,10,11412.794778
-0.567164,7,11412.950996
-0.664932,7,11413.122825
-1.098685,13,11413.435253
-0.789578,10,11413.685194
-0.77164,10,11413.903894
-0.718191,8,11414.10697
-0.047871,1,11414.122591
-0.497192,7,11414.294426
-0.58624,7,11414.435019
-0.519784,7,11414.606853
-0.589637,7,11414.778687
-0.391832,6,11414.919312
-0.499589,7,11415.075495
-0.242773,5,11415.216086
-0.045202,1,11415.247327
-0.53796,7,11415.419162
-0.709364,8,11415.606622
-0.533853,7,11415.794085
-0.259779,5,11415.887805
-0.418119,6,11416.028394
-0.398603,6,11416.153368
-0.47866,6,11416.29396
-0.512829,7,11416.450173
-0.041482,1,11416.465794
-0.618569,7,11416.622007
-0.588646,7,11416.778224
-0.034563,1,11416.793844
-0.464772,6,11416.93443
-0.033126,1,11416.965673
-0.440192,7,11417.137508
-0.200305,4,11417.231237
-0.245659,5,11417.371829
-0.493195,7,11417.528041
-1.489107,20,11418.012303
-1.09922,11,11418.246628
-0.415499,6,11418.387215
-3.352229,50,11419.496331
-0.034115,1,11419.527571
-0.01494,1,11419.558814
-0.653423,7,11419.73065
-0.548089,7,11419.871244
-0.034726,1,11419.902484
-0.648772,8,11420.089941
-0.579485,7,11420.246159
-0.584401,8,11420.464851
-0.043201,1,11420.496094
-0.671174,8,11420.699175
-0.042636,1,11420.714793
-0.049174,1,11420.746038
-0.253436,5,11420.88663
-0.292917,5,11420.995978
-0.978824,10,11421.230298
-0.411689,7,11421.38651
-0.375969,6,11421.558344
-0.560352,7,11421.698937
-0.403612,6,11421.83953
-0.043474,1,11421.855153
-0.361175,6,11422.026986
-0.733288,8,11422.19882
-0.581656,8,11422.370654
-0.027205,1,11422.401897
-0.24177,5,11422.526866
-0.676112,8,11422.729946
-0.39397,6,11422.88616
-0.481472,6,11423.02675
-7.300739,50,11424.229598
-0.317682,6,11424.370185
-0.027774,1,11424.401433
-0.042351,1,11424.417051
-0.251933,5,11424.542023
-0.040548,1,11424.557645
-3.599528,50,11425.697999
-0.243855,5,11425.854212
-0.648229,8,11426.072909
-0.017363,1,11426.088535
-2.153965,24,11426.604035
-0.83572,9,11426.807115
-1.09387,10,11427.025813
-0.614002,8,11427.197647
-0.474534,6,11427.338241
-0.664659,8,11427.510072
-0.60226,8,11427.713151
-0.767118,9,11427.91623
-0.29635,6,11428.072439
-0.367568,6,11428.213036
-0.034171,1,11428.244274
-0.04106,1,11428.275518
-0.747916,8,11428.462974
-0.665432,8,11428.650436
-2.349803,22,11429.228419
-0.335682,6,11429.415874
-1.107436,11,11429.697061
-0.030378,1,11429.7283
-0.449081,7,11429.91576
-0.045641,1,11429.93138
-0.781278,10,11430.134455
-0.45821,7,11430.306294
-0.035549,1,11430.337533
-0.72827,8,11430.556231
-0.030293,1,11430.587473
-0.042039,1,11430.618719
-0.495797,7,11430.806173
-0.581394,8,11430.978007
-0.353426,6,11431.118638
-1.174883,13,11431.446652
-0.421704,6,11431.602861
-0.809064,10,11431.852802
-0.976085,11,11432.149607
-0.390487,6,11432.290204
-0.965947,11,11432.555761
-0.541191,8,11432.711978
-0.538964,8,11432.915055
-0.037463,1,11432.930677
-4.279155,50,11434.133516
-0.003742,1,11434.149138
-0.604067,8,11434.336596
-0.651245,8,11434.508434
-0.018731,1,11434.555293
-0.043047,1,11434.586535
-0.613134,7,11434.75837
-0.651469,8,11434.914587
-0.044098,1,11434.945828
-0.817414,9,11435.148904
-0.61694,8,11435.351979
-0.046307,1,11435.367603
-0.499925,7,11435.55506
-0.534428,7,11435.695651
-0.243848,5,11435.820623
-0.607345,7,11435.976838
-0.373402,6,11436.148668
-0.740777,8,11436.320502
-0.294377,5,11436.445515
-0.603708,8,11436.617312
-0.762934,8,11436.789147
-0.293785,6,11436.929734
-0.441667,7,11437.101571
-0.011787,1,11437.132813
-0.55558,7,11437.32027
-0.61165,7,11437.476482
-0.815757,9,11437.695183
-0.957212,10,11437.913886
-0.595627,8,11438.116955
-0.388321,6,11438.257548
-0.666254,8,11438.429386
-0.035436,1,11438.445009
-0.529566,7,11438.632459
-0.490395,7,11438.819916
-0.020744,1,11438.835539
-0.841509,9,11439.054243
-0.696944,8,11439.288557
-0.354021,5,11439.413532
-0.037572,1,11439.429152
-0.411577,6,11439.569739
-0.626188,8,11439.772817
-0.518611,6,11439.913414
-0.757098,8,11440.085248
-0.489487,6,11440.225836
-1.524458,14,11440.631991
-0.025646,1,11440.663234
-0.481869,7,11440.819448
-0.576375,7,11440.975662
-0.711668,10,11441.225603
-0.547894,7,11441.381816
-1.022029,10,11441.584893
-0.426173,6,11441.725487
-0.354071,6,11441.866079
-0.32778,5,11441.97543
-0.822373,9,11442.209748
-0.397742,6,11442.365958
-1.264678,18,11442.772145
-0.646254,8,11442.943951
-0.656864,7,11443.115781
-0.647227,8,11443.318859
-0.423243,6,11443.475076
-0.017607,1,11443.506315
-0.407999,6,11443.646912
-0.653152,8,11443.818745
-0.038514,1,11443.849985
-0.324314,6,11443.990581
-1.546997,18,11444.396732
-0.529652,7,11444.552946
-0.384079,6,11444.724779
-0.712212,8,11444.896617
-0.350918,5,11445.005961
-0.791399,8,11445.193418
-0.012864,1,11445.224667
-0.810789,9,11445.458981
-0.032362,1,11445.474602
-0.319306,6,11445.599587
-0.615523,8,11445.802654
-0.033291,1,11445.833893
-0.809245,8,11446.005763
-0.032806,1,11446.03697
-0.79357,8,11446.255673
-0.387818,7,11446.411882
-0.683503,8,11446.61496
-0.489856,7,11446.771175
-0.578074,7,11446.911783
-0.693254,8,11447.099221
-0.301102,5,11447.224192
-0.006424,1,11447.255438
-0.661857,8,11447.458515
-0.713547,8,11447.645969
-0.603383,7,11447.786563
-0.68605,8,11447.989689
-0.668999,8,11448.208336
-0.033742,1,11448.239584
-0.540681,7,11448.395794
-0.255919,5,11448.489523
-0.607959,8,11448.708219
-0.544668,7,11448.880052
-0.828772,9,11449.083134
-0.048834,1,11449.098751
-0.548988,7,11449.286207
-0.869268,10,11449.504909
-0.01625,1,11449.520542
-0.406866,6,11449.645501
-0.664174,8,11449.848576
-0.733014,9,11450.051654
-0.303943,5,11450.161002
-0.611974,8,11450.348458
-0.720444,8,11450.535914
-0.048388,1,11450.567156
-0.886167,10,11450.80148
-0.411941,7,11450.957694
-0.422973,7,11451.113906
-0.044865,1,11451.145146
-0.671515,8,11451.332605
-0.446698,7,11451.473194
-0.716023,8,11451.660649
-0.919514,10,11451.910591
-0.478856,7,11452.066805
-0.736486,9,11452.301125
-1.975399,25,11452.847872
-0.021358,1,11452.863493
-0.736054,9,11453.066569
-0.529184,7,11453.207163
-0.885451,9,11453.441483
-0.962556,10,11453.66018
-0.386542,6,11453.785152
-0.387161,6,11453.925741
-0.620784,7,11454.081959
-0.656176,8,11454.269446
-0.636486,8,11454.472488
-0.677968,8,11454.675567
-1.80789,23,11455.19107
-0.35958,6,11455.331662
-0.034313,1,11455.362905
-0.262692,5,11455.487874
-0.41128,7,11455.644091
-0.833301,9,11455.862789
-0.568906,8,11456.08149
-0.508743,7,11456.237703
-0.5021,7,11456.425157
-0.425323,6,11456.565751
-0.048229,1,11456.596992
-0.02086,1,11456.612615
-0.727545,8,11456.831315
-0.449585,7,11457.003145
-0.551918,7,11457.174983
-0.273676,5,11457.268713
-0.256086,5,11457.39368
-0.97779,10,11457.612377
-0.543739,7,11457.768593
-0.022544,1,11457.799833
-0.585387,7,11457.971669
-0.275504,5,11458.081016
-0.467652,7,11458.237231
-0.419186,6,11458.377824
-0.541166,7,11458.580899
-0.653372,7,11458.721495
-0.399011,6,11458.846466
-0.879269,8,11459.018297
-0.32613,6,11459.19013
-0.024448,1,11459.221374
-0.585946,8,11459.408833
-0.538528,7,11459.549426
-1.062308,10,11459.846228
-0.389169,6,11459.971196
-0.469357,6,11460.11179
-0.783102,8,11460.299249
-0.300103,5,11460.424216
-0.033118,1,11460.455463
-0.425185,6,11460.596052
-0.497212,8,11460.767885
-0.962752,11,11461.033452
-0.63653,8,11461.220908
-0.048451,1,11461.236529
-0.048581,1,11461.267771
-0.775354,10,11461.517709
-0.61309,7,11461.673923
-0.33819,6,11461.814515
-0.687545,8,11461.970731
-0.3153,6,11462.126942
-0.044228,1,11462.142564
-0.429209,6,11462.283156
-0.350152,6,11462.408132
-0.607955,8,11462.626824
-0.017736,1,11462.642445
-0.690406,8,11462.861144
-0.474065,7,11463.017359
-0.03339,1,11463.048604
-0.711569,8,11463.236056
-0.695232,8,11463.407894
-0.022221,1,11463.439174
-1.604956,19,11463.907775
-0.500581,7,11464.063991
-0.318935,5,11464.173339
-0.43575,6,11464.313927
-1.112735,12,11464.595112
-0.571374,7,11464.751329
-0.498991,7,11464.891919
-0.418353,6,11465.032512
-0.032531,1,11465.079373
-0.031171,1,11465.110615
-0.297936,6,11465.251239
-0.269846,5,11465.37618
-0.25414,5,11465.516769
-0.37557,6,11465.64174
-1.206475,13,11466.079137
-0.5823,8,11466.360321
-0.040856,1,11466.391565
-0.807909,11,11466.750855
-0.405772,7,11467.000795
-0.046205,1,11467.032038
-0.453826,6,11467.25074
-0.561356,7,11467.469436
-0.375698,6,11467.672513
-0.037874,1,11467.703756
-0.015898,1,11467.750619
-0.354021,6,11467.953698
-0.518403,6,11468.094289
-0.454485,6,11468.250504
-0.549461,8,11468.45358
-1.225828,13,11468.734767
-0.005916,1,11468.766041
-0.483315,7,11468.906602
-0.011006,1,11468.937845
-0.364828,6,11469.094093
-0.04489,1,11469.109678
-0.041043,1,11469.140918
-0.688057,12,11469.422104
-0.827275,9,11469.625184
-0.047663,1,11469.656426
-0.493692,7,11469.828261
-1.10418,11,11470.078203
-0.028316,1,11470.109442
-0.285089,5,11470.203169
-0.486415,7,11470.375004
-0.671655,8,11470.578083
-8.230869,50,11471.671578
-0.817178,9,11471.874655
-0.654187,8,11472.046488
-0.36471,6,11472.21832
-0.358791,6,11472.343293
-0.409696,6,11472.468262
-0.800685,9,11472.702583
-0.588692,7,11472.874417
-2.563857,30,11473.592999
-0.004562,1,11473.624242
-0.657287,8,11473.811701
-0.721946,9,11474.077259
-0.427442,7,11474.249094
-0.034193,1,11474.264715
-0.684121,7,11474.420928
-0.580951,9,11474.624012
-1.015085,10,11474.858326
-0.564628,7,11475.014543
-0.849888,9,11475.233242
-0.841798,10,11475.498834
-0.392594,6,11475.623773
-0.027783,1,11475.655015
-0.690814,8,11475.826882
-0.489944,7,11476.014308
-0.528963,7,11476.154901
-0.588327,8,11476.342356
-0.038617,1,11476.357979
-0.424804,7,11476.529813
-0.026085,1,11476.561052
-0.495911,7,11476.717265
-0.55218,8,11476.889103
-0.262388,5,11477.029692
-0.369231,6,11477.170288
-0.414429,6,11477.295255
-0.692772,9,11477.482711
-0.722817,9,11477.701411
-0.950527,10,11477.951349
-3.884436,50,11479.091708
-0.464372,6,11479.2323
-0.045233,1,11479.263542
-0.390614,6,11479.404136
-0.752663,8,11479.575968
-0.422268,6,11479.732182
-0.040659,1,11479.763424
-0.684496,8,11479.950879
-0.035258,1,11479.9665
-0.636444,7,11480.122719
-0.361323,6,11480.278928
-0.521055,7,11480.435141
-0.389871,6,11480.575737
-0.032249,1,11480.591355
-0.354585,6,11480.77881
-0.259336,5,11480.903782
-0.6035,7,11481.044374
-0.524115,7,11481.216208
-0.551457,7,11481.403665
-0.446487,7,11481.575498
-0.695616,8,11481.747337
-0.34715,6,11481.903546
-0.6554,8,11482.091003
-0.411903,7,11482.278461
-0.343702,6,11482.450293
-2.606755,34,11483.200119
-0.70701,8,11483.403197
-0.379568,5,11483.559409
-0.049677,1,11483.590652
-0.750395,8,11483.762486
-0.688145,8,11483.965563
-0.554083,7,11484.121781
-0.268121,5,11484.231124
-0.55563,8,11484.41858
-0.702638,8,11484.621658
-0.027635,1,11484.63728
-0.331173,6,11484.777875
-0.194977,4,11484.871598
-0.045007,1,11484.902844
-0.869781,9,11485.137166
-1.032205,10,11485.371485
-0.025516,1,11485.402726
-0.427715,6,11485.543316
-0.99337,9,11485.762016
-0.783791,9,11485.965097
-0.020476,1,11485.980713
-0.591083,8,11486.168169
-0.732956,9,11486.38687
-0.309554,6,11486.543084
-0.037154,1,11486.558705
-0.31826,6,11486.714915
-0.659009,8,11486.917995
-0.29236,5,11487.042965
-1.069896,10,11487.308529
-0.206085,4,11487.417879
-0.04664,1,11487.433501
-0.534012,7,11487.57409
-0.719491,8,11487.777166
-0.495866,7,11487.933381
-0.43694,6,11488.073977
-0.772217,8,11488.245819
-0.617438,7,11488.417641
-1.036727,11,11488.698824
-0.394015,6,11488.823801
-10.451392,50,11489.948532
-0.459226,7,11490.135988
-0.458148,6,11490.292202
-0.348635,6,11490.432793
-0.025464,1,11490.464036
-0.373963,6,11490.604631
-0.37189,6,11490.776461
-0.529208,7,11490.948301
-0.987245,9,11491.167
-0.029628,1,11491.198241
-0.024058,1,11491.245102
-0.622199,7,11491.416937
-0.274712,5,11491.526286
-0.332522,6,11491.682505
-0.626889,8,11491.885576
-0.559737,7,11492.026173
-0.526795,7,11492.213656
-0.478493,7,11492.385459
-1.489425,21,11492.920952
-0.031953,1,11492.952197
-0.503984,7,11493.124034
-0.266615,5,11493.217762
-0.272393,5,11493.373971
-0.708209,8,11493.561426
-0.71683,8,11493.717643
-1.787796,22,11494.28001
-0.918639,9,11494.483085
-0.508773,7,11494.65492
-0.988056,11,11494.946759
-0.37529,6,11495.087348
-0.560197,7,11495.259185
-0.399934,6,11495.415395
-0.43509,7,11495.571614
-0.640201,8,11495.774686
-0.553048,7,11495.946523
-0.450505,7,11496.102736
-0.712615,8,11496.29019
-0.504149,7,11496.446406
-3.549412,50,11497.571139
-1.660129,21,11498.024157
-0.049415,1,11498.03978
-0.559082,7,11498.195997
-0.278535,5,11498.336586
-0.342954,6,11498.477179
-0.373179,6,11498.617773
-0.479356,7,11498.789603
-0.623263,8,11498.961441
-0.403732,6,11499.102029
-0.253113,5,11499.227
-0.742523,9,11499.492565
-0.544819,7,11499.664401
-1.773556,18,11500.070556
-0.016075,1,11500.086178
-0.786451,8,11500.289254
-0.50931,7,11500.47671
-0.30516,6,11500.617301
-0.285471,6,11500.757892
-0.038154,1,11500.789133
-0.553828,7,11500.945364
-0.702293,8,11501.132806
-0.648293,8,11501.304641
-0.037654,1,11501.33588
-0.481878,7,11501.507713
-0.04699,1,11501.523335
-0.55096,7,11501.69517
-0.036504,1,11501.710794
-0.328586,6,11501.835766
-0.455763,7,11501.99198
-1.565578,15,11502.335649
-0.037782,1,11502.351271
-0.821184,9,11502.585589
-0.97188,12,11502.835534
-0.521918,6,11502.976123
-0.411413,6,11503.101097
-0.251217,5,11503.226061
-0.424584,6,11503.351035
-0.256614,5,11503.46038
-0.971608,11,11503.74157
-0.382997,6,11503.897778
-0.048798,1,11503.92902
-0.317855,6,11504.069612
-0.049384,1,11504.085236
-0.800484,9,11504.335175
-0.442942,7,11504.491392
-0.370013,6,11504.647606
-0.030704,1,11504.663227
-0.04508,1,11504.694465
-0.829874,9,11504.881925
-0.892633,9,11505.069382
-0.55939,8,11505.241217
-0.609234,8,11505.459912
-0.024201,1,11505.491154
-0.838905,10,11505.725475
-0.404002,6,11505.850447
-0.389147,6,11506.006662
-0.48415,7,11506.162874
-0.509807,7,11506.319089
-0.339513,7,11506.459682
-0.501527,7,11506.631512
-0.026772,1,11506.662755
-0.040872,1,11506.678376
-0.583928,7,11506.834592
-0.645608,8,11507.022044
-0.612797,8,11507.209502
-0.033053,1,11507.240747
-0.642831,8,11507.443824
-0.626388,7,11507.600033
-0.041475,1,11507.615656
-0.884383,8,11507.803111
-1.067624,11,11508.084297
-0.717699,9,11508.334238
-6.783568,50,11509.474597
-0.048706,1,11509.490218
-0.023507,1,11509.52147
-0.451755,7,11509.677676
-0.574612,7,11509.833888
-0.204676,4,11509.927617
-0.433218,6,11510.052582
-0.68887,8,11510.25566
-0.747184,8,11510.474358
-0.024589,1,11510.489987
-0.966352,10,11510.708678
-0.269855,5,11510.864893
-0.040673,1,11510.896137
-0.271467,5,11511.005484
-0.660481,8,11511.19294
-0.012951,1,11511.224183
-0.508305,7,11511.396019
-0.549759,7,11511.567892
-0.505101,7,11511.724116
-0.453255,6,11511.86466
-0.339412,6,11512.005249
-0.933987,10,11512.239574
-0.397957,6,11512.395782
-0.815725,9,11512.645726
-0.541844,7,11512.786319
-0.886173,9,11512.989396
-0.910529,10,11513.223712
-0.25022,5,11513.364308
-2.178721,30,11514.00478
-0.569019,7,11514.160995
-0.697577,8,11514.36407
-0.359973,6,11514.504663
-0.038369,1,11514.520285
-0.750933,8,11514.692121
-0.368782,6,11514.83271
-0.247662,5,11514.957681
-0.028844,1,11514.988925
-0.335343,6,11515.113899
-0.664917,8,11515.316971
-0.225036,5,11515.457564
-0.350956,6,11515.613818
-0.46954,7,11515.785615
-0.470067,7,11515.941826
-0.450262,6,11516.098037
-0.795111,9,11516.301114
-0.408279,6,11516.441705
-0.512049,7,11516.597921
-0.904717,9,11516.832243
-0.048029,1,11516.847865
-0.643993,8,11517.0197
-0.526325,7,11517.175912
-0.275683,5,11517.300883
-0.435858,6,11517.488336
-0.760858,8,11517.675792
-0.670422,8,11517.863249
-0.028613,1,11517.894491
-3.438584,50,11519.003606
-0.015711,1,11519.019228
-0.564811,8,11519.206684
-0.482632,6,11519.378516
-0.364669,6,11519.519109
-0.374231,6,11519.675325
-0.402603,6,11519.83154
-0.333121,6,11519.987755
-0.419754,6,11520.112725
-0.36764,6,11520.237695
-0.369378,6,11520.393905
-0.594415,8,11520.565742
-0.031175,1,11520.596985
-1.139836,14,11520.893786
-0.422997,6,11521.034379
-0.777434,9,11521.253081
-0.820634,9,11521.487397
-0.511844,7,11521.627993
-0.013867,1,11521.643611
-0.651666,8,11521.831067
-0.349302,6,11521.97166
-0.649601,8,11522.143495
-0.025794,1,11522.174735
-0.238474,5,11522.29971
-0.360923,6,11522.440303
-0.040292,1,11522.471579
-12.808575,50,11523.611902
-0.63914,8,11523.814975
-0.59243,8,11523.986813
-0.346159,6,11524.111781
-0.312829,6,11524.267997
-0.631722,8,11524.471074
-0.460654,6,11524.627285
-0.926968,9,11524.830362
-0.048996,1,11524.861605
-0.777377,9,11525.080304
-0.682639,7,11525.314624
-0.591062,8,11525.533322
-0.298932,6,11525.689534
-0.500565,7,11525.892613
-0.047028,1,11525.923857
-0.522644,7,11526.080071
-0.318765,6,11526.220664
-0.026843,1,11526.251901
-0.020839,1,11526.267524
-0.583696,7,11526.408121
-0.031913,1,11526.439362
-0.949253,9,11526.658057
-0.520867,7,11526.814275
-0.920666,9,11527.017353
-0.405785,6,11527.142318
-0.518951,7,11527.314153
-0.041086,1,11527.345413
-0.675205,8,11527.548473
-0.315587,5,11527.657825
-0.746511,8,11527.892143
-0.754735,9,11528.142083
-0.416382,6,11528.28268
-0.755029,8,11528.470136
-0.244975,5,11528.579486
-0.033432,1,11528.610762
-0.731091,8,11528.782561
-0.669396,8,11528.97002
-0.510654,7,11529.141853
-0.93015,10,11529.360551
-4.183997,50,11530.500909
-0.656875,8,11530.719607
-0.501086,7,11530.891438
-0.761635,10,11531.094517
-0.446852,6,11531.235107
-0.478574,6,11531.375699
-0.51073,7,11531.547534
-0.031006,1,11531.578776
-0.473615,7,11531.71937
-0.009435,1,11531.734995
-0.015566,1,11531.781862
-0.507145,7,11531.953691
-1.928279,28,11532.656649
-0.683921,7,11532.812861
-0.990013,9,11533.031564
-0.642464,8,11533.219016
-0.481657,8,11533.422094
-0.039494,1,11533.453336
-0.023416,1,11533.484579
-0.643021,7,11533.656418
-0.551237,7,11533.812627
-0.760362,8,11534.01571
-0.278399,5,11534.125054
-0.540732,7,11534.265649
-0.897738,10,11534.499965
-0.411716,7,11534.640561
-0.020393,1,11534.6718
-0.434122,6,11534.812392
-0.289393,5,11534.921742
-0.255512,5,11535.031095
-0.706794,8,11535.218549
-0.928347,14,11535.530972
-0.032214,1,11535.562216
-0.780372,9,11535.765296
-0.543165,7,11535.937128
-0.543824,7,11536.093345
-0.640804,8,11536.296419
-0.702257,8,11536.499504
-0.625974,8,11536.718195
-0.040546,1,11536.733816
-0.039611,1,11536.765059
-0.029293,1,11536.796302
-0.336724,6,11536.921275
-0.55429,7,11537.093107
-0.351604,6,11537.233699
-0.647949,8,11537.436775
-0.636536,7,11537.59299
-0.048256,1,11537.608612
-0.705814,9,11537.796072
-0.353752,6,11537.921038
-0.335116,5,11538.046008
-0.326979,5,11538.15539
-0.946448,10,11538.374057
-0.049916,1,11538.389683
-0.289633,5,11538.514647
-0.59749,8,11538.702106
-0.340445,5,11538.827074
-0.609763,7,11538.967671
-0.861505,9,11539.20199
-0.481335,7,11539.37382
-0.81215,9,11539.576897
-0.030066,1,11539.592522
-0.769668,9,11539.811222
-0.891199,10,11540.029921
-0.506266,8,11540.201758
-0.774805,9,11540.42045
-0.021703,1,11540.451695
-1.782166,22,11540.967196
-3.29686,50,11542.107555
-0.642212,8,11542.310635
-0.583294,8,11542.513712
-0.421,7,11542.669925
-0.006236,1,11542.685548
-0.562975,7,11542.826138
-0.343703,6,11542.998011
-0.289931,5,11543.122944
-0.705088,8,11543.326018
-0.481258,7,11543.497852
-0.031327,1,11543.529095
-0.025721,1,11543.560338
-0.257389,5,11543.68531
-0.467322,7,11543.857144
-0.347951,6,11543.997737
-0.037106,1,11544.01336
-0.03206,1,11544.044598
-0.017849,1,11544.06022
-1.52981,16,11544.450758
-0.511537,7,11544.622588
-0.736561,9,11544.825665
-0.269047,5,11544.935018
-0.593176,7,11545.10685
-0.384428,6,11545.247441
-0.641397,8,11545.434903
-0.247496,5,11545.544249
-0.041025,1,11545.575531
-0.443753,7,11545.747324
-0.046155,1,11545.762946
-0.028758,1,11545.794192
-0.245704,5,11545.919158
-0.299167,6,11546.044168
-0.005688,1,11546.059755
-0.268049,5,11546.184729
-0.864054,9,11546.403422
-2.406718,27,11546.98141
-0.595738,7,11547.153244
-0.02447,1,11547.184488
-0.488575,7,11547.340702
-0.571989,8,11547.512533
-0.488282,7,11547.684372
-0.750318,10,11547.918693
-0.029146,1,11547.949935
-3.894837,50,11549.105914
-7.633947,50,11550.433723
-0.795355,8,11550.605559
-3.697769,50,11551.71471
-0.043011,1,11551.745916
-0.266088,5,11551.870888
-0.325055,6,11552.027098
-1.056491,11,11552.292712
-0.503763,7,11552.433257
-0.30837,6,11552.558225
-1.660599,18,11552.964378
-0.902499,9,11553.198698
-0.566887,7,11553.339291
-0.49536,7,11553.511127
-0.430425,7,11553.682961
-0.355581,5,11553.80793
-0.260896,5,11553.90166
-0.027562,1,11553.932901
-0.590109,7,11554.073493
-3.338831,50,11555.291961
-0.309816,5,11555.432549
-0.047803,1,11555.448171
-0.486005,6,11555.588762
-0.502127,7,11555.744976
-0.550594,7,11555.901189
-0.011399,1,11555.932431
-3.772725,48,11557.057167
-0.647194,8,11557.244625
-0.360139,6,11557.369595
-0.431528,6,11557.494564
-0.046794,1,11557.52581
-1.137432,11,11557.822613
-1.10016,11,11558.088173
-0.832274,8,11558.260011
-0.631648,8,11558.431845
-0.352065,6,11558.572438
-1.436179,16,11558.916109
-0.313372,6,11559.056698
-0.618606,7,11559.212912
-0.033614,1,11559.259775
-0.293775,5,11559.384745
-0.641118,7,11559.556581
-0.033886,1,11559.572203
-0.726411,8,11559.790902
-0.03356,1,11559.822144
-0.008695,1,11559.837765
-0.759028,9,11560.072084
-0.333002,6,11560.212676
-0.034898,1,11560.228299
-0.790658,9,11560.447
-0.560596,7,11560.603209
-0.254277,5,11560.728182
-0.929338,8,11560.931259
-0.041926,1,11560.94688
-0.763582,8,11561.149959
-0.01652,1,11561.181207
-0.627991,7,11561.35304
-0.647196,8,11561.540489
-1.068348,10,11561.774812
-0.731081,9,11561.993509
-0.811942,8,11562.180964
-0.620572,8,11562.368419
-0.898613,8,11562.555876
-0.92532,11,11562.80582
-0.463144,7,11562.977654
-0.648044,8,11563.149486
-0.744409,8,11563.352563
-0.529298,8,11563.540022
-0.875928,10,11563.758719
-0.517893,7,11563.914932
-0.667065,8,11564.118009
-0.523414,7,11564.274226
-0.534311,7,11564.446057
-1.047775,10,11564.649139
-0.693205,8,11564.836594
-0.479765,7,11564.992804
-0.485472,7,11565.149019
-0.049693,1,11565.164642
-0.267354,5,11565.289612
-0.369741,6,11565.445825
-0.741683,9,11565.633279
-0.416875,6,11565.789494
-0.27376,5,11565.898844
-0.789277,9,11566.101926
-0.263819,5,11566.226893
-0.033297,1,11566.242513
-0.370628,6,11566.398729
-0.753277,8,11566.617426
-0.297887,5,11566.71115
-0.023527,1,11566.758013
-0.767812,9,11566.961092
-0.410528,6,11567.101687
-0.462489,7,11567.273518
-0.043066,1,11567.28914
-0.446933,6,11567.414114
-0.022243,1,11567.461009
-0.764674,8,11567.664053
-0.771192,8,11567.85151
-0.042872,1,11567.867132
-0.437192,7,11568.038967
-0.047465,1,11568.070206
-0.444871,6,11568.210802
-0.485889,7,11568.367014
-1.249028,13,11568.663819
-0.345268,6,11568.804409
-0.024245,1,11568.820031
-0.020902,1,11568.851273
-0.324502,6,11568.976243
-0.727095,8,11569.179325
-0.345296,6,11569.319929
-0.568261,7,11569.476129
-0.546696,7,11569.632343
-0.480564,7,11569.804174
-0.377738,6,11569.960387
-0.338299,5,11570.069738
-0.586134,8,11570.288436
-0.404161,6,11570.413411
-0.276829,5,11570.522756
-0.721947,8,11570.757112
-0.046374,1,11570.772698
-0.854852,9,11570.991395
-0.035947,1,11571.038259
-0.612269,7,11571.178853
-0.723517,9,11571.428806
-0.560415,7,11571.600626
-0.829671,9,11571.803704
-0.66427,8,11572.022407
-0.411266,6,11572.178619
-0.036912,1,11572.194237
-0.612603,7,11572.350451
-0.71037,8,11572.537906
-0.335659,6,11572.678498
-0.486639,7,11572.834716
-0.544099,8,11573.03779
-0.546918,7,11573.225245
-0.861741,10,11573.490808
-0.588485,7,11573.662646
-0.712493,9,11573.865719
-0.352588,6,11574.006311
-0.602011,8,11574.209388
-0.573655,7,11574.365602
-0.38314,6,11574.506193
-0.037968,1,11574.521816
-0.015343,1,11574.55306
-0.694254,7,11574.740517
-0.642759,8,11574.927978
-0.049566,1,11574.943596
-0.641253,8,11575.146674
-0.683592,8,11575.33413
-0.037443,1,11575.349747
-0.04143,1,11575.380989
-0.347926,6,11575.537205
-0.598344,7,11575.693424
-0.297907,5,11575.802763
-0.046003,1,11575.818384
-0.747563,8,11576.021469
-0.210462,4,11576.09957
-0.559635,8,11576.28703
-0.344321,6,11576.427618
-0.038986,1,11576.458876
-0.424713,6,11576.599456
-0.042346,1,11576.615075
-5.486957,50,11577.755433
-0.204387,4,11577.849161
-0.487448,7,11578.005378
-0.038432,1,11578.036617
-0.893805,9,11578.239693
-0.683275,8,11578.44277
-0.047755,1,11578.474011
-0.758282,8,11578.630229
-4.836379,50,11580.832834
-0.029734,1,11580.879701
-0.329777,6,11581.020289
-0.446524,7,11581.176509
-0.288688,5,11581.285854
-0.650442,8,11581.520174
-1.108711,11,11581.770115
-0.293864,6,11581.910706
-0.260037,5,11582.035676
-0.366787,6,11582.176272
-0.680759,8,11582.363726
-0.043813,1,11582.379349
-0.362393,6,11582.504319
-0.025234,1,11582.535558
-0.794996,9,11582.75426
-0.341511,6,11582.879229
-1.705738,16,11583.269761
-0.636409,8,11583.472837
-0.649081,8,11583.660294
-0.640605,7,11583.81651
-0.929094,10,11584.035207
-0.022125,1,11584.066452
-0.993502,10,11584.300768
-0.618708,8,11584.48823
-0.7662,9,11584.706922
-0.620501,8,11584.894379
-0.393187,7,11585.050597
-0.045307,1,11585.066216
-0.010291,1,11585.097476
-0.485216,7,11585.269296
-0.835356,8,11585.472421
-0.572592,7,11585.612962
-0.588774,7,11585.800415
-0.571283,8,11585.987873
-0.764757,9,11586.206573
-0.348384,6,11586.347167
-0.045218,1,11586.362784
-0.622205,8,11586.550241
-0.623643,8,11586.722076
-0.414597,6,11586.862666
-0.048519,1,11586.87829
-0.021246,1,11586.909534
-0.035628,1,11586.940773
-0.523538,7,11587.09699
-0.027249,1,11587.112611
-0.73258,8,11587.300068
-0.530355,7,11587.45628
-0.799843,9,11587.674983
-0.829166,10,11587.893678
-0.04528,1,11587.940538
-0.402857,6,11588.081133
-0.275489,5,11588.190486
-0.635308,7,11588.362316
-0.039783,1,11588.393558
-0.48853,7,11588.565391
-0.656042,8,11588.737232
-0.777695,9,11588.940303
-0.039763,1,11588.971546
-0.283735,5,11589.065278
-1.043246,10,11589.299597
-0.400879,6,11589.42457
-0.764482,9,11589.674509
-0.659281,8,11589.861965
-0.518095,7,11590.033796
-0.038917,1,11590.049419
-0.919068,11,11590.346227
-1.0353,11,11590.611786
-0.330179,5,11590.736762
-0.601782,8,11590.908593
-0.653265,8,11591.096047
-0.023589,1,11591.12729
-0.452134,7,11591.283506
-0.044557,1,11591.314752
-0.637599,8,11591.486584
-0.744138,9,11591.689658
-0.882861,8,11591.892738
-0.040148,1,11591.923982
-0.033405,1,11591.955221
-0.525989,7,11592.111435
-0.878377,9,11592.298894
-0.251786,5,11592.408243
-0.288389,5,11592.533214
-0.581717,7,11592.689429
-0.403053,6,11592.830019
-0.030119,1,11592.84564
-0.047528,1,11592.892501
-2.133438,25,11593.486111
-0.506058,7,11593.626706
-0.04312,1,11593.657949
-0.473625,7,11593.829784
-0.434335,6,11593.970374
-0.035996,1,11594.001615
-0.287,5,11594.110964
-0.662806,8,11594.329663
-3.562536,50,11595.47002
-0.036706,1,11595.501262
-0.728302,9,11595.704344
-0.041524,1,11595.735584
-0.015275,1,11595.766829
-0.826507,9,11595.985524
-0.294984,5,11596.094873
-0.617959,8,11596.297954
-0.89642,9,11596.48541
-1.418777,15,11596.82908
-0.364289,6,11596.969671
-0.423101,7,11597.141502
-0.695377,8,11597.34458
-0.606127,7,11597.516417
-1.001102,13,11597.797603
-0.424578,7,11597.985054
-0.679455,8,11598.172512
-0.784968,9,11598.375587
-0.044327,1,11598.406831
-0.689384,8,11598.625529
-0.367792,6,11598.797364
-0.488277,6,11598.937957
-0.620615,8,11599.125413
-0.51647,7,11599.312868
-0.499595,7,11599.469085
-0.018578,1,11599.484705
-0.036411,1,11599.515945
-0.037387,1,11599.562823
-0.57114,7,11599.750265
-0.264537,5,11599.875237
-0.388427,6,11600.000206
-3.298459,35,11600.828137
-0.791389,8,11601.015595
-0.046109,1,11601.046838
-1.245,13,11601.359301
-0.038674,1,11601.390505
-0.451582,6,11601.531097
-0.678091,8,11601.702935
-0.540539,8,11601.890393
-0.796791,9,11602.109087
-0.345832,6,11602.234056
-0.310702,6,11602.390271
-0.519662,7,11602.546487
-0.465688,7,11602.733942
-0.319657,5,11602.858912
-0.0152,1,11602.874531
-0.013153,1,11602.890151
-0.607558,7,11603.046366
-0.388978,7,11603.186961
-0.634032,8,11603.374413
-0.596753,8,11603.577489
-1.842697,20,11604.046134
-0.554988,7,11604.202345
-0.517999,7,11604.358558
-0.3164,6,11604.499153
-0.578927,7,11604.655364
-0.530828,7,11604.81158
-0.808394,9,11605.014654
-0.70019,8,11605.186491
-0.040666,1,11605.217732
-0.343378,6,11605.358326
-0.049431,1,11605.389565
-0.535169,7,11605.530157
-0.340636,6,11605.686376
-0.823749,9,11605.889448
-0.31605,6,11606.03004
-0.021558,1,11606.061315
-0.739724,9,11606.279984
-0.401707,6,11606.420574
-0.049063,1,11606.436198
-0.042386,1,11606.46744
-0.284681,5,11606.592407
-0.591436,7,11606.748622
-5.83215,50,11607.982709
-0.530336,7,11608.138919
-0.500965,7,11608.326373
-0.360124,6,11608.466969
-0.611675,8,11608.670047
-0.588854,7,11608.810641
-0.399147,7,11608.998093
-0.904811,10,11609.216792
-0.555271,8,11609.38863
-0.416263,6,11609.544845
-0.703743,8,11609.747916
-0.346191,6,11609.904134
-0.438132,6,11610.044725
-0.395165,6,11610.169694
-0.357387,6,11610.34153
-0.613294,7,11610.49774
-0.453686,6,11610.638333
-0.031303,1,11610.669576
-1.011941,11,11610.950764
-0.002849,1,11610.966381
-0.556464,7,11611.106972
-0.914179,9,11611.356953
-0.027111,1,11611.388162
-0.809435,9,11611.591232
-0.502184,7,11611.747453
-0.458265,6,11611.888039
-0.526231,7,11612.059875
-0.323673,6,11612.216092
-0.280881,5,11612.309817
-0.43522,6,11612.481649
-0.89172,9,11612.669111
-0.02565,1,11612.700354
-0.436908,7,11612.856561
-0.555853,7,11613.012778
-0.046738,1,11613.044023
-0.798564,9,11613.231476
-0.03053,1,11613.262719
-0.729416,8,11613.434555
-0.672864,8,11613.637627
-0.253218,5,11613.746979
-0.903595,9,11613.950055
-0.42344,6,11614.075029
-0.37373,6,11614.21562
-0.651728,8,11614.403076
-0.685154,8,11614.590529
-0.37968,6,11614.715502
-0.472671,7,11614.887334
-1.974501,22,11615.387219
-0.73196,8,11615.574673
-0.265011,5,11615.684026
-0.934662,9,11615.918346
-0.503186,7,11616.074556
-0.527654,7,11616.246391
-0.043619,1,11616.262013
-1.079803,14,11616.699409
-0.289733,5,11616.840001
-0.043242,1,11616.886867
-0.678408,8,11617.214912
-0.503511,7,11617.40237
-0.297867,5,11617.527339
-0.441263,6,11617.65231
-0.945798,14,11617.980361
-0.282448,5,11618.136573
-0.418616,7,11618.308406
-0.684626,8,11618.480245
-0.417563,6,11618.620832
-0.533456,7,11618.792669
-0.737135,9,11618.995745
-0.035912,1,11619.026989
-0.672358,8,11619.198825
-0.568228,7,11619.370656
-0.630119,8,11619.542494
-0.027436,1,11619.573733
-0.510937,7,11619.714326
-0.433429,6,11619.88616
-0.651513,8,11620.057997
-0.526385,7,11620.214208
-0.811986,9,11620.432909
-0.61976,8,11620.667227
-0.259435,5,11620.776576
-0.274414,5,11620.901546
-0.584333,8,11621.104624
-0.042585,1,11621.151495
-0.664632,8,11621.338944
-0.043616,1,11621.354566
-0.624707,8,11621.557643
-0.033122,1,11621.604508
-0.010984,1,11621.620134
-0.686096,8,11621.791964
-0.453435,6,11621.932556
-0.631091,7,11622.104391
-0.55907,7,11622.260602
-0.030623,1,11622.276226
-0.649161,8,11622.479301
-0.401248,6,11622.651137
-0.413141,6,11622.791732
-0.047516,1,11622.807352
-0.442122,6,11622.947946
-0.699377,9,11623.244749
-0.530464,7,11623.400964
-0.405464,7,11623.557176
-0.2952,6,11623.682144
-0.742443,8,11623.853979
-0.034817,1,11623.885221
-0.475585,6,11624.025813
-0.423001,6,11624.166406
-0.366271,6,11624.322619
-1.020447,10,11624.55694
-0.413933,6,11624.681908
-0.679629,8,11624.869369
-0.902611,10,11625.103686
-0.025377,1,11625.134927
-1.470857,22,11625.634814
-0.740413,8,11625.837927
-0.597894,7,11626.009725
-0.869864,8,11626.197212
-0.635567,8,11626.369014
-0.401456,6,11626.525226
-1.414528,16,11626.900141
-0.270361,5,11627.009492
-0.038101,1,11627.05635
-0.912032,10,11627.337535
-0.247363,5,11627.478127
-0.381472,6,11627.634344
-0.48209,7,11627.790558
-0.257884,5,11627.915524
-0.349009,6,11628.087359
-0.268802,5,11628.196707
-0.52757,7,11628.368545
-0.48178,7,11628.509134
-0.655934,8,11628.712213
-0.370663,6,11628.837187
-0.045479,1,11628.852809
-0.668353,8,11629.04026
-0.922511,10,11629.290202
-0.02319,1,11629.305822
-1.261232,15,11629.649496
-0.595971,8,11629.852571
-0.655352,8,11630.040027
-0.522492,7,11630.196239
-1.019603,9,11630.414939
-0.40018,6,11630.555529
-0.028146,1,11630.586774
-0.512251,8,11630.774232
-0.543992,8,11630.961685
-0.390515,6,11631.102276
-0.282969,5,11631.227249
-0.4814,6,11631.383465
-0.570002,8,11631.570915
-1.151692,14,11631.930205
-0.040936,1,11631.961449
-0.020618,1,11631.977075
-0.028718,1,11631.992696
-0.391993,6,11632.133284
-0.555841,7,11632.289497
-0.030189,1,11632.30512
-0.771785,9,11632.539444
-0.571483,7,11632.695658
-0.690721,14,11633.008078
-0.048725,1,11633.023703
-0.033181,1,11633.039326
-0.852165,9,11633.226776
-0.026659,1,11633.25802
-0.69902,7,11633.429857
-0.383337,6,11633.539205
-0.238745,5,11633.648554
-0.36052,6,11633.820391
-0.732224,8,11634.007843
-0.65613,8,11634.179679
-0.528704,7,11634.367137
-0.790257,8,11634.585835
-0.032983,1,11634.601458
-0.28044,5,11634.726427
-0.486429,6,11634.851403
-0.500317,7,11635.02323
-0.044615,1,11635.054477
-0.720048,13,11635.335658
-0.30166,5,11635.445006
-0.571393,7,11635.648084
-0.683803,8,11635.835539
-0.039627,1,11635.866782
-0.021645,1,11635.882407
-0.655316,8,11636.06986
-0.478762,7,11636.210451
-0.258155,5,11636.335426
-0.040873,1,11636.351046
-0.771028,8,11636.554122
-0.54681,7,11636.710335
-0.569793,7,11636.882174
-0.889287,9,11637.069632
-0.365216,6,11637.241459
-0.339339,6,11637.382054
-0.044398,1,11637.413297
-0.782674,9,11637.600753
-1.030559,11,11637.850694
-0.035719,1,11637.881933
-0.571186,7,11638.03815
-0.502556,6,11638.163121
-1.193179,15,11638.50679
-0.425024,6,11638.647379
-0.378784,6,11638.772351
-0.389149,6,11638.928566
-0.498743,7,11639.116023
-0.566668,8,11639.303475
-9.644404,50,11640.42821
-0.255583,5,11640.537561
-0.006412,1,11640.568807
-0.048751,1,11640.600084
-0.370854,6,11640.740638
-0.454449,6,11640.865608
-0.519764,7,11641.037444
-0.422259,6,11641.178034
-0.714308,8,11641.349872
-0.860708,9,11641.552945
-0.307995,6,11641.709163
-0.033406,1,11641.740407
-0.043597,1,11641.756026
-0.005993,1,11641.78727
-0.030643,1,11641.818513
-0.571531,8,11642.005968
-0.649049,8,11642.177803
-1.054525,12,11642.458986
-0.209104,4,11642.583952
-0.0184,1,11642.6152
-0.027813,1,11642.646439
-0.749393,9,11642.958864
-0.048139,1,11643.005728
-0.035827,1,11643.036971
-0.537154,7,11643.25567
-0.55742,7,11643.489989
-0.042627,1,11643.536855
-1.544972,18,11644.130468
-0.337244,6,11644.333542
-0.695557,8,11644.567864
-0.593407,8,11644.755321
-0.391925,6,11644.895912
-0.34751,6,11645.036518
-0.647789,7,11645.192716
-0.348072,6,11645.333309
-0.590398,7,11645.489523
-0.36442,6,11645.630114
-0.039273,1,11645.661358
-1.394487,14,11646.02065
-0.02597,1,11646.036271
-0.379261,6,11646.192483
-0.524557,7,11646.364317
-0.593855,8,11646.567393
-0.434098,6,11646.692369
-0.537503,7,11646.848581
-0.706563,9,11647.051691
-0.574749,7,11647.207871
-0.404985,6,11647.364082
-0.040966,1,11647.395323
-0.416721,6,11647.520297
-0.043827,1,11647.567158
-0.535717,7,11647.723375
-0.447378,6,11647.832722
-0.753197,9,11648.0358
-0.570131,8,11648.254497
-0.729678,8,11648.441954
-0.043557,1,11648.457574
-0.5612,8,11648.645031
-0.453153,7,11648.832486
-0.022211,1,11648.863729
-0.249569,5,11648.973083
-0.77858,9,11649.191781
-0.044107,1,11649.2074
-0.022365,1,11649.238641
-0.024437,1,11649.269914
-0.044783,1,11649.301161
-0.588409,7,11649.45734
-0.419025,6,11649.597936
-0.80416,9,11649.801013
-0.735743,8,11649.988465
-0.71141,9,11650.191547
-0.515755,7,11650.394658
-0.387521,6,11650.535215
-0.550567,8,11650.753915
-0.397285,6,11650.878881
-0.332469,6,11651.019477
-0.30115,5,11651.128824
-0.607688,8,11651.300659
-0.564632,8,11651.503737
-0.62477,8,11651.675571
-0.494482,7,11651.816164
-0.418279,6,11651.956752
-0.025117,1,11651.987998
-0.017719,1,11652.003622
-0.02655,1,11652.034858
-0.864242,10,11652.26918
-0.565903,7,11652.472259
-0.648044,8,11652.690955
-0.441455,6,11652.815926
-0.645045,11,11653.065868
-0.772242,9,11653.315808
-0.614468,8,11653.487643
-0.49381,7,11653.64386
-0.453279,7,11653.800073
-0.557283,7,11653.987526
-0.529825,7,11654.174986
-0.287759,5,11654.299953
-0.502794,7,11654.456166
-0.664185,8,11654.659243
-0.672003,8,11654.831078
-0.480538,7,11655.018536
-0.877503,10,11655.237232
-0.842967,8,11655.440315
-0.348204,6,11655.56528
-0.355486,6,11655.705876
-0.838523,9,11655.908952
-0.89103,9,11656.112028
-0.796444,9,11656.315106
-0.266725,5,11656.408836
-0.865307,10,11656.674395
-0.369636,6,11656.830608
-0.599582,7,11656.9712
-0.339731,5,11657.080554
-0.442916,6,11657.22115
-0.557372,7,11657.377356
-0.507828,7,11657.564812
-0.531463,7,11657.767888
-0.348253,6,11657.89286
-0.530299,7,11658.064696
-3.938582,50,11659.173808
-0.61081,8,11659.376885
-0.048034,1,11659.392508
-0.031146,1,11659.42375
-0.047472,1,11659.454992
-1.01809,10,11659.689315
-0.685113,8,11659.876769
-0.372015,6,11660.032986
-0.360483,6,11660.189193
-0.277197,5,11660.329787
-0.404775,7,11660.485999
-0.499178,6,11660.642212
-0.048517,1,11660.657834
-0.330453,6,11660.798429
-6.128904,50,11662.001274
-0.498505,7,11662.18873
-0.730811,8,11662.360564
-0.540635,7,11662.516772
-0.729927,8,11662.704232
-0.044652,1,11662.751092
-0.400861,7,11662.907341
-0.599362,8,11663.141685
-0.038993,1,11663.172873
-0.882637,10,11663.438469
-0.043745,1,11663.454054
-0.281822,5,11663.563401
-0.571773,7,11663.71962
-0.025547,1,11663.750858
-0.038649,1,11663.782133
-0.390785,6,11663.938313
-0.499043,7,11664.094534
-0.902509,9,11664.313227
-0.6263,7,11664.500681
-0.633783,7,11664.656896
-0.897874,11,11664.93808
-0.706129,9,11665.156781
-0.56076,7,11665.312996
-0.447183,7,11665.469204
-0.327491,6,11665.594176
-0.20154,4,11665.703524
-0.438993,6,11665.859738
-0.378105,6,11665.984708
-0.670571,8,11666.156547
-0.383392,6,11666.312759
-0.030463,1,11666.328378
-0.683469,7,11666.484595
-0.945037,9,11666.687669
-0.939963,11,11666.984479
-0.24906,5,11667.093823
-0.329694,6,11667.218796
-3.054173,35,11667.999859
-0.261477,5,11668.10921
-0.445856,6,11668.249804
-0.426023,6,11668.390393
-0.77876,9,11668.577852
-0.344005,6,11668.734065
-0.383917,6,11668.874659
-0.405532,6,11669.015251
-0.58281,8,11669.187084
-1.330585,19,11669.655721
-0.429546,7,11669.811935
-5.623538,50,11670.921087
-0.024162,1,11670.936671
-0.557743,7,11671.108538
-0.032212,1,11671.139748
-0.325209,6,11671.264721
-0.036435,1,11671.295964
-0.358703,6,11671.436558
-0.258582,5,11671.5459
-0.025849,1,11671.561522
-0.94684,10,11671.827091
-0.463567,6,11671.952057
-0.287488,5,11672.061411
-0.270649,5,11672.170758
-0.612832,8,11672.373837
-0.252881,5,11672.498802
-0.600198,8,11672.701884
-0.440882,6,11672.842472
-0.508962,7,11672.998686
-0.010675,1,11673.014306
-0.654075,8,11673.186142
-0.388341,6,11673.326733
-3.850565,50,11674.529576
-0.613805,8,11674.717032
-0.356315,6,11674.85763
-0.811195,10,11675.060704
-0.049936,1,11675.091944
-0.431953,6,11675.248158
-0.545295,8,11675.435613
-0.721376,8,11675.607451
-0.04379,1,11675.623071
-0.015078,1,11675.669932
-0.049996,1,11675.70118
-0.328076,6,11675.841767
-0.977497,10,11676.076089
-0.029982,1,11676.107329
-0.618094,7,11676.263547
-0.601261,7,11676.435383
-0.04466,1,11676.46662
-0.485637,7,11676.638456
-0.032412,1,11676.654078
-0.024239,1,11676.669698
-0.571067,7,11676.841537
-0.332308,5,11676.966503
-0.565761,7,11677.153964
-0.779567,8,11677.325797
-0.4529,6,11677.450768
-0.751305,8,11677.685117
-0.567031,8,11677.856924
-0.703108,8,11678.028754
-0.665326,8,11678.216214
-0.031983,1,11678.247453
-0.314696,5,11678.372427
-0.740574,9,11678.5755
-1.5536,15,11678.903548
-0.808978,9,11679.15349
-0.687841,8,11679.32533
-0.728123,8,11679.528443
-0.007598,1,11679.559697
-0.671125,7,11679.73148
-0.606842,7,11679.903316
-0.576321,7,11680.075153
-0.460441,6,11680.215741
-0.52063,7,11680.465684
-0.617305,7,11680.621899
-0.031469,1,11680.653138
-8.791126,50,11681.855982
-0.045892,1,11681.902891
-1.514195,17,11682.277757
-0.655587,8,11682.465216
-0.019094,1,11682.496493
-0.499777,7,11682.68391
-0.634894,7,11682.840127
-0.723056,9,11683.043205
-2.186151,30,11683.777405
-0.535827,7,11683.964861
-0.334192,6,11684.121077
-0.029957,1,11684.136698
-0.709116,8,11684.308533
-0.031233,1,11684.33977
-0.499063,7,11684.527228
-0.896528,9,11684.808414
-0.401978,6,11684.949005
-0.768205,8,11685.136463
-0.689627,8,11685.308295
-0.902104,11,11685.573858
-0.288192,5,11685.698827
-0.447667,6,11685.839421
-0.537703,7,11685.995632
-0.479939,7,11686.15185
-0.730892,9,11686.370546
-0.411043,6,11686.52676
-3.885049,50,11687.682739
-0.580746,8,11687.870196
-0.861878,10,11688.104515
-0.492507,7,11688.276351
-0.80056,9,11688.479424
-0.555869,7,11688.635641
-0.81666,8,11688.823098
-0.831309,8,11689.041793
-0.034404,1,11689.073035
-0.282279,5,11689.198007
-0.55844,8,11689.369847
-0.303038,5,11689.494814
-0.250014,5,11689.588543
-0.511012,7,11689.775999
-0.357609,6,11689.916587
-0.364183,6,11690.057185
-0.557795,8,11690.229017
-0.504145,7,11690.416469
-1.42343,13,11690.744556
-0.031144,1,11690.791382
-0.015195,1,11690.822624
-0.409412,6,11690.931976
-0.792388,9,11691.135055
-0.02612,1,11691.166294
-0.015938,1,11691.197535
-0.675387,8,11691.400613
-0.74148,9,11691.619311
-0.389168,5,11691.728666
-0.849457,9,11691.931743
-0.723057,9,11692.166059
-3.236896,31,11692.86902
-0.389809,6,11693.009611
-0.356284,6,11693.150201
-0.780828,9,11693.368903
-0.333009,6,11693.52512
-0.537919,7,11693.696949
-0.358129,6,11693.82192
-0.583373,7,11694.009376
-0.661792,8,11694.181214
-0.032937,1,11694.228075
-0.043443,1,11694.243695
-0.299596,5,11694.368671
-0.039606,1,11694.384292
-0.319105,6,11694.52488
-0.341874,6,11694.649855
-0.046984,1,11694.681097
-0.68458,9,11694.899796
-4.195647,50,11696.133878
-0.049482,1,11696.16512
-0.556731,7,11696.321336
-0.049777,1,11696.336957
-0.421608,6,11696.493167
-0.452595,7,11696.633761
-0.046667,1,11696.665001
-0.587212,7,11696.821219
-0.606738,7,11696.977428
-0.248457,5,11697.08678
-0.582098,7,11697.242992
-0.730107,9,11697.446068
-0.636367,8,11697.649153
-0.589892,8,11697.852226
-0.721524,8,11698.024061
-0.832939,9,11698.211515
-0.638886,8,11698.461459
-0.803738,9,11698.64891
-0.571937,7,11698.80513
-0.036337,1,11698.82075
-0.805728,9,11699.023829
-0.551113,7,11699.164418
-0.035183,1,11699.195662
-0.030073,1,11699.211283
-0.537715,6,11699.351875
-1.078346,12,11699.633054
-0.296184,5,11699.758028
-0.490172,7,11699.914239
-0.803089,8,11700.117348
-0.667263,9,11700.320393
-0.907676,9,11700.50785
-0.570884,7,11700.664067
-0.341895,6,11700.820277
-0.571709,7,11700.992111
-0.533996,8,11701.195186
-0.635612,8,11701.382643
-0.358942,6,11701.570099
-0.837802,8,11701.741934
-0.042971,1,11701.757555
-0.399793,7,11701.913773
-0.298126,6,11702.069983
-0.357634,6,11702.210576
-0.039809,1,11702.226197
-0.030078,1,11702.257439
-0.687609,8,11702.46052
-0.306694,6,11702.601108
-0.380092,6,11702.757322
-3.772199,50,11703.897676
-0.735504,8,11704.116381
-0.04087,1,11704.132002
-0.042888,1,11704.147624
-0.666714,8,11704.350696
-0.012304,1,11704.38194
-0.606824,8,11704.569396
-0.026594,1,11704.585019
-0.351879,6,11704.725611
-0.779545,9,11704.944307
-0.826567,9,11705.163007
-0.036696,1,11705.194249
-0.73639,8,11705.397331
-0.832328,10,11705.631646
-0.423949,6,11705.772237
-0.484716,7,11705.944077
-0.741606,9,11706.178393
-0.706623,8,11706.381474
-0.512709,7,11706.537684
-0.464091,7,11706.693928
-0.675258,8,11706.865731
-0.577329,7,11707.037571
-0.298629,6,11707.16254
-0.321028,6,11707.303136
-0.63149,7,11707.459341
-0.375571,6,11707.599937
-0.588861,7,11707.771768
-2.344654,27,11708.380999
-0.785026,8,11708.537213
-0.728811,8,11708.72467
-0.263432,5,11708.834022
-0.615708,7,11708.990235
-1.246535,13,11709.302659
-0.641078,7,11709.474492
-0.746628,8,11709.661961
-0.4414,7,11709.833822
-0.608484,8,11710.00562
-0.376828,6,11710.161832
-0.243853,5,11710.271187
-0.27031,5,11710.396155
-0.714987,8,11710.56799
-0.657168,8,11710.786685
-0.356464,6,11710.911656
-0.649488,8,11711.083494
-0.481367,6,11711.208461
-0.292534,6,11711.349056
-0.519783,7,11711.48965
-0.482235,6,11711.614615
-0.365155,6,11711.755208
-0.901804,9,11711.973907
-0.662455,8,11712.145744
-0.471627,6,11712.270715
-0.413443,7,11712.426927
-0.516182,7,11712.614384
-0.304265,5,11712.708113
-0.396389,6,11712.848706
-0.667933,8,11713.020534
-0.916954,9,11713.239238
-0.515501,7,11713.395447
-0.04623,1,11713.411073
-3.817624,50,11714.582672
-0.32542,5,11714.70764
-0.841125,8,11714.910716
-0.436355,6,11715.06693
-0.045967,1,11715.082551
-0.043119,1,11715.113795
-0.801011,9,11715.332493
-0.352573,6,11715.457467
-0.496818,7,11715.59806
-0.514364,7,11715.785511
-0.301842,5,11715.89486
-0.01962,1,11715.926103
-0.690029,8,11716.082321
-0.695141,8,11716.269787
-0.845437,10,11716.488473
-0.486961,7,11716.660304
-0.527719,8,11716.83214
-0.025784,1,11716.879008
-0.281596,5,11716.988357
-0.592632,7,11717.144566
-0.480842,7,11717.30078
-0.04592,1,11717.347645
-0.506826,7,11717.488235
-0.630199,8,11717.660074
-0.633002,8,11717.831909
-0.59333,7,11718.034983
-0.043576,1,11718.066226
-0.03646,1,11718.081851
-0.675614,8,11718.284924
-0.43311,7,11718.44114
-0.754698,9,11718.644214
-0.554045,7,11718.816052
-0.023564,1,11718.831673
-0.587535,8,11719.034747
-0.580967,8,11719.222205
-0.032622,1,11719.253445
-0.269999,5,11719.378418
-0.348335,6,11719.519012
-0.314648,5,11719.643979
-0.625005,8,11719.831439
-0.953123,9,11720.065755
-0.353019,6,11720.206347
-0.987522,9,11720.425052
-0.695328,8,11720.612506
-0.261509,5,11720.737473
-0.724737,10,11721.003036
-0.265062,5,11721.112417
-0.552361,7,11721.268598
-0.01295,1,11721.28422
-0.432404,6,11721.456055
-0.037497,1,11721.487299
-0.69343,9,11721.690374
-0.58784,8,11721.862209
-0.598846,8,11722.049669
-0.580782,7,11722.221505
-0.768657,8,11722.455819
-0.041116,1,11722.487063
-0.645108,7,11722.70576
-0.752085,8,11722.908839
-0.595536,10,11723.190022
-0.34691,5,11723.361855
-0.383718,6,11723.533697
-0.585982,8,11723.705525
-0.041733,1,11723.721148
-0.475482,7,11723.87736
-0.446161,7,11724.09606
-0.834294,10,11724.346
-0.456653,6,11724.470971
-0.265157,5,11724.627184
-0.346431,6,11724.76783
-0.586717,7,11724.955235
-0.45832,7,11725.127071
-0.552005,7,11725.2989
-0.511697,7,11725.486359
-0.252516,5,11725.611327
-0.532969,7,11725.751924
-0.514226,7,11725.892514
-0.012706,1,11725.923757
-0.720672,8,11726.111213
-0.565535,7,11726.283046
-0.695893,7,11726.439262
-0.443643,6,11726.595472
-0.454679,7,11726.767308
-0.364882,6,11726.87666
-0.56693,8,11727.064112
-0.306789,5,11727.173465
-0.629851,7,11727.345299
-0.919096,12,11727.626483
-0.316819,5,11727.751451
-0.254185,5,11727.892045
-0.033509,1,11727.923288
-0.02729,1,11727.93891
-0.311174,6,11728.079501
-0.352346,5,11728.204473
-0.327067,5,11728.313821
-0.725179,8,11728.501278
-0.754165,9,11728.68873
-0.04896,1,11728.719972
-0.455117,6,11728.860565
-0.534725,7,11729.032434
-0.563988,7,11729.204238
-0.749428,8,11729.391694
-0.788958,9,11729.610389
-0.670366,8,11729.797848
-0.259053,5,11729.891577
-0.756683,9,11730.110281
-0.475808,6,11730.266488
-0.733846,9,11730.485184
-1.429496,18,11730.938202
-0.386059,6,11731.09442
-0.506273,7,11731.250633
-0.489766,7,11731.422465
-0.488448,7,11731.625543
-0.908778,9,11731.906726
-0.048483,1,11731.953588
-0.584271,7,11732.156666
-0.048297,1,11732.187911
-0.027227,1,11732.219151
-0.043704,1,11732.250397
-1.115454,11,11732.578444
-0.527218,7,11732.7659
-0.441947,6,11732.953354
-0.804169,10,11733.203295
-0.025769,1,11733.234537
-0.751355,8,11733.453238
-0.782019,8,11733.687556
-0.564638,7,11733.906258
-0.043931,1,11733.9375
-0.526511,7,11734.109338
-0.045717,1,11734.14062
-0.578928,7,11734.328035
-0.033841,1,11734.359274
-0.241021,5,11734.484245
-0.027664,1,11734.515501
-0.524199,7,11734.671704
-0.276588,5,11734.781053
-0.268554,5,11734.906021
-0.043497,1,11734.952884
-0.247245,5,11735.062233
-1.307768,18,11735.468392
-0.800293,8,11735.655848
-0.034386,1,11735.687092
-0.011946,1,11735.718393
-0.283851,5,11735.827678
-1.002981,10,11736.077623
-0.047449,1,11736.124495
-0.413497,6,11736.280703
-3.195939,50,11737.467919
-0.619827,8,11737.670995
-0.52086,7,11737.842831
-0.345899,6,11737.983423
-3.761691,50,11739.155023
-0.293845,5,11739.264373
-0.453227,6,11739.420617
-0.439278,7,11739.561182
-0.018279,1,11739.608043
-0.382541,6,11739.733012
-0.323947,6,11739.904847
-31.369131,50,11740.998339
-0.041534,1,11741.013961
-0.557854,7,11741.170177
-1.057661,11,11741.45136
-0.005085,1,11741.46698
-0.447176,6,11741.623194
-0.0452,1,11741.654438
-0.491408,7,11741.826269
-0.768874,9,11742.029347
-0.395219,6,11742.154316
-0.017964,1,11742.169939
-0.330741,5,11742.294945
-0.004389,1,11742.326186
-1.921148,20,11742.763556
-0.043702,1,11742.779177
-0.606125,8,11742.997909
-0.458622,7,11743.169704
-0.400079,6,11743.310296
-0.019335,1,11743.325916
-0.038044,1,11743.35716
-0.273454,5,11743.482132
-0.022503,1,11743.513376
-0.696962,8,11743.685209
-0.351921,6,11743.8258
-0.952801,10,11744.091362
-0.775648,8,11744.2632
-0.679868,8,11744.466277
-0.376105,6,11744.622489
-0.506924,7,11744.778704
-0.572021,7,11744.934918
-0.339321,6,11745.075507
-0.048441,1,11745.106749
-0.520113,7,11745.278587
-0.517765,7,11745.434802
-0.962496,10,11745.637878
-0.940897,11,11745.887818
-0.047256,1,11745.919075
-0.389838,7,11746.07527
-0.798723,9,11746.262731
-0.564271,7,11746.450185
-0.493345,7,11746.622017
-0.257536,5,11746.746992
-0.238413,5,11746.87196
-0.25598,5,11747.028187
-0.331549,6,11747.168763
-0.390976,6,11747.309357
-0.460221,7,11747.481192
-0.79518,8,11747.69989
-0.409172,6,11747.840481
-0.391841,6,11747.981074
-1.073654,10,11748.215398
-0.503138,7,11748.387232
-0.631808,7,11748.590306
-0.003944,1,11748.621549
-0.649307,7,11748.809005
-0.349341,6,11748.980839
-0.009209,1,11748.996462
-0.55184,7,11749.152676
-0.441783,7,11749.308891
-0.015145,1,11749.324508
-0.029752,1,11749.355751
-0.301253,6,11749.511965
-0.380519,6,11749.668177
-0.527444,6,11749.808771
-0.56387,8,11749.980609
-0.72737,8,11750.136822
-0.308532,6,11750.277409
-0.324141,5,11750.418003
-0.363427,6,11750.558595
-0.269859,5,11750.667943
-0.464119,7,11750.824161
-0.398068,6,11750.964754
-0.871461,9,11751.19907
-0.376234,6,11751.355282
-0.669514,8,11751.57398
-0.915492,9,11751.792678
-0.049076,1,11751.808301
-0.524619,7,11751.964514
-0.332386,6,11752.120728
-0.439442,7,11752.292576
-1.441258,20,11752.745584
-0.736592,8,11752.917416
-0.75296,8,11753.104871
-0.445665,7,11753.261087
-0.321623,5,11753.38606
-0.887813,10,11753.604757
-0.043348,1,11753.620378
-0.482919,6,11753.776589
-0.029623,1,11753.807831
-0.622255,8,11753.995288
-0.310006,6,11754.120261
-0.473876,6,11754.260854
-0.738607,8,11754.448317
-0.401448,7,11754.604522
-0.2756,5,11754.745111
-1.374641,20,11755.260619
-0.479862,6,11755.401206
-0.288264,5,11755.510559
-0.020022,1,11755.541802
-0.829982,8,11755.729254
-0.515336,7,11755.869846
-1.538086,21,11756.307247
-0.033524,1,11756.338488
-5.489516,50,11757.478847
-0.243218,5,11757.588193
-0.814178,9,11757.806895
-0.364388,6,11757.947486
-0.025561,1,11757.978725
-0.58024,7,11758.119322
-0.647994,7,11758.259914
-1.088789,13,11758.541095
-0.020086,1,11758.572336
-0.605673,8,11758.759797
-0.37891,6,11758.884763
-0.033207,1,11758.916015
-0.495964,7,11759.072222
-0.042852,1,11759.103461
-0.611497,8,11759.259684
-0.246324,5,11759.400267
-0.627117,8,11759.603344
-0.393699,6,11759.743935
-0.381411,6,11759.868913
-0.01357,1,11759.900152
-0.446864,6,11760.025121
-0.347069,6,11760.165715
-0.766356,8,11760.368826
-0.954259,10,11760.603114
-4.193896,50,11761.665364
-0.465,7,11761.837199
-0.250741,5,11761.946548
-0.045341,1,11761.977787
-0.703279,8,11762.196489
-0.045976,1,11762.212111
-0.345825,6,11762.352702
-0.036166,1,11762.383944
-0.563748,7,11762.540156
-0.04664,1,11762.571397
-1.460825,14,11762.883825
-0.794241,9,11763.086902
-0.715635,9,11763.321221
-0.049887,1,11763.336845
-0.460984,7,11763.477434
-0.030386,1,11763.508679
-0.715151,8,11763.696136
-4.614237,38,11764.570928
-0.486128,7,11764.727145
-0.356194,6,11764.867737
-0.261043,5,11764.992704
-0.360817,6,11765.133295
-0.383268,6,11765.258267
-0.49008,7,11765.4301
-0.617403,8,11765.601936
-1.285349,13,11765.883119
-0.019452,1,11765.898741
-3.141639,50,11767.039098
-0.030589,1,11767.070345
-0.323872,6,11767.226553
-0.647322,8,11767.414011
-0.625669,8,11767.570226
-0.597432,8,11767.7733
-0.531131,7,11767.929517
-0.853163,9,11768.132594
-0.777403,8,11768.288806
-0.04895,1,11768.335674
-0.523577,8,11768.523128
-0.734946,9,11768.741823
-0.035925,1,11768.757446
-0.035341,1,11768.804308
-0.472728,6,11768.9449
-0.033649,1,11768.960521
-0.27386,5,11769.085492
-0.663209,8,11769.272955
-0.486618,7,11769.444788
-0.469789,7,11769.601
-0.253679,5,11769.710345
-0.033935,1,11769.757217
-0.592859,8,11769.944679
-0.436359,7,11770.100878
-0.527776,7,11770.241471
-9.504247,50,11771.397448
-0.615477,7,11771.569284
-0.25412,5,11771.663012
-0.256135,5,11771.787982
-0.022417,1,11771.819226
-0.426037,6,11771.959817
-0.464879,7,11772.147274
-0.34002,6,11772.272244
-0.655086,8,11772.47532
-0.045632,1,11772.506567
-0.713335,8,11772.678404
-0.589637,7,11772.834612
-0.836821,9,11773.05331
-1.274015,18,11773.475087
-0.384449,6,11773.615682
-0.3435,6,11773.75627
-0.034891,1,11773.787511
-0.019159,1,11773.818755
-0.509838,8,11774.006211
-0.7589,9,11774.20929
-0.454182,6,11774.349881
-0.625479,8,11774.537337
-0.887514,9,11774.740414
-0.363309,6,11774.881007
-0.995394,9,11775.130948
-0.014316,1,11775.162191
-0.021314,1,11775.177812
-0.023088,1,11775.209054
-0.586712,7,11775.365272
-0.536223,7,11775.552723
-0.35506,6,11775.677695
-0.049241,1,11775.708936
-0.44324,6,11775.865149
-0.042137,1,11775.880773
-0.56651,7,11776.036985
-1.099493,13,11776.349416
-0.511195,7,11776.505625
-0.748605,8,11776.69308
-2.135321,25,11777.302317
-0.291294,5,11777.411665
-0.257237,5,11777.552254
-0.25611,5,11777.677225
-0.684354,8,11777.880302
-0.629659,7,11778.020899
-0.373473,6,11778.177108
-0.046385,1,11778.20835
-0.722999,8,11778.395807
-0.028973,1,11778.427051
-0.53976,7,11778.583262
-0.614144,8,11778.77077
-0.719728,9,11778.958173
-6.24955,50,11780.129773
-0.038928,1,11780.161018
-0.046942,1,11780.192259
-0.045714,1,11780.20788
-0.247715,5,11780.317229
-0.653746,8,11780.53593
-0.883449,10,11780.77025
-0.728006,9,11780.973325
-0.63089,8,11781.176403
-0.81736,8,11781.379479
-0.812132,8,11781.551315
-0.038883,1,11781.566938
-0.037129,1,11781.598183
-0.383156,6,11781.754393
-0.01795,1,11781.770014
-0.306819,6,11781.926229
-0.044673,1,11781.941853
-0.346316,6,11782.113682
-0.259565,5,11782.269895
-0.313699,6,11782.457357
-0.344763,5,11782.597943
-0.025892,1,11782.644808
-0.021859,1,11782.66045
-0.766647,9,11782.91037
-0.785706,8,11783.097829
-0.390824,6,11783.238421
-0.044339,1,11783.26966
-4.112177,50,11784.363154
-0.456792,6,11784.519367
-0.842421,10,11784.800551
-0.581118,8,11784.956768
-0.67795,8,11785.159842
-0.234471,5,11785.269194
-0.295423,5,11785.378544
-0.454974,6,11785.503515
-0.333005,6,11785.675345
-0.489886,6,11785.83156
-0.707639,10,11786.05026
-0.718429,8,11786.268971
-0.480782,7,11786.440792
-0.605745,8,11786.612626
-0.024339,1,11786.659491
-0.472482,6,11786.784463
-1.284404,13,11787.11251
-0.258451,5,11787.221858
-0.042416,1,11787.26872
-0.241004,5,11787.393692
-0.721843,8,11787.565531
-0.350863,6,11787.706123
-0.297231,5,11787.815468
-0.482921,7,11787.971681
-0.952881,9,11788.19038
-0.429325,6,11788.330972
-0.444902,7,11788.518428
-0.539305,7,11788.674641
-0.467657,7,11788.846477
-0.511213,7,11788.987072
-0.54964,7,11789.158902
-0.394202,7,11789.36198
-0.481667,7,11789.533814
-0.550454,7,11789.69003
-0.499842,7,11789.846244
-0.042062,1,11789.877484
-0.046781,1,11789.893104
-0.429032,6,11790.033697
-0.029305,1,11790.064939
-0.391203,6,11790.221154
-0.046377,1,11790.236777
-0.270507,5,11790.377367
-0.878493,8,11790.580445
-0.568224,7,11790.736661
-0.040348,1,11790.752285
-0.738551,8,11790.939733
-0.585452,7,11791.09595
-0.32075,6,11791.236539
-0.441833,6,11791.377131
-0.629301,8,11791.580208
-0.365338,6,11791.73642
-0.268984,5,11791.845774
-0.046642,1,11791.877019
-0.566437,7,11792.033229
-3.399828,50,11793.236069
-0.045697,1,11793.251691
-0.400992,6,11793.407905
-0.291341,5,11793.517256
-0.372225,6,11793.673466
-1.542374,22,11794.188976
-0.65296,8,11794.360805
-0.942552,9,11794.563888
-0.047338,1,11794.595134
-0.594183,7,11794.751339
-0.362149,6,11794.876309
-0.386847,6,11795.001281
-0.653438,8,11795.204358
-0.550733,8,11795.407435
-0.287955,5,11795.501166
-0.316124,6,11795.641756
-0.250669,5,11795.782347
-0.558768,7,11795.954181
-0.325873,6,11796.079156
-0.910435,11,11796.313473
-0.584934,7,11796.485307
-0.765821,9,11796.672766
-0.445543,6,11796.813361
-1.009138,12,11797.078916
-1.187914,15,11797.438214
-0.568533,8,11797.594425
-1.08364,10,11797.844361
-0.02123,1,11797.859984
-0.382189,6,11798.031818
-0.526421,7,11798.203653
-0.3841,6,11798.37549
-0.900814,11,11798.625429
-0.693556,10,11798.87537
-0.581286,7,11799.031585
-0.443104,6,11799.156558
-0.298598,5,11799.281526
-0.406598,6,11799.453393
-0.010912,1,11799.484601
-0.434435,6,11799.640816
-0.478592,7,11799.812653
-0.736628,8,11800.015727
-0.300188,5,11800.125079
-0.735271,9,11800.359395
-0.861744,9,11800.609341
-0.667078,8,11800.843661
-0.259155,5,11800.96863
-0.042925,1,11800.984254
-0.04669,1,11801.015498
-0.507406,7,11801.18733
-0.784708,9,11801.390405
-0.380711,6,11801.562239
-1.162279,13,11801.859043
-0.017333,1,11801.89029
-0.793201,8,11802.093365
-0.046704,1,11802.108985
-0.966847,10,11802.358927
-0.023034,1,11802.390173
-0.34182,6,11802.51514
-0.032543,1,11802.530761
-0.519985,7,11802.671357
-0.406474,6,11802.827567
-0.544256,7,11802.968159
-0.610754,9,11803.18686
-0.266426,5,11803.296211
-0.442951,6,11803.468044
-0.723992,8,11803.63988
-0.037566,1,11803.655503
-0.57113,7,11803.842953
-0.540778,7,11804.046032
-0.421361,6,11804.171001
-0.50273,7,11804.311597
-0.614469,8,11804.483433
-0.840306,10,11804.73337
-0.864856,9,11804.936452
-0.517475,7,11805.139527
-0.536956,8,11805.32698
-0.492637,7,11805.498818
-0.767904,8,11805.670649
-1.132587,13,11805.967455
-0.766308,8,11806.154912
-0.213119,4,11806.264262
-0.250438,5,11806.357991
-0.469439,6,11806.498581
-0.384159,6,11806.654792
-0.020498,1,11806.686038
-0.75571,9,11806.920356
-0.04966,1,11806.935978
-0.038963,1,11806.967223
-0.594239,7,11807.154676
-0.423915,6,11807.279646
-0.307903,6,11807.420238
-0.543407,7,11807.607701
-1.158526,11,11807.904501
-0.613936,8,11808.076339
-0.644093,8,11808.248169
-0.628143,8,11808.435624
-1.274237,18,11808.873021
-0.200633,4,11808.982372
-0.427629,6,11809.154208
-0.50831,7,11809.294801
-0.381841,6,11809.466633
-0.030987,1,11809.48226
-0.244406,5,11809.622845
-0.553095,7,11809.794684
-0.304685,6,11809.982136
-0.047074,1,11809.997759
-0.736715,9,11810.216456
-0.502145,7,11810.388295
-1.199273,15,11810.747588
-0.030052,1,11810.763204
-0.538278,8,11810.966285
-0.805688,9,11811.169359
-0.613705,7,11811.356814
-0.25364,5,11811.466168
-0.01952,1,11811.497406
-0.017885,1,11811.528652
-0.046801,1,11811.559897
-0.446654,7,11811.731725
-0.669597,8,11811.90356
-0.519089,8,11812.09102
-0.279153,5,11812.200364
-0.751808,10,11812.434687
-0.423065,6,11812.55966
-0.365063,6,11812.700247
-0.436555,7,11812.887707
-0.386583,6,11813.012678
-0.33456,6,11813.137651
-1.094576,11,11813.40324
-0.582194,8,11813.606285
-0.271842,5,11813.715635
-0.81441,8,11813.871851
-0.613246,7,11814.028066
-0.458195,7,11814.215517
-0.040269,1,11814.24676
-0.034326,1,11814.262385
-0.570326,7,11814.418599
-0.504499,7,11814.574809
-0.717451,8,11814.762268
-0.331769,6,11814.902855
-0.605598,8,11815.074696
-0.233849,5,11815.215284
-0.030755,1,11815.230908
-0.698755,8,11815.402738
-0.881268,9,11815.605814
-0.539515,7,11815.77765
-0.418074,6,11815.949485
-1.45264,23,11816.449368
-0.268791,5,11816.558717
-0.65168,8,11816.746173
-0.018771,1,11816.777415
-0.7903,9,11816.964871
-0.614311,8,11817.167984
-0.55217,8,11817.371029
-0.398071,6,11817.527242
-0.244548,5,11817.636588
-0.33233,6,11817.761559
-0.835587,9,11817.964637
-0.034553,1,11817.99588
-0.765843,9,11818.21458
-0.860179,8,11818.417659
